alpha,entry_latency_ms,exit_horizon_ms,total_pnl,selected,observed,fills,pnl_per_selected,pnl_per_observed,pnl_per_fill,hit_rate,max_drawdown
baseline_continuation,5,500,-19.432570399999996,764,176,166,-0.02543530157068062,-0.11041233181818179,-0.11706367710843371,0.18674698795180722,19.458720399999997
baseline_continuation,5,750,-18.345585999999997,764,176,166,-0.024012547120418844,-0.10423628409090907,-0.110515578313253,0.21084337349397592,18.371736
baseline_continuation,5,1000,-16.728835999999998,764,176,166,-0.021896382198952877,-0.09505020454545453,-0.1007761204819277,0.21084337349397592,16.728835999999998
baseline_continuation,5,1500,-13.4713,764,174,164,-0.01763259162303665,-0.07742126436781609,-0.0821420731707317,0.23780487804878048,13.4713
baseline_continuation,5,2000,-12.4972,764,169,159,-0.016357591623036648,-0.07394792899408284,-0.07859874213836478,0.2138364779874214,12.4976
baseline_continuation,5,3000,-21.607039999999994,764,163,153,-0.02828146596858638,-0.13255852760736192,-0.14122248366013068,0.24836601307189543,22.083289999999995
baseline_continuation,5,4000,-17.0126,764,159,149,-0.02226780104712042,-0.10699748427672956,-0.11417852348993288,0.28859060402684567,17.38295
baseline_continuation,5,5000,-14.973599999999994,764,154,144,-0.019598952879581143,-0.0972311688311688,-0.10398333333333329,0.2847222222222222,15.621099999999995
baseline_continuation,5,7500,-4.275749999999999,764,143,133,-0.0055965314136125635,-0.029900349650349642,-0.032148496240601496,0.38345864661654133,11.028899999999998
baseline_continuation,5,10000,-8.20135,764,139,129,-0.010734751308900524,-0.059002517985611506,-0.06357635658914729,0.4108527131782946,11.10865
baseline_continuation,10,500,-17.098350000000003,764,176,160,-0.022380039267015713,-0.09714971590909093,-0.10686468750000003,0.1875,17.124500000000005
baseline_continuation,10,750,-17.249436000000003,764,176,160,-0.02257779581151833,-0.09800815909090911,-0.10780897500000002,0.20625,17.275586000000004
baseline_continuation,10,1000,-15.433786000000001,764,176,160,-0.02020129057591623,-0.08769196590909091,-0.0964611625,0.20625,15.433786000000001
baseline_continuation,10,1500,-11.720600000000005,764,174,158,-0.015341099476439796,-0.06735977011494255,-0.07418101265822788,0.22784810126582278,11.720600000000005
baseline_continuation,10,2000,-10.343399999999999,764,170,154,-0.013538481675392669,-0.0608435294117647,-0.06716493506493505,0.22077922077922077,10.3438
baseline_continuation,10,3000,-20.921839999999992,764,165,149,-0.027384607329842922,-0.12679903030303025,-0.14041503355704693,0.2483221476510067,21.398089999999993
baseline_continuation,10,4000,-15.935499999999998,764,161,145,-0.020857984293193715,-0.0989782608695652,-0.10989999999999998,0.2896551724137931,16.30585
baseline_continuation,10,5000,-14.050049999999992,764,156,140,-0.018390117801047108,-0.09006442307692303,-0.10035749999999995,0.2785714285714286,14.601049999999994
baseline_continuation,10,7500,-3.5340500000000006,764,146,130,-0.004625719895287959,-0.024205821917808224,-0.027185000000000004,0.38461538461538464,11.0289
baseline_continuation,10,10000,-8.212299999999999,764,142,126,-0.010749083769633506,-0.05783309859154929,-0.06517698412698412,0.40476190476190477,11.10865
baseline_continuation,25,500,-19.905549999999998,764,176,151,-0.026054384816753925,-0.1130997159090909,-0.1318248344370861,0.13245033112582782,19.9317
baseline_continuation,25,750,-19.626585999999996,764,176,151,-0.02568924869109947,-0.11151469318181816,-0.1299773907284768,0.17218543046357615,19.652735999999997
baseline_continuation,25,1000,-18.312686,764,176,151,-0.023969484293193715,-0.10404935227272727,-0.12127606622516555,0.17218543046357615,18.312686
baseline_continuation,25,1500,-14.50225,764,176,151,-0.018982002617801048,-0.08239914772727273,-0.09604139072847682,0.2119205298013245,14.50225
baseline_continuation,25,2000,-12.495750000000001,764,175,150,-0.01635569371727749,-0.07140428571428573,-0.083305,0.22,12.506300000000001
baseline_continuation,25,3000,-19.774199999999993,764,170,145,-0.025882460732984284,-0.11631882352941172,-0.13637379310344824,0.25517241379310346,20.250449999999994
baseline_continuation,25,4000,-17.01105,764,168,143,-0.0222657722513089,-0.10125625,-0.11895839160839161,0.2727272727272727,17.381400000000003
baseline_continuation,25,5000,-15.154199999999992,764,163,138,-0.019835340314136116,-0.09297055214723922,-0.10981304347826082,0.2753623188405797,15.630449999999994
baseline_continuation,25,7500,-4.8001499999999995,764,153,128,-0.006282918848167539,-0.0313735294117647,-0.037501171874999996,0.3828125,10.486799999999997
baseline_continuation,25,10000,-9.329099999999997,764,149,124,-0.012210863874345546,-0.06261140939597314,-0.07523467741935481,0.3951612903225806,10.982249999999997
baseline_continuation,50,500,-20.4135,764,178,140,-0.026719240837696334,-0.11468258426966292,-0.14581071428571427,0.1,20.4135
baseline_continuation,50,750,-20.519935999999994,764,178,140,-0.02685855497382198,-0.11528053932584266,-0.1465709714285714,0.12142857142857143,20.519935999999994
baseline_continuation,50,1000,-19.161585999999996,764,178,140,-0.025080609947643974,-0.10764935955056178,-0.1368684714285714,0.12857142857142856,19.161585999999996
baseline_continuation,50,1500,-14.938949999999998,764,178,140,-0.01955359947643979,-0.08392668539325841,-0.1067067857142857,0.19285714285714287,14.938949999999998
baseline_continuation,50,2000,-12.534000000000002,764,177,139,-0.01640575916230367,-0.07081355932203391,-0.09017266187050361,0.19424460431654678,12.534000000000002
baseline_continuation,50,3000,-19.12184999999999,764,173,135,-0.02502859947643978,-0.11053092485549128,-0.14164333333333326,0.22962962962962963,19.313249999999993
baseline_continuation,50,4000,-16.448150000000002,764,171,133,-0.02152899214659686,-0.09618801169590645,-0.12367030075187971,0.2631578947368421,16.586600000000004
baseline_continuation,50,5000,-15.28224999999999,764,166,128,-0.020002945026178,-0.09206174698795175,-0.11939257812499993,0.2578125,15.473649999999992
baseline_continuation,50,7500,-8.3864,764,156,118,-0.010976963350785341,-0.05375897435897436,-0.07107118644067796,0.3389830508474576,10.703499999999998
baseline_continuation,50,10000,-9.353199999999996,764,154,116,-0.012242408376963346,-0.060735064935064906,-0.08063103448275859,0.3793103448275862,11.387049999999997
baseline_continuation,100,500,-15.978099999999998,764,183,122,-0.020913743455497378,-0.08731202185792349,-0.13096803278688524,0.09016393442622951,15.978099999999998
baseline_continuation,100,750,-16.691636,764,183,122,-0.02184769109947644,-0.0912111256830601,-0.13681668852459017,0.10655737704918032,16.691636
baseline_continuation,100,1000,-15.735385999999995,764,183,122,-0.020596054973821984,-0.0859857158469945,-0.12897857377049177,0.11475409836065574,15.735385999999995
baseline_continuation,100,1500,-12.720550000000003,764,183,122,-0.016649934554973825,-0.06951120218579236,-0.10426680327868855,0.1721311475409836,12.720550000000003
baseline_continuation,100,2000,-10.057950000000002,764,182,121,-0.01316485602094241,-0.055263461538461546,-0.08312355371900827,0.2066115702479339,10.057950000000002
baseline_continuation,100,3000,-14.927600000000002,764,178,117,-0.019538743455497384,-0.08386292134831462,-0.1275863247863248,0.2564102564102564,15.119000000000003
baseline_continuation,100,4000,-11.827399999999999,764,176,115,-0.01548089005235602,-0.06720113636363635,-0.10284695652173913,0.25217391304347825,11.96585
baseline_continuation,100,5000,-11.913399999999994,764,173,112,-0.015593455497382192,-0.06886358381502887,-0.1063696428571428,0.25892857142857145,12.104799999999996
baseline_continuation,100,7500,-7.706999999999998,764,165,104,-0.010087696335078531,-0.046709090909090895,-0.07410576923076921,0.3557692307692308,8.819599999999998
baseline_continuation,100,10000,-6.522800000000001,764,164,103,-0.008537696335078535,-0.03977317073170732,-0.06332815533980583,0.3592233009708738,9.33025
baseline_continuation,250,500,-16.25475,764,179,112,-0.021275850785340316,-0.0908086592178771,-0.14513169642857143,0.026785714285714284,16.25475
baseline_continuation,250,750,-17.700036000000004,764,179,112,-0.02316758638743456,-0.09888288268156427,-0.15803603571428576,0.044642857142857144,17.700036000000004
baseline_continuation,250,1000,-14.914349999999999,764,179,112,-0.019521400523560207,-0.0833203910614525,-0.13316383928571426,0.0625,14.914349999999999
baseline_continuation,250,1500,-13.328800000000006,764,179,112,-0.01744607329842933,-0.07446256983240226,-0.11900714285714291,0.125,13.328800000000006
baseline_continuation,250,2000,-10.68040000000001,764,178,111,-0.013979581151832473,-0.06000224719101129,-0.0962198198198199,0.15315315315315314,10.68040000000001
baseline_continuation,250,3000,-16.0122,764,175,108,-0.020958376963350785,-0.09149828571428571,-0.14826111111111112,0.19444444444444445,16.2036
baseline_continuation,250,4000,-13.765000000000006,764,173,106,-0.01801701570680629,-0.07956647398843934,-0.1298584905660378,0.20754716981132076,13.903450000000007
baseline_continuation,250,5000,-13.880349999999995,764,169,102,-0.018167997382198944,-0.08213224852071002,-0.13608186274509798,0.19607843137254902,14.071749999999996
baseline_continuation,250,7500,-9.331450000000004,764,162,95,-0.01221393979057592,-0.057601543209876566,-0.09822578947368425,0.29473684210526313,10.444050000000002
baseline_continuation,250,10000,-8.387700000000004,764,161,94,-0.010978664921465974,-0.05209751552795033,-0.08923085106382983,0.3191489361702128,9.607000000000005
baseline_reversal,5,500,-51.686039999999984,764,168,168,-0.06765188481675391,-0.3076549999999999,-0.3076549999999999,0.023809523809523808,52.159539999999986
baseline_reversal,5,750,-53.24167750000001,764,168,168,-0.06968805955497383,-0.31691474702380956,-0.31691474702380956,0.023809523809523808,53.90817750000001
baseline_reversal,5,1000,-53.61601700000001,764,168,168,-0.07017803272251309,-0.3191429583333334,-0.3191429583333334,0.023809523809523808,54.08951700000001
baseline_reversal,5,1500,-52.506550000000004,764,165,165,-0.06872585078534033,-0.3182215151515152,-0.3182215151515152,0.04242424242424243,52.883750000000006
baseline_reversal,5,2000,-50.785549999999965,764,159,159,-0.06647323298429315,-0.31940597484276706,-0.31940597484276706,0.03773584905660377,51.25904999999997
baseline_reversal,5,3000,-42.01750000000002,764,152,152,-0.054996727748691125,-0.27643092105263173,-0.27643092105263173,0.039473684210526314,42.298600000000015
baseline_reversal,5,4000,-40.4033,764,148,148,-0.052883900523560214,-0.27299527027027026,-0.27299527027027026,0.06756756756756757,40.7805
baseline_reversal,5,5000,-43.484274800000016,764,143,143,-0.05691659005235604,-0.30408583776223785,-0.30408583776223785,0.04895104895104895,43.86147480000002
baseline_reversal,5,7500,-48.91145000000004,764,131,131,-0.06402022251308906,-0.3733698473282446,-0.3733698473282446,0.12213740458015267,49.28865000000004
baseline_reversal,5,10000,-43.03070000000002,764,126,126,-0.05632290575916233,-0.3415134920634922,-0.3415134920634922,0.10317460317460317,43.31180000000001
baseline_reversal,10,500,-50.90093999999999,764,168,167,-0.0666242670157068,-0.3029817857142857,-0.30479604790419157,0.023952095808383235,51.37443999999999
baseline_reversal,10,750,-52.45657750000003,764,168,167,-0.06866044175392674,-0.3122415327380954,-0.31411124251497025,0.023952095808383235,53.12307750000003
baseline_reversal,10,1000,-52.830917000000014,764,168,167,-0.06915041492146598,-0.3144697440476191,-0.3163527964071857,0.023952095808383235,53.304417000000015
baseline_reversal,10,1500,-51.769800000000004,764,165,164,-0.06776151832460733,-0.31375636363636367,-0.31566951219512196,0.04878048780487805,52.147000000000006
baseline_reversal,10,2000,-49.95524999999997,764,159,158,-0.06538645287958111,-0.31418396226415074,-0.3161724683544302,0.04430379746835443,50.42874999999997
baseline_reversal,10,3000,-41.24115000000001,764,152,151,-0.053980562827225145,-0.271323355263158,-0.27312019867549675,0.039735099337748346,41.52225000000001
baseline_reversal,10,4000,-39.580349999999996,764,148,147,-0.05180674083769633,-0.26743479729729724,-0.269254081632653,0.06802721088435375,39.95755
baseline_reversal,10,5000,-42.66132480000001,764,143,142,-0.05583943036649216,-0.2983309426573427,-0.30043186478873246,0.04929577464788732,43.03852480000001
baseline_reversal,10,7500,-48.13810000000004,764,131,130,-0.06300798429319376,-0.36746641221374077,-0.3702930769230772,0.12307692307692308,48.51530000000004
baseline_reversal,10,10000,-42.25735000000001,764,126,125,-0.05531066753926703,-0.33537579365079373,-0.3380588000000001,0.104,42.538450000000005
baseline_reversal,25,500,-47.710909499999985,764,168,166,-0.06244883442408375,-0.28399350892857134,-0.2874151174698794,0.024096385542168676,48.18440949999999
baseline_reversal,25,750,-49.85673550000001,764,168,166,-0.0652575071989529,-0.2967662827380953,-0.300341780120482,0.024096385542168676,50.52323550000001
baseline_reversal,25,1000,-50.30663450000002,764,168,166,-0.06584638023560212,-0.2994442529761906,-0.3030520150602411,0.024096385542168676,50.780134500000024
baseline_reversal,25,1500,-49.245517500000005,764,165,163,-0.06445748363874346,-0.29845768181818183,-0.3021197392638037,0.049079754601226995,49.62271750000001
baseline_reversal,25,2000,-47.56018399999998,764,159,157,-0.062251549738219863,-0.29912065408805016,-0.30293110828025466,0.044585987261146494,48.03368399999998
baseline_reversal,25,3000,-39.548500000000004,764,152,150,-0.05176505235602095,-0.2601875,-0.2636566666666667,0.04,39.8296
baseline_reversal,25,4000,-37.986,764,148,146,-0.04971989528795811,-0.25666216216216214,-0.2601780821917808,0.0684931506849315,38.3632
baseline_reversal,25,5000,-41.114974800000006,764,143,141,-0.05381541204188482,-0.2875173062937063,-0.29159556595744685,0.04964539007092199,41.49217480000001
baseline_reversal,25,7500,-46.21180000000003,764,131,129,-0.06048664921465973,-0.3527618320610689,-0.3582310077519382,0.12403100775193798,46.589000000000034
baseline_reversal,25,10000,-40.425700000000006,764,126,124,-0.052913219895287966,-0.32083888888888895,-0.3260137096774194,0.10483870967741936,40.7068
baseline_reversal,50,500,-46.76377999999998,764,168,163,-0.06120913612565443,-0.27835583333333325,-0.28689435582822076,0.012269938650306749,46.76377999999998
baseline_reversal,50,750,-49.296377500000006,764,168,163,-0.06452405431937173,-0.293430818452381,-0.30243176380368103,0.012269938650306749,49.296377500000006
baseline_reversal,50,1000,-49.52571700000003,764,168,163,-0.0648242369109948,-0.2947959345238097,-0.30383875460122717,0.018404907975460124,49.52571700000003
baseline_reversal,50,1500,-48.36830000000002,764,165,160,-0.06330929319371731,-0.29314121212121225,-0.3023018750000001,0.05,48.39150000000002
baseline_reversal,50,2000,-47.211999999999975,764,159,154,-0.06179581151832458,-0.29693081761006274,-0.3065714285714284,0.03896103896103896,47.211999999999975
baseline_reversal,50,3000,-38.90579999999999,764,152,147,-0.050923821989528786,-0.25595921052631576,-0.26466530612244893,0.034013605442176874,38.90579999999999
baseline_reversal,50,4000,-37.48965,764,148,143,-0.049070222513089,-0.2533084459459459,-0.2621653846153846,0.055944055944055944,37.48965
baseline_reversal,50,5000,-40.6186248,764,143,138,-0.053165739267015705,-0.2840463272727273,-0.2943378608695652,0.036231884057971016,40.6186248
baseline_reversal,50,7500,-45.668850000000035,764,131,126,-0.05977598167539271,-0.34861717557251937,-0.36245119047619073,0.1111111111111111,45.668850000000035
baseline_reversal,50,10000,-39.88205000000001,764,126,121,-0.05220163612565446,-0.3165242063492064,-0.3296037190082645,0.09090909090909091,39.88205000000001
baseline_reversal,100,500,-42.453579999999995,764,168,162,-0.05556751308900523,-0.25269988095238094,-0.2620591358024691,0.012345679012345678,42.453579999999995
baseline_reversal,100,750,-44.99157750000002,764,168,162,-0.05888949934554976,-0.26780700892857157,-0.27772578703703715,0.024691358024691357,44.99157750000002
baseline_reversal,100,1000,-44.72721700000003,764,168,162,-0.05854347774869114,-0.2662334345238097,-0.27609393209876565,0.018518518518518517,44.72721700000003
baseline_reversal,100,1500,-44.107899999999994,764,165,159,-0.057732853403141354,-0.26732060606060604,-0.2774081761006289,0.050314465408805034,44.43194999999999
baseline_reversal,100,2000,-43.50104999999998,764,159,153,-0.05693854712041882,-0.2735915094339621,-0.284320588235294,0.0392156862745098,43.50104999999998
baseline_reversal,100,3000,-35.698949999999996,764,152,146,-0.046726374345549736,-0.23486151315789472,-0.24451335616438355,0.0410958904109589,35.698949999999996
baseline_reversal,100,4000,-34.38614999999999,764,148,142,-0.045008049738219875,-0.23233885135135127,-0.24215598591549287,0.06338028169014084,34.38614999999999
baseline_reversal,100,5000,-37.12357479999999,764,143,137,-0.04859106649214659,-0.25960541818181815,-0.27097499854014595,0.051094890510948905,37.12357479999999
baseline_reversal,100,7500,-42.458250000000035,764,131,125,-0.05557362565445031,-0.32410877862595444,-0.3396660000000003,0.112,42.458250000000035
baseline_reversal,100,10000,-36.96239999999999,764,126,120,-0.04838010471204187,-0.29335238095238086,-0.3080199999999999,0.10833333333333334,36.96239999999999
baseline_reversal,250,500,-34.485243200000006,764,168,159,-0.04513775287958116,-0.2052693047619048,-0.21688832201257865,0.012578616352201259,34.485243200000006
baseline_reversal,250,750,-36.336044700000016,764,168,159,-0.0475602679319372,-0.21628598035714294,-0.22852858301886803,0.031446540880503145,36.336044700000016
baseline_reversal,250,1000,-36.66188140000001,764,168,159,-0.04798675575916232,-0.2182254845238096,-0.23057787044025166,0.018867924528301886,36.66188140000001
baseline_reversal,250,1500,-36.76868079999999,764,165,156,-0.048126545549738206,-0.22284048969696965,-0.23569667179487175,0.04487179487179487,36.81214999999999
baseline_reversal,250,2000,-37.095789999999994,764,159,150,-0.048554698952879574,-0.23330685534591192,-0.24730526666666663,0.06666666666666667,37.095789999999994
baseline_reversal,250,3000,-28.7769456,764,152,143,-0.03766615916230367,-0.1893220105263158,-0.20123738181818182,0.08391608391608392,28.7769456
baseline_reversal,250,4000,-28.157345599999996,764,148,139,-0.03685516439790575,-0.19025233513513512,-0.20257083165467624,0.09352517985611511,28.157345599999996
baseline_reversal,250,5000,-31.3448084,764,143,134,-0.041027236125654454,-0.21919446433566434,-0.23391648059701495,0.07462686567164178,31.3448084
baseline_reversal,250,7500,-37.37495159999999,764,131,122,-0.04892009371727747,-0.28530497404580146,-0.3063520622950819,0.13114754098360656,37.37495159999999
baseline_reversal,250,10000,-32.0234784,764,126,117,-0.04191554764397906,-0.2541545904761905,-0.2737049435897436,0.1111111111111111,32.0234784
signal_age_le_10ms,5,500,-10.537970399999995,276,105,99,-0.03818105217391303,-0.10036162285714281,-0.1064441454545454,0.2222222222222222,10.537970399999995
signal_age_le_10ms,5,750,-9.499285999999994,276,105,99,-0.03441770289855071,-0.09046939047619042,-0.09595238383838378,0.25252525252525254,9.499285999999994
signal_age_le_10ms,5,1000,-8.152835999999994,276,105,99,-0.029539260869565195,-0.07764605714285708,-0.08235187878787872,0.26262626262626265,8.152835999999994
signal_age_le_10ms,5,1500,-4.6724999999999985,276,103,97,-0.01692934782608695,-0.0453640776699029,-0.04817010309278349,0.27835051546391754,6.175400000000001
signal_age_le_10ms,5,2000,-4.466599999999997,276,99,93,-0.016183333333333324,-0.04511717171717169,-0.04802795698924728,0.22580645161290322,6.0196999999999985
signal_age_le_10ms,5,3000,-12.120639999999987,276,94,88,-0.04391536231884054,-0.12894297872340413,-0.1377345454545453,0.25,12.216339999999988
signal_age_le_10ms,5,4000,-8.415799999999994,276,92,86,-0.030492028985507225,-0.09147608695652167,-0.09785813953488365,0.313953488372093,8.458549999999994
signal_age_le_10ms,5,5000,-7.34254999999999,276,89,83,-0.02660344202898547,-0.0825005617977527,-0.08846445783132519,0.2891566265060241,7.980149999999996
signal_age_le_10ms,5,7500,-1.3054999999999968,276,82,76,-0.004730072463768104,-0.015920731707317035,-0.017177631578947326,0.4342105263157895,6.686299999999998
signal_age_le_10ms,5,10000,-3.3665499999999935,276,79,73,-0.012197644927536208,-0.042614556962025235,-0.04611712328767115,0.4657534246575342,6.1061
signal_age_le_10ms,10,500,-9.567,276,105,96,-0.03466304347826087,-0.09111428571428572,-0.09965625,0.21875,9.567
signal_age_le_10ms,10,750,-9.658785999999994,276,105,96,-0.03499560144927534,-0.09198843809523803,-0.1006123541666666,0.25,9.658785999999994
signal_age_le_10ms,10,1000,-8.312335999999995,276,105,96,-0.030117159420289835,-0.0791651047619047,-0.08658683333333328,0.2604166666666667,8.312335999999995
signal_age_le_10ms,10,1500,-4.93615,276,103,94,-0.01788460144927536,-0.04792378640776699,-0.05251223404255319,0.2553191489361702,6.175400000000001
signal_age_le_10ms,10,2000,-4.129799999999997,276,100,91,-0.014963043478260859,-0.04129799999999997,-0.045382417582417546,0.23076923076923078,6.019699999999998
signal_age_le_10ms,10,3000,-12.18598999999999,276,95,86,-0.04415213768115938,-0.12827357894736832,-0.14169755813953477,0.2441860465116279,12.28168999999999
signal_age_le_10ms,10,4000,-8.884499999999996,276,93,84,-0.03219021739130433,-0.09553225806451608,-0.1057678571428571,0.30952380952380953,8.927249999999995
signal_age_le_10ms,10,5000,-7.717449999999991,276,90,81,-0.027961775362318808,-0.08574944444444434,-0.09527716049382705,0.2716049382716049,8.074749999999991
signal_age_le_10ms,10,7500,-1.6137999999999968,276,84,75,-0.005847101449275351,-0.019211904761904725,-0.02151733333333329,0.4266666666666667,6.686299999999998
signal_age_le_10ms,10,10000,-3.674849999999994,276,81,72,-0.013314673913043456,-0.04536851851851845,-0.05103958333333325,0.4583333333333333,6.1061
signal_age_le_10ms,25,500,-11.15615,276,105,86,-0.040420833333333336,-0.10624904761904762,-0.12972267441860466,0.13953488372093023,11.15615
signal_age_le_10ms,25,750,-10.568885999999997,276,105,86,-0.038293065217391294,-0.10065605714285712,-0.12289402325581392,0.20930232558139536,10.568885999999997
signal_age_le_10ms,25,1000,-9.525285999999996,276,105,86,-0.034511905797101436,-0.09071700952380948,-0.11075913953488367,0.22093023255813954,9.525285999999996
signal_age_le_10ms,25,1500,-6.1015500000000005,276,105,86,-0.022107065217391305,-0.05811,-0.07094825581395349,0.2441860465116279,6.1015500000000005
signal_age_le_10ms,25,2000,-5.215949999999998,276,105,86,-0.01889836956521738,-0.04967571428571426,-0.06065058139534881,0.2441860465116279,5.6065999999999985
signal_age_le_10ms,25,3000,-10.767099999999989,276,100,81,-0.03901123188405793,-0.10767099999999989,-0.13292716049382702,0.25925925925925924,10.91004999999999
signal_age_le_10ms,25,4000,-8.619249999999997,276,99,80,-0.03122916666666666,-0.08706313131313129,-0.10774062499999996,0.2875,8.709249999999997
signal_age_le_10ms,25,5000,-7.72814999999999,276,96,77,-0.028000543478260833,-0.08050156249999989,-0.10036558441558428,0.2727272727272727,7.8710999999999895
signal_age_le_10ms,25,7500,-2.034899999999996,276,90,71,-0.007372826086956507,-0.022609999999999957,-0.028660563380281633,0.43661971830985913,6.144199999999997
signal_age_le_10ms,25,10000,-4.699299999999994,276,87,68,-0.017026449275362298,-0.05401494252873556,-0.06910735294117638,0.4411764705882353,5.979699999999999
signal_age_le_10ms,50,500,-11.351899999999997,276,106,79,-0.041130072463768104,-0.10709339622641506,-0.14369493670886072,0.11392405063291139,11.351899999999997
signal_age_le_10ms,50,750,-11.198385999999994,276,106,79,-0.04057386231884056,-0.10564515094339617,-0.14175172151898727,0.1518987341772152,11.198385999999994
signal_age_le_10ms,50,1000,-10.163035999999995,276,106,79,-0.03682259420289853,-0.0958776981132075,-0.12864602531645564,0.16455696202531644,10.163035999999995
signal_age_le_10ms,50,1500,-6.534049999999999,276,106,79,-0.023674094202898545,-0.06164198113207546,-0.08270949367088606,0.22784810126582278,6.534049999999999
signal_age_le_10ms,50,2000,-5.1442999999999985,276,106,79,-0.018638768115942023,-0.04853113207547168,-0.06511772151898733,0.21518987341772153,5.392099999999999
signal_age_le_10ms,50,3000,-9.422049999999992,276,102,75,-0.03413786231884055,-0.0923730392156862,-0.12562733333333323,0.25333333333333335,9.517749999999992
signal_age_le_10ms,50,4000,-7.363249999999995,276,101,74,-0.02667844202898549,-0.07290346534653461,-0.09950337837837832,0.3108108108108108,7.591199999999996
signal_age_le_10ms,50,5000,-6.867999999999991,276,98,71,-0.024884057971014457,-0.07008163265306112,-0.09673239436619704,0.28169014084507044,7.362299999999994
signal_age_le_10ms,50,7500,-2.8268999999999966,276,92,65,-0.010242391304347814,-0.030727173913043443,-0.04349076923076918,0.4,6.360899999999999
signal_age_le_10ms,50,10000,-3.8387999999999955,276,90,63,-0.013908695652173897,-0.042653333333333286,-0.06093333333333326,0.4444444444444444,6.384499999999999
signal_age_le_10ms,100,500,-8.393049999999997,276,110,66,-0.03040960144927535,-0.07630045454545452,-0.1271674242424242,0.09090909090909091,8.393049999999997
signal_age_le_10ms,100,750,-8.996485999999994,276,110,66,-0.03259596376811592,-0.08178623636363631,-0.13631039393939384,0.12121212121212122,8.996485999999994
signal_age_le_10ms,100,1000,-8.411185999999994,276,110,66,-0.030475311594202876,-0.07646532727272722,-0.127442212121212,0.13636363636363635,8.411185999999994
signal_age_le_10ms,100,1500,-6.141949999999997,276,110,66,-0.022253442028985496,-0.05583590909090906,-0.09305984848484844,0.18181818181818182,6.141949999999997
signal_age_le_10ms,100,2000,-4.3379499999999975,276,110,66,-0.015717210144927527,-0.03943590909090907,-0.06572651515151512,0.22727272727272727,4.3379499999999975
signal_age_le_10ms,100,3000,-7.248849999999994,276,106,62,-0.026263949275362297,-0.06838537735849051,-0.11691693548387087,0.27419354838709675,7.344549999999995
signal_age_le_10ms,100,4000,-5.115099999999994,276,105,61,-0.018532971014492732,-0.048715238095238034,-0.08385409836065563,0.2786885245901639,5.196749999999995
signal_age_le_10ms,100,5000,-5.31154999999999,276,104,60,-0.019244746376811558,-0.05107259615384606,-0.08852583333333316,0.2833333333333333,5.552849999999992
signal_age_le_10ms,100,7500,-3.653499999999996,276,100,56,-0.013237318840579696,-0.03653499999999996,-0.06524107142857136,0.42857142857142855,4.744299999999998
signal_age_le_10ms,100,10000,-2.220449999999996,276,99,55,-0.00804510869565216,-0.02242878787878784,-0.04037181818181811,0.43636363636363634,4.465049999999998
signal_age_le_10ms,250,500,-8.6543,276,107,61,-0.03135615942028985,-0.08088130841121495,-0.14187377049180327,0.01639344262295082,8.6543
signal_age_le_10ms,250,750,-9.728535999999997,276,107,61,-0.0352483188405797,-0.09092089719626165,-0.15948419672131142,0.04918032786885246,9.728535999999997
signal_age_le_10ms,250,1000,-7.464749999999996,276,107,61,-0.0270461956521739,-0.06976401869158874,-0.12237295081967206,0.08196721311475409,7.464749999999996
signal_age_le_10ms,250,1500,-6.57605,276,107,61,-0.02382626811594203,-0.061458411214953275,-0.10780409836065574,0.13114754098360656,6.57605
signal_age_le_10ms,250,2000,-4.937750000000002,276,107,61,-0.017890398550724645,-0.04614719626168226,-0.08094672131147544,0.16393442622950818,4.937750000000002
signal_age_le_10ms,250,3000,-7.906249999999997,276,104,58,-0.028645833333333325,-0.0760216346153846,-0.13631465517241376,0.1896551724137931,8.028249999999996
signal_age_le_10ms,250,4000,-6.473449999999998,276,103,57,-0.02345452898550724,-0.06284902912621357,-0.113569298245614,0.22807017543859648,6.648999999999997
signal_age_le_10ms,250,5000,-6.699449999999995,276,101,55,-0.024273369565217372,-0.06633118811881183,-0.12180818181818173,0.2,7.034649999999996
signal_age_le_10ms,250,7500,-4.004800000000001,276,98,52,-0.014510144927536236,-0.04086530612244899,-0.07701538461538464,0.34615384615384615,5.189500000000001
signal_age_le_10ms,250,10000,-2.7184500000000007,276,97,51,-0.009849456521739132,-0.02802525773195877,-0.0533029411764706,0.39215686274509803,4.08235
signal_age_le_25ms,5,500,-18.677920399999998,380,150,142,-0.049152422105263154,-0.12451946933333331,-0.13153465070422535,0.176056338028169,18.677920399999998
signal_age_le_25ms,5,750,-17.695235999999994,380,150,142,-0.04656641052631577,-0.11796823999999996,-0.12461433802816897,0.20422535211267606,17.695235999999994
signal_age_le_25ms,5,1000,-15.826585999999999,380,150,142,-0.04164891052631579,-0.10551057333333333,-0.11145483098591548,0.2112676056338028,15.826585999999999
signal_age_le_25ms,5,1500,-12.656950000000002,380,148,140,-0.03330776315789474,-0.08551993243243244,-0.09040678571428573,0.22857142857142856,12.656950000000002
signal_age_le_25ms,5,2000,-11.542099999999994,380,144,136,-0.03037394736842104,-0.08015347222222219,-0.08486838235294114,0.20588235294117646,11.569049999999994
signal_age_le_25ms,5,3000,-18.18913999999999,380,138,130,-0.04786615789473682,-0.13180536231884052,-0.13991646153846146,0.24615384615384617,18.42778999999999
signal_age_le_25ms,5,4000,-14.578699999999998,380,135,127,-0.038364999999999996,-0.10799037037037035,-0.11479291338582676,0.29133858267716534,14.764399999999998
signal_age_le_25ms,5,5000,-13.235049999999994,380,130,122,-0.034829078947368405,-0.10180807692307688,-0.10848401639344257,0.28688524590163933,13.473699999999994
signal_age_le_25ms,5,7500,-5.776749999999997,380,120,112,-0.015201973684210519,-0.04813958333333331,-0.051578124999999975,0.39285714285714285,8.929699999999997
signal_age_le_25ms,5,10000,-8.024299999999995,380,117,109,-0.021116578947368406,-0.06858376068376064,-0.07361743119266051,0.42201834862385323,9.697699999999998
signal_age_le_25ms,10,500,-16.7173,380,150,137,-0.04399289473684211,-0.11144866666666668,-0.12202408759124089,0.17518248175182483,16.7173
signal_age_le_25ms,10,750,-17.172686,380,150,137,-0.04519127894736842,-0.11448457333333333,-0.12534807299270073,0.19708029197080293,17.172686
signal_age_le_25ms,10,1000,-15.304035999999996,380,150,137,-0.04027377894736841,-0.10202690666666664,-0.1117082919708029,0.20437956204379562,15.304035999999996
signal_age_le_25ms,10,1500,-11.777750000000001,380,148,135,-0.030994078947368425,-0.07957939189189189,-0.0872425925925926,0.21481481481481482,11.777750000000001
signal_age_le_25ms,10,2000,-10.160799999999998,380,145,132,-0.02673894736842105,-0.07007448275862067,-0.07697575757575756,0.21212121212121213,10.187749999999998
signal_age_le_25ms,10,3000,-18.12738999999999,380,140,127,-0.047703657894736816,-0.12948135714285708,-0.14273535433070858,0.2440944881889764,18.36603999999999
signal_age_le_25ms,10,4000,-14.32365,380,137,124,-0.037693815789473686,-0.1045521897810219,-0.11551330645161291,0.2903225806451613,14.509350000000001
signal_age_le_25ms,10,5000,-13.03439999999999,380,132,119,-0.03430105263157893,-0.09874545454545447,-0.10953277310924361,0.2773109243697479,13.27304999999999
signal_age_le_25ms,10,7500,-5.608649999999997,380,123,110,-0.014759605263157888,-0.04559878048780486,-0.05098772727272725,0.39090909090909093,8.929699999999997
signal_age_le_25ms,10,10000,-8.005499999999994,380,120,107,-0.02106710526315788,-0.06671249999999995,-0.07481775700934575,0.4205607476635514,9.422849999999997
signal_age_le_25ms,25,500,-19.12115,380,150,128,-0.050318815789473684,-0.12747433333333333,-0.149383984375,0.1171875,19.12115
signal_age_le_25ms,25,750,-18.946485999999993,380,150,128,-0.04985917368421051,-0.1263099066666666,-0.14801942187499995,0.1640625,18.946485999999993
signal_age_le_25ms,25,1000,-17.380686,380,150,128,-0.04573864736842106,-0.11587124,-0.135786609375,0.171875,17.380686
signal_age_le_25ms,25,1500,-13.7088,380,150,128,-0.036075789473684214,-0.091392,-0.1071,0.203125,13.7088
signal_age_le_25ms,25,2000,-11.914249999999997,380,150,128,-0.0313532894736842,-0.07942833333333331,-0.09308007812499998,0.2109375,11.951349999999996
signal_age_le_25ms,25,3000,-16.72989999999999,380,145,123,-0.044026052631578924,-0.1153786206896551,-0.13601544715447147,0.25203252032520324,16.96854999999999
signal_age_le_25ms,25,4000,-14.676449999999999,380,143,121,-0.03862223684210526,-0.10263251748251748,-0.12129297520661156,0.2727272727272727,14.86215
signal_age_le_25ms,25,5000,-13.514949999999988,380,138,116,-0.03556565789473681,-0.09793442028985498,-0.11650818965517232,0.27586206896551724,13.753599999999988
signal_age_le_25ms,25,7500,-6.400449999999997,380,129,107,-0.0168432894736842,-0.04961589147286819,-0.05981728971962614,0.3925233644859813,8.387599999999996
signal_age_le_25ms,25,10000,-9.251349999999992,380,126,104,-0.02434565789473682,-0.07342341269841263,-0.08895528846153838,0.40384615384615385,10.32939999999999
signal_age_le_25ms,50,500,-19.271300000000004,380,152,120,-0.05071394736842106,-0.12678486842105266,-0.1605941666666667,0.1,19.271300000000004
signal_age_le_25ms,50,750,-19.530385999999993,380,152,120,-0.05139575263157893,-0.12848938157894732,-0.16275321666666662,0.125,19.530385999999993
signal_age_le_25ms,50,1000,-17.972835999999997,380,152,120,-0.04729693684210526,-0.11824234210526315,-0.14977363333333332,0.13333333333333333,17.972835999999997
signal_age_le_25ms,50,1500,-14.042749999999998,380,152,120,-0.03695460526315789,-0.09238651315789473,-0.11702291666666666,0.19166666666666668,14.042749999999998
signal_age_le_25ms,50,2000,-11.744050000000001,380,152,120,-0.030905394736842107,-0.07726348684210527,-0.09786708333333334,0.19166666666666668,11.744050000000001
signal_age_le_25ms,50,3000,-15.551849999999991,380,148,116,-0.040925921052631556,-0.1050800675675675,-0.13406767241379303,0.2413793103448276,15.743249999999993
signal_age_le_25ms,50,4000,-13.640799999999999,380,146,114,-0.03589684210526316,-0.09343013698630136,-0.11965614035087718,0.2807017543859649,13.77925
signal_age_le_25ms,50,5000,-12.87514999999999,380,141,109,-0.033881973684210503,-0.09131312056737582,-0.11812064220183478,0.27522935779816515,13.066549999999992
signal_age_le_25ms,50,7500,-7.412799999999997,380,132,100,-0.019507368421052624,-0.05615757575757574,-0.07412799999999997,0.36,8.6337
signal_age_le_25ms,50,10000,-8.557849999999995,380,130,98,-0.02252065789473683,-0.06582961538461535,-0.08732499999999994,0.3979591836734694,9.998949999999997
signal_age_le_25ms,100,500,-15.110199999999995,380,156,103,-0.039763684210526305,-0.09686025641025638,-0.14670097087378636,0.08737864077669903,15.110199999999995
signal_age_le_25ms,100,750,-16.176385999999994,380,156,103,-0.04256943684210525,-0.103694782051282,-0.15705229126213585,0.10679611650485436,16.176385999999994
signal_age_le_25ms,100,1000,-15.219835999999994,380,156,103,-0.04005219999999998,-0.09756305128205124,-0.14776539805825237,0.11650485436893204,15.219835999999994
signal_age_le_25ms,100,1500,-12.59655,380,156,103,-0.033148815789473686,-0.08074711538461539,-0.12229660194174757,0.1650485436893204,12.59655
signal_age_le_25ms,100,2000,-9.9412,380,156,103,-0.02616105263157895,-0.06372564102564103,-0.09651650485436894,0.20388349514563106,9.9412
signal_age_le_25ms,100,3000,-11.88175,380,152,99,-0.031267763157894736,-0.07816940789473685,-0.12001767676767677,0.2727272727272727,12.073150000000002
signal_age_le_25ms,100,4000,-9.742799999999999,380,150,97,-0.02563894736842105,-0.064952,-0.10044123711340205,0.26804123711340205,9.88125
signal_age_le_25ms,100,5000,-10.129899999999994,380,147,94,-0.026657631578947353,-0.06891088435374146,-0.10776489361702121,0.2765957446808511,10.321299999999995
signal_age_le_25ms,100,7500,-7.207699999999997,380,140,87,-0.01896763157894736,-0.051483571428571406,-0.08284712643678158,0.3793103448275862,8.320299999999996
signal_age_le_25ms,100,10000,-5.598399999999998,380,139,86,-0.014732631578947364,-0.04027625899280574,-0.06509767441860463,0.38372093023255816,6.8176999999999985
signal_age_le_25ms,250,500,-15.236450000000001,380,152,96,-0.04009592105263158,-0.10023980263157896,-0.15871302083333336,0.020833333333333332,15.236450000000001
signal_age_le_25ms,250,750,-16.776536,380,152,96,-0.04414877894736842,-0.11037194736842106,-0.17475558333333333,0.041666666666666664,16.776536
signal_age_le_25ms,250,1000,-13.990549999999999,380,152,96,-0.036817236842105264,-0.09204309210526315,-0.14573489583333332,0.0625,13.990549999999999
signal_age_le_25ms,250,1500,-12.955950000000005,380,152,96,-0.034094605263157905,-0.08523651315789477,-0.13495781250000005,0.11458333333333333,12.955950000000005
signal_age_le_25ms,250,2000,-10.314800000000005,380,152,96,-0.027144210526315802,-0.06786052631578951,-0.1074458333333334,0.14583333333333334,10.314800000000005
signal_age_le_25ms,250,3000,-12.6648,380,149,93,-0.03332842105263158,-0.0849986577181208,-0.13618064516129033,0.20430107526881722,12.856200000000001
signal_age_le_25ms,250,4000,-11.378850000000003,380,147,91,-0.02994434210526317,-0.07740714285714288,-0.12504230769230773,0.21978021978021978,11.517300000000004
signal_age_le_25ms,250,5000,-11.639499999999996,380,143,87,-0.030630263157894726,-0.08139510489510488,-0.13378735632183905,0.20689655172413793,11.830899999999998
signal_age_le_25ms,250,7500,-7.6395500000000025,380,137,81,-0.020104078947368428,-0.055763138686131405,-0.09431543209876546,0.30864197530864196,8.752150000000002
signal_age_le_25ms,250,10000,-6.270900000000003,380,136,80,-0.01650236842105264,-0.046109558823529434,-0.07838625000000003,0.3375,7.490200000000003
signal_age_le_50ms,5,500,-18.6822204,475,165,156,-0.03933099031578947,-0.11322557818181818,-0.11975782307692306,0.19230769230769232,18.6822204
signal_age_le_50ms,5,750,-17.690036,475,165,156,-0.03724218105263158,-0.10721233939393938,-0.11339766666666666,0.21794871794871795,17.690036
signal_age_le_50ms,5,1000,-16.020586,475,165,156,-0.03372754947368421,-0.09709446060606061,-0.10269606410256411,0.22435897435897437,16.020586
signal_age_le_50ms,5,1500,-12.996550000000003,475,163,154,-0.027361157894736848,-0.0797334355828221,-0.08439318181818184,0.24675324675324675,12.996550000000003
signal_age_le_50ms,5,2000,-12.08235,475,159,150,-0.025436526315789472,-0.07598962264150944,-0.080549,0.22,12.1093
signal_age_le_50ms,5,3000,-19.404639999999993,475,153,144,-0.04085187368421051,-0.1268277124183006,-0.1347544444444444,0.25,19.643289999999993
signal_age_le_50ms,5,4000,-15.713849999999997,475,149,140,-0.0330817894736842,-0.10546208053691274,-0.1122417857142857,0.29285714285714287,15.899549999999998
signal_age_le_50ms,5,5000,-13.776149999999994,475,144,135,-0.029002421052631566,-0.0956677083333333,-0.10204555555555551,0.28888888888888886,14.186049999999994
signal_age_le_50ms,5,7500,-3.786649999999999,475,134,125,-0.007971894736842103,-0.02825858208955223,-0.030293199999999992,0.392,9.868049999999997
signal_age_le_50ms,5,10000,-7.470949999999998,475,130,121,-0.01572831578947368,-0.05746884615384614,-0.06174338842975205,0.4214876033057851,9.601849999999999
signal_age_le_50ms,10,500,-16.348000000000006,475,165,150,-0.03441684210526317,-0.09907878787878792,-0.1089866666666667,0.19333333333333333,16.348000000000006
signal_age_le_50ms,10,750,-16.593886000000005,475,165,150,-0.03493449684210527,-0.10056900606060609,-0.1106259066666667,0.21333333333333335,16.593886000000005
signal_age_le_50ms,10,1000,-14.725536,475,165,150,-0.031001128421052633,-0.08924567272727273,-0.09817024,0.22,14.725536
signal_age_le_50ms,10,1500,-11.245850000000004,475,163,148,-0.023675473684210534,-0.0689929447852761,-0.075985472972973,0.23648648648648649,11.245850000000004
signal_age_le_50ms,10,2000,-9.928550000000001,475,160,145,-0.020902210526315794,-0.06205343750000001,-0.06847275862068966,0.22758620689655173,9.9555
signal_age_le_50ms,10,3000,-18.71943999999999,475,155,140,-0.039409347368421034,-0.12077058064516123,-0.13371028571428564,0.25,18.95808999999999
signal_age_le_50ms,10,4000,-14.63675,475,151,136,-0.030814210526315788,-0.09693211920529801,-0.10762316176470588,0.29411764705882354,14.82245
signal_age_le_50ms,10,5000,-12.852599999999992,475,146,131,-0.027058105263157876,-0.08803150684931502,-0.09811145038167933,0.2824427480916031,13.165999999999993
signal_age_le_50ms,10,7500,-3.0449499999999983,475,137,122,-0.006410421052631576,-0.02222591240875911,-0.024958606557377035,0.39344262295081966,9.868049999999997
signal_age_le_50ms,10,10000,-7.481899999999998,475,133,118,-0.01575136842105263,-0.0562548872180451,-0.06340593220338982,0.4152542372881356,9.549150000000001
signal_age_le_50ms,25,500,-19.1552,475,165,141,-0.04032673684210526,-0.11609212121212122,-0.13585248226950355,0.1347517730496454,19.1552
signal_age_le_50ms,25,750,-18.971035999999998,475,165,141,-0.039939023157894736,-0.11497597575757575,-0.13454635460992906,0.1773049645390071,18.971035999999998
signal_age_le_50ms,25,1000,-17.604436000000003,475,165,141,-0.037061970526315796,-0.10669355151515153,-0.12485415602836882,0.18439716312056736,17.604436000000003
signal_age_le_50ms,25,1500,-14.027500000000003,475,165,141,-0.02953157894736843,-0.08501515151515153,-0.0994858156028369,0.2198581560283688,14.027500000000003
signal_age_le_50ms,25,2000,-12.080900000000003,475,165,141,-0.025433473684210534,-0.07321757575757577,-0.08568014184397166,0.22695035460992907,12.118000000000002
signal_age_le_50ms,25,3000,-17.571799999999996,475,160,136,-0.03699326315789473,-0.10982374999999997,-0.12920441176470585,0.25735294117647056,17.810449999999996
signal_age_le_50ms,25,4000,-15.712300000000003,475,158,134,-0.03307852631578948,-0.09944493670886077,-0.11725597014925375,0.27611940298507465,15.898000000000003
signal_age_le_50ms,25,5000,-13.956749999999992,475,153,129,-0.02938263157894735,-0.09122058823529407,-0.10819186046511622,0.27906976744186046,14.195399999999992
signal_age_le_50ms,25,7500,-4.311049999999998,475,144,120,-0.0090758947368421,-0.02993784722222221,-0.03592541666666665,0.39166666666666666,9.325949999999995
signal_age_le_50ms,25,10000,-8.598699999999996,475,140,116,-0.018102526315789465,-0.06141928571428568,-0.07412672413793099,0.4051724137931034,9.676749999999995
signal_age_le_50ms,50,500,-19.636999999999993,475,167,131,-0.04134105263157893,-0.11758682634730534,-0.14990076335877858,0.10687022900763359,19.636999999999993
signal_age_le_50ms,50,750,-19.838235999999988,475,167,131,-0.04176470736842103,-0.11879183233532926,-0.15143691603053425,0.1297709923664122,19.838235999999988
signal_age_le_50ms,50,1000,-18.479886,475,167,131,-0.038905023157894736,-0.110658,-0.1410678320610687,0.13740458015267176,18.479886
signal_age_le_50ms,50,1500,-14.543400000000002,475,167,131,-0.03061768421052632,-0.08708622754491019,-0.11101832061068703,0.1984732824427481,14.543400000000002
signal_age_le_50ms,50,2000,-12.145700000000003,475,167,131,-0.02556989473684211,-0.07272874251497008,-0.09271526717557255,0.1984732824427481,12.145700000000003
signal_age_le_50ms,50,3000,-16.681849999999994,475,163,127,-0.0351196842105263,-0.10234263803680978,-0.13135314960629915,0.23622047244094488,16.873249999999995
signal_age_le_50ms,50,4000,-14.964750000000002,475,161,125,-0.031504736842105266,-0.09294875776397517,-0.11971800000000002,0.272,15.103200000000003
signal_age_le_50ms,50,5000,-13.847199999999994,475,156,120,-0.029151999999999987,-0.08876410256410253,-0.11539333333333328,0.26666666666666666,14.038599999999995
signal_age_le_50ms,50,7500,-7.447099999999998,475,147,111,-0.01567810526315789,-0.050660544217687065,-0.06709099099099097,0.35135135135135137,9.542649999999998
signal_age_le_50ms,50,10000,-8.119249999999997,475,145,109,-0.017093157894736838,-0.05599482758620688,-0.07448853211009172,0.3944954128440367,9.827549999999999
signal_age_le_50ms,100,500,-15.201599999999997,475,172,113,-0.03200336842105263,-0.0883813953488372,-0.13452743362831857,0.09734513274336283,15.201599999999997
signal_age_le_50ms,100,750,-16.009936,475,172,113,-0.03370512842105263,-0.09308102325581395,-0.1416808495575221,0.11504424778761062,16.009936
signal_age_le_50ms,100,1000,-15.053685999999994,475,172,113,-0.031691970526315776,-0.08752143023255811,-0.1332184601769911,0.12389380530973451,15.053685999999994
signal_age_le_50ms,100,1500,-12.325000000000005,475,172,113,-0.025947368421052643,-0.07165697674418607,-0.10907079646017703,0.17699115044247787,12.325000000000005
signal_age_le_50ms,100,2000,-9.669650000000003,475,172,113,-0.020357157894736848,-0.05621889534883722,-0.08557212389380534,0.21238938053097345,9.669650000000003
signal_age_le_50ms,100,3000,-12.487599999999999,475,168,109,-0.026289684210526312,-0.07433095238095237,-0.11456513761467889,0.26605504587155965,12.679
signal_age_le_50ms,100,4000,-10.344,475,166,107,-0.021776842105263157,-0.06231325301204819,-0.09667289719626168,0.2616822429906542,10.48245
signal_age_le_50ms,100,5000,-10.478349999999994,475,163,104,-0.0220596842105263,-0.06428435582822083,-0.10075336538461532,0.2692307692307692,10.669749999999995
signal_age_le_50ms,100,7500,-6.767699999999998,475,156,97,-0.014247789473684207,-0.043382692307692296,-0.06977010309278349,0.3711340206185567,7.8802999999999965
signal_age_le_50ms,100,10000,-5.288849999999999,475,155,96,-0.011134421052631576,-0.0341216129032258,-0.055092187499999994,0.375,7.770749999999999
signal_age_le_50ms,250,500,-15.5308,475,168,103,-0.032696421052631576,-0.0924452380952381,-0.15078446601941747,0.02912621359223301,15.5308
signal_age_le_50ms,250,750,-17.070886,475,168,103,-0.03593870736842106,-0.10161241666666668,-0.1657367572815534,0.04854368932038835,17.070886
signal_age_le_50ms,250,1000,-14.2852,475,168,103,-0.030074105263157895,-0.08503095238095237,-0.13869126213592234,0.06796116504854369,14.2852
signal_age_le_50ms,250,1500,-12.985800000000005,475,168,103,-0.027338526315789483,-0.0772964285714286,-0.12607572815533985,0.1262135922330097,12.985800000000005
signal_age_le_50ms,250,2000,-10.344650000000009,475,168,103,-0.021778210526315806,-0.06157529761904767,-0.10043349514563116,0.1553398058252427,10.344650000000009
signal_age_le_50ms,250,3000,-13.624750000000002,475,165,100,-0.02868368421052632,-0.08257424242424244,-0.13624750000000002,0.2,13.816150000000004
signal_age_le_50ms,250,4000,-12.334150000000005,475,163,98,-0.025966631578947377,-0.07566963190184052,-0.1258586734693878,0.21428571428571427,12.472600000000005
signal_age_le_50ms,250,5000,-12.497849999999996,475,159,94,-0.02631126315789473,-0.07860283018867922,-0.13295585106382973,0.20212765957446807,12.689249999999998
signal_age_le_50ms,250,7500,-8.444700000000003,475,153,88,-0.01777831578947369,-0.055194117647058845,-0.09596250000000003,0.3068181818181818,9.557300000000001
signal_age_le_50ms,250,10000,-7.206300000000004,475,152,87,-0.015171157894736852,-0.04740986842105266,-0.08283103448275866,0.3333333333333333,8.425600000000005
signal_age_le_100ms,5,500,-19.1717704,498,173,163,-0.038497530923694775,-0.11081948208092486,-0.11761822331288344,0.18404907975460122,19.1717704
signal_age_le_100ms,5,750,-18.084785999999994,498,173,163,-0.036314831325301195,-0.10453633526011558,-0.11094960736196316,0.2085889570552147,18.084785999999994
signal_age_le_100ms,5,1000,-16.415336,498,173,163,-0.032962522088353416,-0.09488633526011561,-0.10070758282208589,0.2147239263803681,16.415336
signal_age_le_100ms,5,1500,-13.105149999999998,498,171,161,-0.02631556224899598,-0.07663830409356724,-0.08139844720496893,0.2422360248447205,13.105149999999998
signal_age_le_100ms,5,2000,-12.082699999999999,498,166,156,-0.024262449799196787,-0.07278734939759035,-0.07745320512820512,0.21794871794871795,12.109649999999998
signal_age_le_100ms,5,3000,-19.164289999999994,498,160,150,-0.03848251004016063,-0.11977681249999997,-0.1277619333333333,0.24666666666666667,19.402939999999994
signal_age_le_100ms,5,4000,-15.473499999999998,498,156,146,-0.031071285140562243,-0.09918910256410254,-0.10598287671232876,0.2876712328767123,15.659199999999998
signal_age_le_100ms,5,5000,-13.487449999999995,498,151,141,-0.0270832329317269,-0.08932086092715229,-0.09565567375886522,0.28368794326241137,13.897349999999996
signal_age_le_100ms,5,7500,-3.4910000000000005,498,140,130,-0.007010040160642572,-0.02493571428571429,-0.02685384615384616,0.38461538461538464,9.860999999999999
signal_age_le_100ms,5,10000,-7.0783499999999995,498,136,126,-0.014213554216867468,-0.05204669117647059,-0.05617738095238095,0.4126984126984127,9.54915
signal_age_le_100ms,10,500,-16.837550000000007,498,173,157,-0.03381034136546186,-0.0973268786127168,-0.10724554140127393,0.18471337579617833,16.837550000000007
signal_age_le_100ms,10,750,-16.988636,498,173,157,-0.03411372690763052,-0.09820020809248554,-0.10820787261146497,0.20382165605095542,16.988636
signal_age_le_100ms,10,1000,-15.120286,498,173,157,-0.030362020080321284,-0.08740049710982659,-0.09630755414012739,0.21019108280254778,15.120286
signal_age_le_100ms,10,1500,-11.354450000000003,498,171,155,-0.022800100401606432,-0.06640029239766083,-0.07325451612903228,0.23225806451612904,11.354450000000003
signal_age_le_100ms,10,2000,-9.928900000000002,498,167,151,-0.019937550200803216,-0.05945449101796409,-0.06575430463576161,0.2251655629139073,9.955850000000002
signal_age_le_100ms,10,3000,-18.479089999999992,498,162,146,-0.03710660642570279,-0.11406845679012341,-0.12656910958904105,0.2465753424657534,18.717739999999992
signal_age_le_100ms,10,4000,-14.396399999999996,498,158,142,-0.028908433734939752,-0.09111645569620251,-0.10138309859154927,0.2887323943661972,14.582099999999997
signal_age_le_100ms,10,5000,-12.563899999999993,498,153,137,-0.02522871485943774,-0.08211699346405224,-0.09170729927007294,0.2773722627737226,12.877299999999995
signal_age_le_100ms,10,7500,-2.7493000000000007,498,143,127,-0.005520682730923696,-0.01922587412587413,-0.021648031496062998,0.3858267716535433,9.861
signal_age_le_100ms,10,10000,-7.089299999999999,498,139,123,-0.014235542168674696,-0.05100215827338129,-0.05763658536585365,0.4065040650406504,9.54915
signal_age_le_100ms,25,500,-19.644750000000002,498,173,148,-0.03944728915662651,-0.11355346820809249,-0.1327347972972973,0.12837837837837837,19.644750000000002
signal_age_le_100ms,25,750,-19.365786,498,173,148,-0.03888712048192771,-0.11194095953757226,-0.1308499054054054,0.16891891891891891,19.365786
signal_age_le_100ms,25,1000,-17.999186,498,173,148,-0.036142943775100404,-0.10404153757225434,-0.12161612162162164,0.17567567567567569,17.999186
signal_age_le_100ms,25,1500,-14.136100000000003,498,173,148,-0.028385742971887555,-0.08171156069364163,-0.0955141891891892,0.21621621621621623,14.136100000000003
signal_age_le_100ms,25,2000,-12.08125,498,172,147,-0.024259538152610442,-0.07023982558139535,-0.08218537414965987,0.22448979591836735,12.11835
signal_age_le_100ms,25,3000,-17.331449999999997,498,167,142,-0.034802108433734935,-0.10378113772455087,-0.12205246478873237,0.2535211267605634,17.570099999999996
signal_age_le_100ms,25,4000,-15.471950000000003,498,165,140,-0.03106817269076306,-0.09376939393939396,-0.1105139285714286,0.2714285714285714,15.657650000000004
signal_age_le_100ms,25,5000,-13.668049999999994,498,160,135,-0.027445883534136534,-0.08542531249999996,-0.10124481481481477,0.2740740740740741,13.906699999999994
signal_age_le_100ms,25,7500,-4.0154,498,150,125,-0.00806305220883534,-0.026769333333333332,-0.0321232,0.384,9.318899999999998
signal_age_le_100ms,25,10000,-8.206099999999998,498,146,121,-0.01647811244979919,-0.05620616438356163,-0.06781900826446279,0.39669421487603307,9.422749999999997
signal_age_le_100ms,50,500,-20.126549999999995,498,175,138,-0.04041475903614457,-0.11500885714285711,-0.14584456521739125,0.10144927536231885,20.126549999999995
signal_age_le_100ms,50,750,-20.23298599999999,498,175,138,-0.04062848594377508,-0.1156170628571428,-0.14661584057971008,0.12318840579710146,20.23298599999999
signal_age_le_100ms,50,1000,-18.874636,498,175,138,-0.03790087550200803,-0.10785506285714284,-0.13677272463768114,0.13043478260869565,18.874636
signal_age_le_100ms,50,1500,-14.652000000000005,498,175,138,-0.02942168674698796,-0.0837257142857143,-0.1061739130434783,0.1956521739130435,14.652000000000005
signal_age_le_100ms,50,2000,-12.146050000000004,498,174,137,-0.02438965863453816,-0.06980488505747129,-0.08865729927007303,0.19708029197080293,12.146050000000004
signal_age_le_100ms,50,3000,-16.441499999999994,498,170,133,-0.033015060240963845,-0.09671470588235291,-0.12362030075187966,0.23308270676691728,16.632899999999996
signal_age_le_100ms,50,4000,-14.724400000000003,498,168,131,-0.029567068273092374,-0.08764523809523811,-0.11240000000000003,0.26717557251908397,14.862850000000003
signal_age_le_100ms,50,5000,-13.558499999999992,498,163,126,-0.027225903614457814,-0.08318098159509198,-0.10760714285714279,0.2619047619047619,13.749899999999993
signal_age_le_100ms,50,7500,-7.1514500000000005,498,153,116,-0.014360341365461849,-0.04674150326797386,-0.06165043103448276,0.3448275862068966,9.535599999999999
signal_age_le_100ms,50,10000,-7.726649999999999,498,151,114,-0.015515361445783131,-0.05116986754966887,-0.06777763157894737,0.38596491228070173,9.827549999999999
signal_age_le_100ms,100,500,-15.69115,498,180,120,-0.03150833333333333,-0.08717305555555556,-0.13075958333333335,0.09166666666666666,15.69115
signal_age_le_100ms,100,750,-16.404685999999998,498,180,120,-0.03294113654618473,-0.09113714444444443,-0.13670571666666664,0.10833333333333334,16.404685999999998
signal_age_le_100ms,100,1000,-15.448435999999997,498,180,120,-0.03102095582329317,-0.08582464444444443,-0.12873696666666665,0.11666666666666667,15.448435999999997
signal_age_le_100ms,100,1500,-12.433600000000006,498,180,120,-0.02496706827309238,-0.06907555555555558,-0.10361333333333338,0.175,12.433600000000006
signal_age_le_100ms,100,2000,-9.670000000000002,498,179,119,-0.01941767068273093,-0.05402234636871509,-0.08126050420168068,0.21008403361344538,9.670000000000002
signal_age_le_100ms,100,3000,-12.247250000000001,498,175,115,-0.024592871485943777,-0.06998428571428572,-0.10649782608695653,0.2608695652173913,12.438650000000003
signal_age_le_100ms,100,4000,-10.10365,498,173,113,-0.020288453815261044,-0.058402601156069364,-0.08941283185840708,0.25663716814159293,10.2421
signal_age_le_100ms,100,5000,-10.189649999999995,498,170,110,-0.02046114457831324,-0.059939117647058796,-0.09263318181818177,0.2636363636363636,10.381049999999997
signal_age_le_100ms,100,7500,-6.4720499999999985,498,162,102,-0.012996084337349395,-0.03995092592592592,-0.06345147058823528,0.3627450980392157,7.584649999999998
signal_age_le_100ms,100,10000,-4.896250000000001,498,161,101,-0.00983182730923695,-0.03041149068322982,-0.048477722772277236,0.36633663366336633,7.77075
signal_age_le_100ms,250,500,-15.967799999999999,498,176,110,-0.03206385542168674,-0.09072613636363636,-0.14516181818181817,0.02727272727272727,15.967799999999999
signal_age_le_100ms,250,750,-17.413086000000003,498,176,110,-0.03496603614457832,-0.09893798863636366,-0.15830078181818186,0.045454545454545456,17.413086000000003
signal_age_le_100ms,250,1000,-14.627400000000002,498,176,110,-0.02937228915662651,-0.08311022727272728,-0.13297636363636364,0.06363636363636363,14.627400000000002
signal_age_le_100ms,250,1500,-13.041850000000005,498,176,110,-0.026188453815261054,-0.07410142045454549,-0.11856227272727278,0.12727272727272726,13.041850000000005
signal_age_le_100ms,250,2000,-10.29245000000001,498,175,109,-0.020667570281124516,-0.058814000000000054,-0.09442614678899092,0.1559633027522936,10.29245000000001
signal_age_le_100ms,250,3000,-13.331850000000001,498,172,106,-0.02677078313253012,-0.07751075581395349,-0.12577216981132078,0.19811320754716982,13.523250000000003
signal_age_le_100ms,250,4000,-12.041250000000005,498,170,104,-0.02417921686746989,-0.0708308823529412,-0.11578125000000004,0.21153846153846154,12.179700000000006
signal_age_le_100ms,250,5000,-12.156599999999996,498,166,100,-0.024410843373493966,-0.0732325301204819,-0.12156599999999995,0.2,12.347999999999997
signal_age_le_100ms,250,7500,-8.096500000000002,498,159,93,-0.016258032128514063,-0.05092138364779876,-0.08705913978494627,0.3010752688172043,9.209100000000001
signal_age_le_100ms,250,10000,-6.761150000000004,498,158,92,-0.01357660642570282,-0.042792088607594966,-0.07349076086956527,0.32608695652173914,7.980450000000005
strong_signal_q75,5,500,-6.322450000000006,204,58,57,-0.030992401960784344,-0.10900775862068976,-0.1109201754385966,0.10526315789473684,6.322450000000006
strong_signal_q75,5,750,-6.200150000000007,204,58,57,-0.030392892156862777,-0.1068991379310346,-0.1087745614035089,0.15789473684210525,6.200150000000007
strong_signal_q75,5,1000,-5.701000000000006,204,58,57,-0.02794607843137258,-0.09829310344827596,-0.10001754385964923,0.17543859649122806,5.701000000000006
strong_signal_q75,5,1500,-7.256100000000007,204,56,55,-0.035569117647058855,-0.12957321428571442,-0.13192909090909105,0.16363636363636364,7.256100000000007
strong_signal_q75,5,2000,-5.746800000000007,204,55,54,-0.02817058823529415,-0.10448727272727285,-0.10642222222222235,0.14814814814814814,6.293250000000005
strong_signal_q75,5,3000,-6.065200000000008,204,54,53,-0.029731372549019648,-0.11231851851851866,-0.11443773584905675,0.1509433962264151,6.996350000000007
strong_signal_q75,5,4000,-6.435750000000004,204,54,53,-0.03154779411764708,-0.11918055555555564,-0.12142924528301895,0.20754716981132076,7.559950000000003
strong_signal_q75,5,5000,-4.815050000000003,204,52,51,-0.02360318627450982,-0.09259711538461544,-0.09441274509803928,0.17647058823529413,5.939250000000002
strong_signal_q75,5,7500,-3.850950000000003,204,49,48,-0.018877205882352956,-0.07859081632653067,-0.08022812500000007,0.20833333333333334,5.471900000000001
strong_signal_q75,5,10000,-1.3568500000000037,204,49,48,-0.006651225490196097,-0.027690816326530688,-0.02826770833333341,0.2708333333333333,4.912199999999999
strong_signal_q75,10,500,-5.011450000000007,204,58,54,-0.024565931372549053,-0.0864043103448277,-0.09280462962962976,0.1111111111111111,5.011450000000007
strong_signal_q75,10,750,-4.996750000000007,204,58,54,-0.024493872549019642,-0.08615086206896563,-0.09253240740740754,0.14814814814814814,4.996750000000007
strong_signal_q75,10,1000,-4.298700000000007,204,58,54,-0.021072058823529447,-0.07411551724137944,-0.0796055555555557,0.16666666666666666,4.298700000000007
strong_signal_q75,10,1500,-5.294000000000008,204,56,52,-0.0259509803921569,-0.09453571428571442,-0.10180769230769246,0.17307692307692307,5.294000000000008
strong_signal_q75,10,2000,-3.982050000000007,204,55,51,-0.019519852941176506,-0.07240090909090922,-0.07807941176470602,0.1568627450980392,4.5285000000000055
strong_signal_q75,10,3000,-5.366900000000007,204,55,51,-0.026308333333333368,-0.09758000000000014,-0.10523333333333347,0.1568627450980392,6.298050000000006
strong_signal_q75,10,4000,-4.942200000000004,204,55,51,-0.024226470588235315,-0.08985818181818189,-0.09690588235294126,0.21568627450980393,6.066400000000003
strong_signal_q75,10,5000,-3.568850000000003,204,53,49,-0.017494362745098052,-0.06733679245283024,-0.07283367346938782,0.1836734693877551,4.693050000000002
strong_signal_q75,10,7500,-2.8532000000000033,204,50,46,-0.013986274509803937,-0.057064000000000066,-0.06202608695652181,0.21739130434782608,4.474150000000001
strong_signal_q75,10,10000,-1.1117500000000033,204,50,46,-0.0054497549019608005,-0.022235000000000067,-0.02416847826086964,0.2608695652173913,4.637349999999999
strong_signal_q75,25,500,-6.187850000000007,204,58,52,-0.03033259803921572,-0.10668706896551737,-0.11899711538461552,0.057692307692307696,6.187850000000007
strong_signal_q75,25,750,-5.910100000000007,204,58,52,-0.028971078431372584,-0.1018982758620691,-0.11365576923076937,0.1346153846153846,5.910100000000007
strong_signal_q75,25,1000,-5.511450000000007,204,58,52,-0.027016911764705918,-0.09502500000000012,-0.10598942307692322,0.15384615384615385,5.511450000000007
strong_signal_q75,25,1500,-5.428700000000006,204,58,52,-0.026611274509803953,-0.09359827586206908,-0.10439807692307704,0.21153846153846154,5.590300000000006
strong_signal_q75,25,2000,-4.434400000000006,204,58,52,-0.021737254901960816,-0.07645517241379321,-0.0852769230769232,0.19230769230769232,5.396550000000006
strong_signal_q75,25,3000,-5.1725000000000065,204,58,52,-0.025355392156862777,-0.08918103448275873,-0.09947115384615397,0.19230769230769232,6.519350000000006
strong_signal_q75,25,4000,-5.741650000000007,204,58,52,-0.028145343137254936,-0.0989939655172415,-0.1104163461538463,0.19230769230769232,7.2815500000000055
strong_signal_q75,25,5000,-3.971900000000002,204,56,50,-0.019470098039215695,-0.07092678571428575,-0.07943800000000004,0.2,5.511800000000002
strong_signal_q75,25,7500,-3.2067000000000045,204,53,47,-0.015719117647058845,-0.060503773584905746,-0.06822765957446818,0.23404255319148937,5.243350000000002
strong_signal_q75,25,10000,-1.315950000000004,204,53,47,-0.006450735294117667,-0.02482924528301894,-0.02799893617021285,0.2553191489361702,5.046400000000001
strong_signal_q75,50,500,-6.2373000000000065,204,58,51,-0.030575000000000033,-0.1075396551724139,-0.12230000000000013,0.058823529411764705,6.2373000000000065
strong_signal_q75,50,750,-6.059550000000006,204,58,51,-0.029703676470588265,-0.10447500000000011,-0.11881470588235306,0.09803921568627451,6.059550000000006
strong_signal_q75,50,1000,-5.660900000000005,204,58,51,-0.027749509803921595,-0.09760172413793113,-0.11099803921568638,0.11764705882352941,5.660900000000005
strong_signal_q75,50,1500,-5.578150000000006,204,58,51,-0.027343872549019637,-0.09617500000000011,-0.10937549019607855,0.19607843137254902,5.578150000000006
strong_signal_q75,50,2000,-4.185500000000006,204,58,51,-0.02051715686274513,-0.07216379310344839,-0.08206862745098052,0.17647058823529413,4.733400000000005
strong_signal_q75,50,3000,-4.529750000000006,204,58,51,-0.02220465686274513,-0.0780991379310346,-0.08881862745098051,0.17647058823529413,5.462350000000005
strong_signal_q75,50,4000,-5.2953000000000054,204,58,51,-0.025957352941176497,-0.09129827586206905,-0.10382941176470599,0.21568627450980393,6.420950000000005
strong_signal_q75,50,5000,-3.9216000000000024,204,56,49,-0.01922352941176472,-0.07002857142857147,-0.08003265306122453,0.20408163265306123,5.047250000000002
strong_signal_q75,50,7500,-2.9578000000000038,204,53,46,-0.014499019607843156,-0.05580754716981139,-0.06430000000000008,0.1956521739130435,4.8202000000000025
strong_signal_q75,50,10000,-1.2159000000000026,204,53,46,-0.0059602941176470714,-0.022941509433962313,-0.02643260869565223,0.2608695652173913,4.772100000000001
strong_signal_q75,100,500,-4.118800000000007,204,60,44,-0.020190196078431408,-0.06864666666666679,-0.09360909090909107,0.06818181818181818,4.118800000000007
strong_signal_q75,100,750,-4.0356500000000075,204,60,44,-0.019782598039215723,-0.06726083333333346,-0.09171931818181835,0.06818181818181818,4.0356500000000075
strong_signal_q75,100,1000,-3.7400000000000078,204,60,44,-0.01833333333333337,-0.06233333333333346,-0.08500000000000017,0.09090909090909091,3.7400000000000078
strong_signal_q75,100,1500,-3.652750000000007,204,60,44,-0.017905637254901994,-0.06087916666666678,-0.08301704545454561,0.18181818181818182,3.652750000000007
strong_signal_q75,100,2000,-1.646000000000005,204,60,44,-0.008068627450980416,-0.027433333333333417,-0.037409090909091024,0.25,2.297600000000004
strong_signal_q75,100,3000,-1.030250000000005,204,60,44,-0.00505024509803924,-0.017170833333333416,-0.02341477272727284,0.2727272727272727,2.0665500000000043
strong_signal_q75,100,4000,-1.593600000000005,204,60,44,-0.007811764705882377,-0.026560000000000084,-0.036218181818181934,0.25,2.822950000000004
strong_signal_q75,100,5000,-1.0048000000000015,204,58,42,-0.0049254901960784385,-0.01732413793103451,-0.02392380952380956,0.2619047619047619,2.2341500000000005
strong_signal_q75,100,7500,-0.3547500000000031,204,57,41,-0.0017389705882353095,-0.006223684210526371,-0.00865243902439032,0.2682926829268293,2.320850000000002
strong_signal_q75,100,10000,1.1821499999999965,204,57,41,0.005794852941176453,0.020739473684210464,0.028832926829268208,0.2682926829268293,2.4777500000000012
strong_signal_q75,250,500,-4.973550000000005,204,60,43,-0.02438014705882355,-0.08289250000000008,-0.1156639534883722,0.0,4.973550000000005
strong_signal_q75,250,750,-4.896600000000004,204,60,43,-0.024002941176470605,-0.08161000000000006,-0.11387441860465125,0.0,4.896600000000004
strong_signal_q75,250,1000,-4.299050000000004,204,60,43,-0.02107377450980394,-0.0716508333333334,-0.09997790697674427,0.023255813953488372,4.299050000000004
strong_signal_q75,250,1500,-4.211800000000004,204,60,43,-0.020646078431372568,-0.07019666666666673,-0.09794883720930242,0.11627906976744186,4.211800000000004
strong_signal_q75,250,2000,-1.9553000000000045,204,60,43,-0.009584803921568649,-0.03258833333333341,-0.045472093023255916,0.13953488372093023,2.555750000000004
strong_signal_q75,250,3000,-2.198400000000005,204,60,43,-0.010776470588235318,-0.03664000000000008,-0.05112558139534895,0.16279069767441862,3.183550000000004
strong_signal_q75,250,4000,-2.961750000000003,204,60,43,-0.014518382352941192,-0.04936250000000005,-0.06887790697674426,0.18604651162790697,4.1399500000000025
strong_signal_q75,250,5000,-2.3729500000000003,204,58,41,-0.011632107843137257,-0.040912931034482763,-0.05787682926829269,0.17073170731707318,3.55115
strong_signal_q75,250,7500,-1.2752500000000022,204,57,40,-0.0062512254901960895,-0.0223728070175439,-0.031881250000000055,0.15,3.1902000000000017
strong_signal_q75,250,10000,0.07374999999999754,204,57,40,0.0003615196078431252,0.0012938596491227639,0.0018437499999999385,0.2,3.535000000000001
very_strong_signal_q90,5,500,-3.1693000000000007,87,23,22,-0.03642873563218391,-0.13779565217391307,-0.14405909090909094,0.13636363636363635,3.1693000000000007
very_strong_signal_q90,5,750,-2.415499999999999,87,23,22,-0.027764367816091942,-0.10502173913043474,-0.10979545454545449,0.18181818181818182,2.415499999999999
very_strong_signal_q90,5,1000,-2.3204499999999983,87,23,22,-0.026671839080459753,-0.10088913043478254,-0.10547499999999993,0.22727272727272727,2.3204499999999983
very_strong_signal_q90,5,1500,-3.7115000000000014,87,23,22,-0.0426609195402299,-0.16136956521739138,-0.16870454545454552,0.13636363636363635,3.7115000000000014
very_strong_signal_q90,5,2000,-2.1265499999999995,87,23,22,-0.024443103448275855,-0.09245869565217389,-0.09666136363636361,0.13636363636363635,2.2775
very_strong_signal_q90,5,3000,-2.2194000000000007,87,22,21,-0.025510344827586216,-0.10088181818181821,-0.10568571428571431,0.14285714285714285,2.5143500000000008
very_strong_signal_q90,5,4000,-2.22635,87,22,21,-0.02559022988505747,-0.10119772727272727,-0.10601666666666668,0.2857142857142857,2.71435
very_strong_signal_q90,5,5000,-2.2039999999999993,87,20,19,-0.025333333333333326,-0.11019999999999996,-0.11599999999999996,0.21052631578947367,2.6878499999999983
very_strong_signal_q90,5,7500,-1.0959000000000017,87,20,19,-0.01259655172413795,-0.05479500000000008,-0.05767894736842114,0.3157894736842105,2.264950000000001
very_strong_signal_q90,5,10000,0.6735499999999979,87,20,19,0.0077419540229884815,0.033677499999999895,0.03544999999999989,0.47368421052631576,2.0625999999999998
very_strong_signal_q90,10,500,-2.7264500000000003,87,23,20,-0.03133850574712644,-0.1185413043478261,-0.1363225,0.15,2.7264500000000003
very_strong_signal_q90,10,750,-2.129249999999999,87,23,20,-0.02447413793103447,-0.0925760869565217,-0.10646249999999995,0.15,2.129249999999999
very_strong_signal_q90,10,1000,-1.8352999999999988,87,23,20,-0.02109540229885056,-0.07979565217391299,-0.09176499999999994,0.2,1.8352999999999988
very_strong_signal_q90,10,1500,-2.5685000000000016,87,23,20,-0.029522988505747146,-0.11167391304347833,-0.12842500000000007,0.15,2.5685000000000016
very_strong_signal_q90,10,2000,-1.0825499999999997,87,23,20,-0.012443103448275858,-0.04706739130434781,-0.05412749999999998,0.15,1.2335
very_strong_signal_q90,10,3000,-1.5959499999999995,87,23,20,-0.018344252873563213,-0.06938913043478259,-0.07979749999999998,0.15,1.8909
very_strong_signal_q90,10,4000,-1.4042999999999992,87,23,20,-0.01614137931034482,-0.0610565217391304,-0.07021499999999996,0.3,1.9192999999999993
very_strong_signal_q90,10,5000,-1.4810999999999988,87,21,18,-0.01702413793103447,-0.07052857142857137,-0.08228333333333326,0.2222222222222222,1.9649499999999984
very_strong_signal_q90,10,7500,-0.5223000000000015,87,21,18,-0.006003448275862086,-0.024871428571428645,-0.029016666666666753,0.3333333333333333,1.7682000000000007
very_strong_signal_q90,10,10000,0.6437999999999982,87,21,18,0.007399999999999979,0.03065714285714277,0.035766666666666565,0.4444444444444444,2.0625999999999998
very_strong_signal_q90,25,500,-2.61205,87,23,20,-0.030023563218390805,-0.11356739130434783,-0.1306025,0.1,2.61205
very_strong_signal_q90,25,750,-2.4145999999999996,87,23,20,-0.027754022988505742,-0.10498260869565215,-0.12072999999999998,0.2,2.4145999999999996
very_strong_signal_q90,25,1000,-2.3696499999999996,87,23,20,-0.027237356321839077,-0.1030282608695652,-0.11848249999999998,0.25,2.3696499999999996
very_strong_signal_q90,25,1500,-2.753400000000001,87,23,20,-0.031648275862068975,-0.11971304347826091,-0.13767000000000004,0.25,2.9373000000000014
very_strong_signal_q90,25,2000,-1.02025,87,23,20,-0.011727011494252875,-0.044358695652173916,-0.0510125,0.25,1.5869000000000002
very_strong_signal_q90,25,3000,-1.5328000000000004,87,23,20,-0.017618390804597706,-0.06664347826086958,-0.07664000000000001,0.25,2.2434500000000006
very_strong_signal_q90,25,4000,-1.7383499999999992,87,23,20,-0.019981034482758613,-0.07558043478260866,-0.08691749999999995,0.25,2.6420499999999993
very_strong_signal_q90,25,5000,-1.5669499999999994,87,21,18,-0.01801091954022988,-0.07461666666666664,-0.08705277777777774,0.2777777777777778,2.4664999999999986
very_strong_signal_q90,25,7500,-0.6577500000000016,87,21,18,-0.007560344827586225,-0.031321428571428646,-0.03654166666666676,0.3888888888888889,2.242500000000001
very_strong_signal_q90,25,10000,0.5083499999999976,87,21,18,0.0058431034482758345,0.024207142857142743,0.028241666666666537,0.4444444444444444,2.0625999999999998
very_strong_signal_q90,50,500,-2.839249999999999,87,23,20,-0.032635057471264356,-0.123445652173913,-0.14196249999999994,0.1,2.839249999999999
very_strong_signal_q90,50,750,-2.641799999999998,87,23,20,-0.03036551724137929,-0.11486086956521731,-0.1320899999999999,0.1,2.641799999999998
very_strong_signal_q90,50,1000,-2.596849999999998,87,23,20,-0.02984885057471262,-0.11290652173913035,-0.12984249999999992,0.15,2.596849999999998
very_strong_signal_q90,50,1500,-2.9806,87,23,20,-0.03425977011494253,-0.1295913043478261,-0.14903,0.15,2.9806
very_strong_signal_q90,50,2000,-1.2474499999999988,87,23,20,-0.014338505747126423,-0.05423695652173908,-0.06237249999999994,0.15,1.5104999999999995
very_strong_signal_q90,50,3000,-1.7599999999999993,87,23,20,-0.020229885057471256,-0.07652173913043475,-0.08799999999999997,0.15,2.16705
very_strong_signal_q90,50,4000,-1.9655499999999981,87,23,20,-0.022592528735632163,-0.08545869565217383,-0.0982774999999999,0.25,2.565649999999999
very_strong_signal_q90,50,5000,-1.7941499999999984,87,21,18,-0.02062241379310343,-0.08543571428571421,-0.0996749999999999,0.2222222222222222,2.466499999999999
very_strong_signal_q90,50,7500,-0.8849500000000003,87,21,18,-0.010171839080459774,-0.04214047619047621,-0.04916388888888891,0.2777777777777778,2.2425000000000006
very_strong_signal_q90,50,10000,0.2811499999999988,87,21,18,0.003231609195402285,0.01338809523809518,0.015619444444444377,0.4444444444444444,2.0625999999999998
very_strong_signal_q90,100,500,-1.2200499999999994,87,23,17,-0.014023563218390798,-0.053045652173913015,-0.07176764705882349,0.11764705882352941,1.2200499999999994
very_strong_signal_q90,100,750,-0.9228999999999996,87,23,17,-0.010608045977011489,-0.04012608695652172,-0.05428823529411762,0.11764705882352941,0.9228999999999996
very_strong_signal_q90,100,1000,-0.9809499999999991,87,23,17,-0.011275287356321828,-0.04264999999999996,-0.05770294117647053,0.17647058823529413,0.9809499999999991
very_strong_signal_q90,100,1500,-1.2657000000000012,87,23,17,-0.014548275862068978,-0.055030434782608745,-0.07445294117647065,0.17647058823529413,1.2657000000000012
very_strong_signal_q90,100,2000,0.06525000000000081,87,23,17,0.0007500000000000092,0.0028369565217391656,0.0038382352941176943,0.29411764705882354,0.3014999999999993
very_strong_signal_q90,100,3000,0.20925000000000105,87,23,17,0.0024051724137931153,0.009097826086956567,0.012308823529411827,0.29411764705882354,0.3014999999999993
very_strong_signal_q90,100,4000,0.4023000000000009,87,23,17,0.004624137931034493,0.017491304347826125,0.023664705882352994,0.29411764705882354,0.3014999999999993
very_strong_signal_q90,100,5000,0.47455000000000086,87,21,15,0.005454597701149435,0.02259761904761909,0.03163666666666672,0.3333333333333333,0.3014999999999993
very_strong_signal_q90,100,7500,0.7334499999999988,87,21,15,0.00843045977011493,0.03492619047619042,0.04889666666666659,0.4666666666666667,0.7278000000000013
very_strong_signal_q90,100,10000,1.6972999999999985,87,21,15,0.019509195402298833,0.08082380952380945,0.11315333333333323,0.4666666666666667,0.6211
very_strong_signal_q90,250,500,-2.2098499999999976,87,23,17,-0.02540057471264365,-0.0960804347826086,-0.1299911764705881,0.0,2.2098499999999976
very_strong_signal_q90,250,750,-1.9188999999999972,87,23,17,-0.022056321839080427,-0.08343043478260857,-0.11287647058823513,0.0,1.9188999999999972
very_strong_signal_q90,250,1000,-1.675049999999997,87,23,17,-0.019253448275862034,-0.07282826086956509,-0.0985323529411763,0.058823529411764705,1.675049999999997
very_strong_signal_q90,250,1500,-1.9597999999999987,87,23,17,-0.02252643678160918,-0.08520869565217386,-0.11528235294117639,0.058823529411764705,1.9597999999999987
very_strong_signal_q90,250,2000,-0.43234999999999935,87,23,17,-0.00496954022988505,-0.018797826086956494,-0.025432352941176434,0.058823529411764705,0.5832999999999995
very_strong_signal_q90,250,3000,-1.0939499999999989,87,23,17,-0.012574137931034469,-0.04756304347826082,-0.06434999999999994,0.058823529411764705,1.3888999999999994
very_strong_signal_q90,250,4000,-1.100899999999998,87,23,17,-0.012654022988505724,-0.04786521739130426,-0.06475882352941165,0.17647058823529413,1.5888999999999984
very_strong_signal_q90,250,5000,-1.0286499999999985,87,21,15,-0.011823563218390787,-0.04898333333333326,-0.06857666666666656,0.13333333333333333,1.4682999999999986
very_strong_signal_q90,250,7500,-0.2687500000000009,87,21,15,-0.003089080459770125,-0.012797619047619089,-0.017916666666666727,0.2,1.3733000000000004
very_strong_signal_q90,250,10000,0.5071999999999999,87,21,15,0.005829885057471263,0.024152380952380946,0.03381333333333333,0.3333333333333333,1.6676999999999993
weak_signal_bottom50,5,500,-11.593170399999995,380,89,80,-0.030508343157894722,-0.13026034157303365,-0.14491462999999993,0.175,11.593170399999995
weak_signal_bottom50,5,750,-10.796535999999994,380,89,80,-0.02841193684210525,-0.1213093932584269,-0.13495669999999993,0.2,10.796535999999994
weak_signal_bottom50,5,1000,-9.840935999999996,380,89,80,-0.02589719999999999,-0.11057231460674152,-0.12301169999999995,0.2,9.840935999999996
weak_signal_bottom50,5,1500,-5.550549999999998,380,89,80,-0.014606710526315783,-0.06236573033707862,-0.06938187499999997,0.275,8.144449999999999
weak_signal_bottom50,5,2000,-6.055350000000001,380,86,77,-0.01593513157894737,-0.07041104651162791,-0.0786409090909091,0.23376623376623376,7.688349999999998
weak_signal_bottom50,5,3000,-15.437989999999996,380,82,73,-0.0406262894736842,-0.18826817073170726,-0.2114793150684931,0.273972602739726,15.437989999999996
weak_signal_bottom50,5,4000,-10.407099999999998,380,78,69,-0.02738710526315789,-0.13342435897435895,-0.15082753623188402,0.3188405797101449,12.02305
weak_signal_bottom50,5,5000,-11.230849999999995,380,76,67,-0.029554868421052618,-0.14777434210526308,-0.16762462686567156,0.2835820895522388,12.520349999999999
weak_signal_bottom50,5,7500,-7.182749999999997,380,68,59,-0.018901973684210517,-0.10562867647058818,-0.12174152542372876,0.4406779661016949,9.664599999999998
weak_signal_bottom50,5,10000,-9.789449999999999,380,67,58,-0.025761710526315786,-0.14611119402985073,-0.16878362068965516,0.46551724137931033,11.68595
weak_signal_bottom50,10,500,-10.579449999999998,380,89,78,-0.027840657894736838,-0.1188702247191011,-0.13563397435897434,0.1794871794871795,10.579449999999998
weak_signal_bottom50,10,750,-11.019035999999995,380,89,78,-0.028997463157894723,-0.12380939325842691,-0.14126969230769224,0.19230769230769232,11.019035999999995
weak_signal_bottom50,10,1000,-10.063435999999996,380,89,78,-0.026482726315789462,-0.11307231460674153,-0.1290184102564102,0.19230769230769232,10.063435999999996
weak_signal_bottom50,10,1500,-5.771449999999999,380,89,78,-0.015188026315789471,-0.06484775280898875,-0.0739929487179487,0.2564102564102564,8.144449999999999
weak_signal_bottom50,10,2000,-5.781550000000003,380,87,76,-0.015214605263157903,-0.06645459770114946,-0.07607302631578951,0.23684210526315788,7.688349999999999
weak_signal_bottom50,10,3000,-15.513489999999997,380,83,72,-0.04082497368421052,-0.18690951807228912,-0.21546513888888885,0.2638888888888889,15.513489999999997
weak_signal_bottom50,10,4000,-10.88595,380,79,68,-0.02864723684210526,-0.13779683544303797,-0.1600875,0.3088235294117647,12.02305
weak_signal_bottom50,10,5000,-11.456999999999995,380,77,66,-0.03014999999999999,-0.14879220779220773,-0.17359090909090902,0.2727272727272727,12.631499999999999
weak_signal_bottom50,10,7500,-7.182749999999997,380,70,59,-0.018901973684210517,-0.10261071428571424,-0.12174152542372876,0.4406779661016949,9.664599999999998
weak_signal_bottom50,10,10000,-9.789449999999999,380,69,58,-0.025761710526315786,-0.1418760869565217,-0.16878362068965516,0.46551724137931033,11.68595
weak_signal_bottom50,25,500,-11.955849999999995,380,89,72,-0.03146276315789472,-0.13433539325842692,-0.16605347222222214,0.1111111111111111,11.955849999999995
weak_signal_bottom50,25,750,-12.280985999999999,380,89,72,-0.03231838421052631,-0.137988606741573,-0.17056924999999998,0.1388888888888889,12.280985999999999
weak_signal_bottom50,25,1000,-11.475185999999997,380,89,72,-0.030197857894736835,-0.12893467415730334,-0.1593775833333333,0.1388888888888889,11.475185999999997
weak_signal_bottom50,25,1500,-8.058649999999997,380,89,72,-0.02120697368421052,-0.09054662921348311,-0.11192569444444439,0.20833333333333334,8.058649999999997
weak_signal_bottom50,25,2000,-7.174500000000002,380,89,72,-0.01888026315789474,-0.08061235955056181,-0.09964583333333336,0.2222222222222222,7.561949999999999
weak_signal_bottom50,25,3000,-14.200499999999998,380,85,68,-0.03736973684210526,-0.16706470588235292,-0.20883088235294114,0.2647058823529412,14.200499999999998
weak_signal_bottom50,25,4000,-10.8023,380,83,66,-0.028427105263157896,-0.13014819277108436,-0.16367121212121213,0.30303030303030304,11.896650000000001
weak_signal_bottom50,25,5000,-11.533849999999996,380,81,64,-0.03035223684210525,-0.14239320987654316,-0.18021640624999993,0.265625,12.453299999999999
weak_signal_bottom50,25,7500,-7.417999999999997,380,74,57,-0.01952105263157894,-0.1002432432432432,-0.13014035087719292,0.43859649122807015,9.538199999999996
weak_signal_bottom50,25,10000,-10.0247,380,73,56,-0.026380789473684208,-0.13732465753424655,-0.1790125,0.4642857142857143,11.55955
weak_signal_bottom50,50,500,-11.654999999999994,380,91,67,-0.030671052631578932,-0.128076923076923,-0.17395522388059692,0.1044776119402985,11.654999999999994
weak_signal_bottom50,50,750,-12.362235999999996,380,91,67,-0.03253219999999999,-0.1358487472527472,-0.1845109850746268,0.11940298507462686,12.362235999999996
weak_signal_bottom50,50,1000,-11.564685999999995,380,91,67,-0.030433384210526302,-0.12708446153846148,-0.1726072537313432,0.11940298507462686,11.564685999999995
weak_signal_bottom50,50,1500,-7.991399999999998,380,91,67,-0.021029999999999993,-0.08781758241758239,-0.11927462686567161,0.19402985074626866,7.991399999999998
weak_signal_bottom50,50,2000,-7.2665000000000015,380,91,67,-0.019122368421052634,-0.07985164835164837,-0.10845522388059704,0.208955223880597,7.3474499999999985
weak_signal_bottom50,50,3000,-13.625699999999995,380,88,64,-0.03585710526315788,-0.15483749999999993,-0.21290156249999992,0.25,13.874649999999995
weak_signal_bottom50,50,4000,-10.173499999999999,380,86,62,-0.026772368421052628,-0.11829651162790697,-0.16408870967741934,0.2903225806451613,11.57945
weak_signal_bottom50,50,5000,-10.768599999999994,380,84,60,-0.02833842105263156,-0.12819761904761898,-0.17947666666666656,0.25,12.187899999999997
weak_signal_bottom50,50,7500,-7.122249999999997,380,77,53,-0.018742763157894728,-0.0924967532467532,-0.13438207547169806,0.39622641509433965,9.735999999999997
weak_signal_bottom50,50,10000,-9.889049999999996,380,76,52,-0.026023815789473673,-0.13011907894736838,-0.19017403846153838,0.4230769230769231,11.96435
weak_signal_bottom50,100,500,-9.124199999999995,380,94,57,-0.024011052631578933,-0.09706595744680846,-0.16007368421052623,0.08771929824561403,9.124199999999995
weak_signal_bottom50,100,750,-10.343935999999996,380,94,57,-0.027220884210526305,-0.11004187234042549,-0.1814725614035087,0.12280701754385964,10.343935999999996
weak_signal_bottom50,100,1000,-9.845485999999996,380,94,57,-0.025909173684210515,-0.1047392127659574,-0.17272782456140343,0.12280701754385964,9.845485999999996
weak_signal_bottom50,100,1500,-7.432699999999999,380,94,57,-0.019559736842105258,-0.07907127659574467,-0.13039824561403507,0.17543859649122806,7.432699999999999
weak_signal_bottom50,100,2000,-7.064250000000002,380,94,57,-0.018590131578947375,-0.07515159574468087,-0.12393421052631583,0.19298245614035087,7.064250000000002
weak_signal_bottom50,100,3000,-12.66525,380,91,54,-0.033329605263157897,-0.13917857142857143,-0.23454166666666668,0.24074074074074073,13.2387
weak_signal_bottom50,100,4000,-8.98875,380,89,52,-0.023654605263157893,-0.10099719101123596,-0.1728605769230769,0.25,10.095550000000001
weak_signal_bottom50,100,5000,-9.895049999999994,380,89,52,-0.026039605263157878,-0.11118033707865162,-0.19028942307692295,0.21153846153846154,10.894349999999998
weak_signal_bottom50,100,7500,-7.889149999999998,380,82,45,-0.020760921052631574,-0.0962091463414634,-0.1753144444444444,0.37777777777777777,9.061550000000002
weak_signal_bottom50,100,10000,-8.3529,380,82,45,-0.021981315789473686,-0.10186463414634146,-0.18562,0.37777777777777777,9.951100000000002
weak_signal_bottom50,250,500,-8.8895,380,90,52,-0.023393421052631577,-0.09877222222222222,-0.17095192307692308,0.057692307692307696,8.8895
weak_signal_bottom50,250,750,-10.365436,380,90,52,-0.027277463157894737,-0.11517151111111112,-0.1993353076923077,0.09615384615384616,10.365436
weak_signal_bottom50,250,1000,-8.23355,380,90,52,-0.02166723684210526,-0.09148388888888888,-0.1583375,0.11538461538461539,8.23355
weak_signal_bottom50,250,1500,-6.884000000000001,380,90,52,-0.018115789473684214,-0.0764888888888889,-0.1323846153846154,0.17307692307692307,6.884000000000001
weak_signal_bottom50,250,2000,-6.673300000000005,380,90,52,-0.017561315789473696,-0.07414777777777783,-0.1283326923076924,0.21153846153846154,6.726150000000001
weak_signal_bottom50,250,3000,-12.1941,380,88,50,-0.03208973684210527,-0.1385693181818182,-0.24388200000000002,0.24,12.882949999999997
weak_signal_bottom50,250,4000,-9.224450000000001,380,86,48,-0.024274868421052635,-0.10726104651162792,-0.19217604166666669,0.25,10.125999999999998
weak_signal_bottom50,250,5000,-10.054399999999998,380,85,47,-0.026458947368421047,-0.11828705882352938,-0.2139234042553191,0.19148936170212766,11.115749999999997
weak_signal_bottom50,250,7500,-7.3683000000000005,380,79,41,-0.019390263157894737,-0.09326962025316457,-0.17971463414634148,0.3902439024390244,8.60275
weak_signal_bottom50,250,10000,-7.937550000000002,380,79,41,-0.020888289473684214,-0.10047531645569623,-0.1935987804878049,0.3902439024390244,9.5978
ret250_momentum,5,500,-19.2700204,692,169,160,-0.02784685028901734,-0.11402378934911242,-0.1204376275,0.175,19.2961704
ret250_momentum,5,750,-18.058635999999993,692,169,160,-0.026096294797687852,-0.10685583431952658,-0.11286647499999995,0.20625,18.084785999999994
ret250_momentum,5,1000,-16.536286,692,169,160,-0.023896367052023124,-0.09784784615384616,-0.1033517875,0.20625,16.536286
ret250_momentum,5,1500,-12.09,692,167,158,-0.017471098265895952,-0.07239520958083832,-0.07651898734177215,0.24050632911392406,12.09
ret250_momentum,5,2000,-11.4677,692,162,153,-0.016571820809248555,-0.07078827160493828,-0.07495228758169935,0.21568627450980393,11.468100000000002
ret250_momentum,5,3000,-20.525739999999992,692,156,147,-0.029661473988439293,-0.13157525641025636,-0.13963088435374144,0.25170068027210885,21.001989999999992
ret250_momentum,5,4000,-15.488299999999992,692,152,143,-0.02238193641618496,-0.10189671052631573,-0.10830979020979015,0.2937062937062937,15.858649999999994
ret250_momentum,5,5000,-13.232449999999993,692,147,138,-0.019122037572254325,-0.09001666666666662,-0.09588731884057966,0.2898550724637681,13.879949999999994
ret250_momentum,5,7500,-2.734499999999998,692,136,127,-0.003951589595375719,-0.02010661764705881,-0.02153149606299211,0.3937007874015748,9.554699999999997
ret250_momentum,5,10000,-6.645349999999999,692,132,123,-0.009603106936416183,-0.0503435606060606,-0.05402723577235771,0.4065040650406504,9.42935
ret250_momentum,10,500,-16.887449999999994,692,169,154,-0.02440382947976878,-0.09992573964497038,-0.10965876623376619,0.17532467532467533,16.913599999999995
ret250_momentum,10,750,-16.914135999999992,692,169,154,-0.024442393063583805,-0.10008364497041415,-0.1098320519480519,0.2012987012987013,16.940285999999993
ret250_momentum,10,1000,-15.192885999999998,692,169,154,-0.02195503757225433,-0.08989873372781064,-0.09865510389610388,0.2012987012987013,15.192885999999998
ret250_momentum,10,1500,-10.339300000000005,692,167,152,-0.014941184971098273,-0.06191197604790422,-0.06802171052631582,0.23026315789473684,10.339300000000005
ret250_momentum,10,2000,-9.313899999999999,692,163,148,-0.013459393063583814,-0.057140490797546004,-0.06293175675675675,0.22297297297297297,9.3143
ret250_momentum,10,3000,-19.84053999999999,692,158,143,-0.02867130057803467,-0.12557303797468347,-0.1387450349650349,0.2517482517482518,20.31678999999999
ret250_momentum,10,4000,-14.41119999999999,692,154,139,-0.020825433526011548,-0.09357922077922072,-0.10367769784172655,0.2949640287769784,14.781549999999992
ret250_momentum,10,5000,-12.308899999999994,692,149,134,-0.017787427745664733,-0.08261006711409392,-0.09185746268656712,0.2835820895522388,12.859899999999996
ret250_momentum,10,7500,-1.9927999999999992,692,139,124,-0.0028797687861271664,-0.014336690647482008,-0.016070967741935477,0.3951612903225806,9.554699999999999
ret250_momentum,10,10000,-6.656299999999998,692,135,120,-0.009618930635838147,-0.04930592592592591,-0.05546916666666665,0.4,9.42935
ret250_momentum,25,500,-19.121449999999996,692,169,147,-0.027632153179190745,-0.11314467455621299,-0.13007789115646257,0.1292517006802721,19.147599999999997
ret250_momentum,25,750,-19.133785999999994,692,169,147,-0.027649979768786116,-0.11321766863905322,-0.13016180952380949,0.17006802721088435,19.159935999999995
ret250_momentum,25,1000,-18.017486,692,169,147,-0.026036829479768788,-0.10661234319526629,-0.12256793197278913,0.17006802721088435,18.017486
ret250_momentum,25,1500,-13.25225,692,168,146,-0.01915065028901734,-0.07888244047619047,-0.09076883561643835,0.21232876712328766,13.25225
ret250_momentum,25,2000,-11.545750000000002,692,167,145,-0.0166846098265896,-0.0691362275449102,-0.07962586206896553,0.2206896551724138,11.556300000000002
ret250_momentum,25,3000,-18.82419999999999,692,162,140,-0.027202601156069352,-0.11619876543209871,-0.13445857142857137,0.2571428571428571,19.30044999999999
ret250_momentum,25,4000,-15.566249999999997,692,160,138,-0.022494580924855487,-0.09728906249999998,-0.11279891304347824,0.2753623188405797,15.936599999999999
ret250_momentum,25,5000,-13.54434999999999,692,155,133,-0.01957276011560692,-0.08738290322580639,-0.10183721804511271,0.2781954887218045,14.020599999999993
ret250_momentum,25,7500,-3.3383999999999987,692,145,123,-0.004824277456647397,-0.02302344827586206,-0.027141463414634137,0.3902439024390244,9.092099999999997
ret250_momentum,25,10000,-7.852599999999997,692,141,119,-0.011347687861271672,-0.055692198581560264,-0.06598823529411763,0.3865546218487395,9.434199999999997
ret250_momentum,50,500,-19.862099999999998,692,171,135,-0.02870245664739884,-0.11615263157894735,-0.14712666666666666,0.08888888888888889,19.862099999999998
ret250_momentum,50,750,-19.844135999999992,692,171,135,-0.028676497109826577,-0.11604757894736838,-0.14699359999999995,0.11851851851851852,19.844135999999992
ret250_momentum,50,1000,-18.580185999999998,692,171,135,-0.026849979768786125,-0.10865605847953215,-0.13763100740740739,0.1259259259259259,18.580185999999998
ret250_momentum,50,1500,-13.557650000000002,692,170,134,-0.01959197976878613,-0.07975088235294119,-0.10117649253731345,0.19402985074626866,13.557650000000002
ret250_momentum,50,2000,-11.504500000000004,692,169,133,-0.016625000000000004,-0.06807396449704144,-0.08650000000000002,0.19548872180451127,11.504500000000004
ret250_momentum,50,3000,-18.040549999999993,692,165,129,-0.02607015895953756,-0.10933666666666662,-0.1398492248062015,0.23255813953488372,18.231949999999994
ret250_momentum,50,4000,-14.923849999999998,692,163,127,-0.021566257225433524,-0.09155736196319017,-0.11751062992125982,0.2677165354330709,15.062299999999999
ret250_momentum,50,5000,-13.541099999999993,692,158,122,-0.019568063583815017,-0.08570316455696197,-0.11099262295081962,0.26229508196721313,13.732499999999995
ret250_momentum,50,7500,-6.8451499999999985,692,148,112,-0.009891835260115604,-0.0462510135135135,-0.061117410714285704,0.3482142857142857,9.229299999999999
ret250_momentum,50,10000,-7.797199999999997,692,146,110,-0.011267630057803464,-0.053405479452054774,-0.07088363636363633,0.37272727272727274,9.707749999999997
ret250_momentum,100,500,-16.87225,692,176,121,-0.024381864161849714,-0.09586505681818182,-0.13944008264462812,0.08264462809917356,16.87225
ret250_momentum,100,750,-17.532685999999998,692,176,121,-0.025336251445086704,-0.09961753409090908,-0.14489823140495867,0.09917355371900827,17.532685999999998
ret250_momentum,100,1000,-16.525985999999996,692,176,121,-0.023881482658959532,-0.0938976477272727,-0.13657839669421484,0.10743801652892562,16.525985999999996
ret250_momentum,100,1500,-12.896800000000002,692,175,120,-0.01863699421965318,-0.07369600000000001,-0.10747333333333335,0.16666666666666666,12.896800000000002
ret250_momentum,100,2000,-10.234200000000001,692,174,119,-0.014789306358381505,-0.05881724137931035,-0.08600168067226892,0.20168067226890757,10.234200000000001
ret250_momentum,100,3000,-15.103850000000001,692,170,115,-0.021826372832369944,-0.08884617647058825,-0.13133782608695654,0.25217391304347825,15.295250000000003
ret250_momentum,100,4000,-12.056899999999999,692,168,113,-0.017423265895953756,-0.0717672619047619,-0.10669823008849556,0.24778761061946902,12.19535
ret250_momentum,100,5000,-11.977849999999995,692,165,110,-0.017309031791907507,-0.07259303030303027,-0.1088895454545454,0.2545454545454545,12.169249999999996
ret250_momentum,100,7500,-7.671499999999997,692,157,102,-0.011085982658959534,-0.048863057324840746,-0.07521078431372547,0.35294117647058826,8.784099999999997
ret250_momentum,100,10000,-6.6461,692,156,101,-0.009604190751445087,-0.042603205128205125,-0.0658029702970297,0.3564356435643564,9.33025
ret250_momentum,250,500,-16.854350000000004,692,172,111,-0.024355997109826596,-0.0979904069767442,-0.15184099099099102,0.018018018018018018,16.854350000000004
ret250_momentum,250,750,-18.246536000000003,692,172,111,-0.02636782658959538,-0.106084511627907,-0.16438320720720723,0.036036036036036036,18.246536000000003
ret250_momentum,250,1000,-15.4104,692,172,111,-0.02226936416184971,-0.0895953488372093,-0.13883243243243243,0.05405405405405406,15.4104
ret250_momentum,250,1500,-13.505050000000002,692,171,110,-0.01951596820809249,-0.07897690058479534,-0.12277318181818184,0.11818181818181818,13.505050000000002
ret250_momentum,250,2000,-10.856650000000005,692,170,109,-0.01568880057803469,-0.06386264705882357,-0.0996022935779817,0.14678899082568808,10.856650000000005
ret250_momentum,250,3000,-16.18845,692,167,106,-0.02339371387283237,-0.09693682634730538,-0.15272122641509434,0.18867924528301888,16.37985
ret250_momentum,250,4000,-13.994500000000004,692,165,104,-0.020223265895953763,-0.08481515151515154,-0.13456250000000003,0.20192307692307693,14.132950000000005
ret250_momentum,250,5000,-13.944799999999995,692,161,100,-0.020151445086705196,-0.08661366459627326,-0.13944799999999996,0.19,14.136199999999997
ret250_momentum,250,7500,-9.295950000000003,692,154,93,-0.013433453757225438,-0.06036331168831171,-0.09995645161290326,0.2903225806451613,10.408550000000002
ret250_momentum,250,10000,-8.511000000000005,692,153,92,-0.012299132947976885,-0.055627450980392186,-0.09251086956521744,0.31521739130434784,9.730300000000005
ret250_reversal,5,500,-45.933289999999985,692,160,160,-0.06637758670520229,-0.28708306249999993,-0.28708306249999993,0.03125,46.40678999999999
ret250_reversal,5,750,-47.371133500000006,692,160,160,-0.06845539523121388,-0.29606958437500003,-0.29606958437500003,0.03125,48.037633500000005
ret250_reversal,5,1000,-48.73061699999999,692,160,160,-0.07041996676300576,-0.30456635624999995,-0.30456635624999995,0.03125,49.20411699999999
ret250_reversal,5,1500,-50.008649999999996,692,158,158,-0.0722668352601156,-0.31651044303797465,-0.31651044303797465,0.04430379746835443,50.38585
ret250_reversal,5,2000,-48.28629999999997,692,152,152,-0.06977789017341036,-0.31767302631578925,-0.31767302631578925,0.039473684210526314,48.75979999999997
ret250_reversal,5,3000,-39.566400000000016,692,145,145,-0.05717687861271679,-0.27287172413793115,-0.27287172413793115,0.041379310344827586,39.84750000000001
ret250_reversal,5,4000,-38.046,692,141,141,-0.05497976878612717,-0.26982978723404255,-0.26982978723404255,0.07092198581560284,38.4232
ret250_reversal,5,5000,-40.931974800000006,692,136,136,-0.05915025260115608,-0.3009704029411765,-0.3009704029411765,0.051470588235294115,41.30917480000001
ret250_reversal,5,7500,-46.65430000000003,692,124,124,-0.06741950867052027,-0.3762443548387099,-0.3762443548387099,0.12903225806451613,47.03150000000003
ret250_reversal,5,10000,-40.524900000000024,692,119,119,-0.05856199421965321,-0.3405453781512607,-0.3405453781512607,0.1092436974789916,40.80600000000002
ret250_reversal,10,500,-45.19653999999999,692,160,159,-0.0653129190751445,-0.28247837499999995,-0.28425496855345905,0.031446540880503145,45.67003999999999
ret250_reversal,10,750,-46.63438350000001,692,160,159,-0.06739072760115608,-0.2914648968750001,-0.29329800943396234,0.031446540880503145,47.30088350000001
ret250_reversal,10,1000,-47.99386700000001,692,160,159,-0.069355299132948,-0.2999616687500001,-0.3018482201257862,0.031446540880503145,48.46736700000001
ret250_reversal,10,1500,-49.2719,692,158,157,-0.07120216763005781,-0.3118474683544304,-0.3138337579617835,0.050955414012738856,49.649100000000004
ret250_reversal,10,2000,-47.455999999999975,692,152,151,-0.06857803468208089,-0.3122105263157893,-0.31427814569536405,0.046357615894039736,47.929499999999976
ret250_reversal,10,3000,-38.790050000000015,692,145,144,-0.05605498554913297,-0.26751758620689664,-0.26937534722222234,0.041666666666666664,39.07115000000001
ret250_reversal,10,4000,-37.22305,692,141,140,-0.05379053468208093,-0.2639932624113475,-0.2658789285714286,0.07142857142857142,37.60025
ret250_reversal,10,5000,-40.10902480000001,692,136,135,-0.057961018497109836,-0.29491930000000005,-0.29710388740740745,0.05185185185185185,40.48622480000001
ret250_reversal,10,7500,-45.88095000000003,692,124,123,-0.06630195086705207,-0.3700076612903228,-0.3730158536585368,0.13008130081300814,46.25815000000003
ret250_reversal,10,10000,-39.751550000000016,692,119,118,-0.05744443641618499,-0.3340466386554623,-0.3368775423728815,0.11016949152542373,40.03265000000001
ret250_reversal,25,500,-42.34700949999999,692,160,157,-0.061195100433526,-0.2646688093749999,-0.26972617515923564,0.025477707006369428,42.82050949999999
ret250_reversal,25,750,-44.3750415,692,160,157,-0.06412578251445086,-0.27734400937500003,-0.28264357643312105,0.025477707006369428,45.0415415
ret250_reversal,25,1000,-45.81008450000001,692,160,157,-0.06619954407514453,-0.28631302812500004,-0.2917839777070064,0.025477707006369428,46.28358450000001
ret250_reversal,25,1500,-46.747617500000004,692,159,156,-0.06755436054913296,-0.29401017295597487,-0.2996642147435898,0.05128205128205128,47.124817500000006
ret250_reversal,25,2000,-45.06093399999998,692,153,150,-0.06511695664739882,-0.2945159084967319,-0.30040622666666655,0.04666666666666667,45.53443399999998
ret250_reversal,25,3000,-37.09740000000001,692,146,143,-0.05360895953757226,-0.25409178082191786,-0.2594223776223777,0.04195804195804196,37.3785
ret250_reversal,25,4000,-35.6287,692,142,139,-0.051486560693641624,-0.25090633802816903,-0.25632158273381295,0.07194244604316546,36.005900000000004
ret250_reversal,25,5000,-38.5626748,692,137,134,-0.055726408670520235,-0.2814793781021898,-0.28778115522388065,0.05223880597014925,38.939874800000005
ret250_reversal,25,7500,-43.95465000000002,692,125,122,-0.06351828034682085,-0.3516372000000002,-0.3602840163934428,0.13114754098360656,44.331850000000024
ret250_reversal,25,10000,-37.91990000000001,692,120,117,-0.054797543352601175,-0.3159991666666668,-0.3241017094017095,0.1111111111111111,38.20100000000001
ret250_reversal,50,500,-41.39987999999999,692,160,154,-0.05982641618497108,-0.25874924999999993,-0.2688303896103895,0.012987012987012988,41.39987999999999
ret250_reversal,50,750,-43.814683500000015,692,160,154,-0.06331601661849713,-0.2738417718750001,-0.28451093181818193,0.012987012987012988,43.814683500000015
ret250_reversal,50,1000,-45.029167000000015,692,160,154,-0.06507105057803471,-0.2814322937500001,-0.2923971883116884,0.01948051948051948,45.029167000000015
ret250_reversal,50,1500,-45.87040000000002,692,159,153,-0.06628670520231217,-0.2884930817610064,-0.29980653594771256,0.05228758169934641,45.89360000000002
ret250_reversal,50,2000,-44.71274999999998,692,153,147,-0.06461380057803465,-0.2922401960784312,-0.30416836734693864,0.04081632653061224,44.71274999999998
ret250_reversal,50,3000,-36.454699999999995,692,146,140,-0.05268020231213872,-0.24968972602739722,-0.26039071428571425,0.03571428571428571,36.454699999999995
ret250_reversal,50,4000,-35.13234999999998,692,142,136,-0.050769291907514426,-0.2474109154929576,-0.2583261029411763,0.058823529411764705,35.13234999999998
ret250_reversal,50,5000,-38.0663248,692,137,131,-0.05500913988439306,-0.27785638540145985,-0.29058263206106866,0.03816793893129771,38.0663248
ret250_reversal,50,7500,-43.411700000000025,692,125,119,-0.06273367052023125,-0.3472936000000002,-0.36480420168067246,0.11764705882352941,43.411700000000025
ret250_reversal,50,10000,-37.37625000000001,692,120,114,-0.05401192196531794,-0.3114687500000001,-0.32786184210526326,0.09649122807017543,37.37625000000001
ret250_reversal,100,500,-37.43013,692,160,153,-0.05408978323699422,-0.2339383125,-0.2446413725490196,0.013071895424836602,37.43013
ret250_reversal,100,750,-39.850333500000005,692,160,153,-0.05758718713872833,-0.24906458437500004,-0.2604596960784314,0.026143790849673203,39.850333500000005
ret250_reversal,100,1000,-40.571117000000015,692,160,153,-0.05862878179190754,-0.2535694812500001,-0.2651706993464053,0.0196078431372549,40.571117000000015
ret250_reversal,100,1500,-41.60999999999999,692,159,152,-0.060130057803468195,-0.2616981132075471,-0.27374999999999994,0.05263157894736842,41.93404999999999
ret250_reversal,100,2000,-41.00179999999998,692,153,146,-0.05925115606936414,-0.2679856209150326,-0.28083424657534234,0.0410958904109589,41.00179999999998
ret250_reversal,100,3000,-33.24785,692,146,139,-0.048046026011560695,-0.227725,-0.2391931654676259,0.04316546762589928,33.24785
ret250_reversal,100,4000,-32.02884999999999,692,142,135,-0.04628446531791906,-0.22555528169014077,-0.23725074074074068,0.06666666666666667,32.02884999999999
ret250_reversal,100,5000,-34.57127479999999,692,137,130,-0.04995848959537571,-0.25234507153284663,-0.265932883076923,0.05384615384615385,34.57127479999999
ret250_reversal,100,7500,-40.201100000000025,692,125,118,-0.058094075144508706,-0.3216088000000002,-0.34068728813559346,0.11864406779661017,40.201100000000025
ret250_reversal,100,10000,-34.45659999999999,692,120,113,-0.04979277456647397,-0.2871383333333332,-0.30492566371681407,0.11504424778761062,34.45659999999999
ret250_reversal,250,500,-30.10874320000001,692,160,150,-0.04350974450867053,-0.18817964500000006,-0.20072495466666673,0.013333333333333334,30.10874320000001
ret250_reversal,250,750,-31.841750700000006,692,160,150,-0.046014090606936425,-0.19901094187500004,-0.21227833800000004,0.03333333333333333,31.841750700000006
ret250_reversal,250,1000,-33.15273140000001,692,160,150,-0.04790857138728325,-0.20720457125000005,-0.22101820933333338,0.02,33.15273140000001
ret250_reversal,250,1500,-34.4780808,692,159,149,-0.0498238161849711,-0.21684327547169813,-0.23139651543624162,0.04697986577181208,34.52155
ret250_reversal,250,2000,-34.803839999999994,692,153,143,-0.05029456647398843,-0.22747607843137252,-0.24338349650349647,0.06993006993006994,34.803839999999994
ret250_reversal,250,3000,-26.5331456,692,146,136,-0.03834269595375723,-0.18173387397260274,-0.19509665882352942,0.08823529411764706,26.5331456
ret250_reversal,250,4000,-26.007345599999997,692,142,132,-0.037582869364161844,-0.18315032112676055,-0.19702534545454542,0.09848484848484848,26.007345599999997
ret250_reversal,250,5000,-28.99980840000001,692,137,127,-0.04190723757225435,-0.2116774335766424,-0.22834494803149613,0.07874015748031496,28.99980840000001
ret250_reversal,250,7500,-35.325101599999996,692,125,115,-0.05104783468208092,-0.2826008128,-0.3071747965217391,0.1391304347826087,35.325101599999996
ret250_reversal,250,10000,-29.72497840000001,692,120,110,-0.04295517109826591,-0.2477081533333334,-0.27022707636363646,0.11818181818181818,29.72497840000001
ret1s_momentum,5,500,-22.820820400000002,725,172,162,-0.03147699365517242,-0.13267918837209303,-0.1408692617283951,0.16666666666666666,22.846970400000004
ret1s_momentum,5,750,-21.479486,725,172,162,-0.029626877241379312,-0.12488073255813954,-0.13258941975308644,0.19753086419753085,21.505636000000003
ret1s_momentum,5,1000,-20.108286000000003,725,172,162,-0.02773556689655173,-0.11690863953488374,-0.12412522222222225,0.19753086419753085,20.108286000000003
ret1s_momentum,5,1500,-14.910650000000004,725,170,160,-0.020566413793103453,-0.08770970588235297,-0.09319156250000002,0.23125,14.910650000000004
ret1s_momentum,5,2000,-14.457600000000001,725,165,155,-0.01994151724137931,-0.08762181818181819,-0.09327483870967743,0.1935483870967742,14.458000000000002
ret1s_momentum,5,3000,-25.263789999999982,725,159,149,-0.0348466068965517,-0.15889176100628918,-0.1695556375838925,0.22818791946308725,25.740039999999983
ret1s_momentum,5,4000,-19.576099999999993,725,155,145,-0.0270015172413793,-0.12629741935483865,-0.1350075862068965,0.2827586206896552,19.946449999999995
ret1s_momentum,5,5000,-18.027249999999988,725,150,140,-0.024865172413793088,-0.12018166666666659,-0.12876607142857135,0.2714285714285714,18.50349999999999
ret1s_momentum,5,7500,-8.269599999999997,725,142,132,-0.011406344827586203,-0.05823661971830984,-0.06264848484848483,0.3484848484848485,11.060449999999998
ret1s_momentum,5,10000,-13.338449999999993,725,138,128,-0.018397862068965508,-0.09665543478260864,-0.10420664062499994,0.3671875,14.920049999999993
ret1s_momentum,10,500,-20.917849999999994,725,172,158,-0.028852206896551717,-0.12161540697674415,-0.1323914556962025,0.17088607594936708,20.943999999999996
ret1s_momentum,10,750,-20.969336,725,172,158,-0.028923222068965516,-0.1219147441860465,-0.1327173164556962,0.189873417721519,20.995486
ret1s_momentum,10,1000,-19.399236000000002,725,172,158,-0.026757566896551725,-0.1127862558139535,-0.12277997468354432,0.189873417721519,19.399236000000002
ret1s_momentum,10,1500,-13.59050000000001,725,170,156,-0.018745517241379323,-0.07994411764705887,-0.0871185897435898,0.23076923076923078,13.59050000000001
ret1s_momentum,10,2000,-12.741750000000001,725,166,152,-0.0175748275862069,-0.07675753012048193,-0.08382730263157896,0.20394736842105263,12.742150000000002
ret1s_momentum,10,3000,-24.317789999999984,725,161,147,-0.033541779310344806,-0.1510421739130434,-0.16542714285714274,0.22448979591836735,24.794039999999985
ret1s_momentum,10,4000,-18.834849999999992,725,157,143,-0.02597910344827585,-0.11996719745222925,-0.1317122377622377,0.27972027972027974,19.205199999999994
ret1s_momentum,10,5000,-17.132449999999988,725,152,138,-0.02363096551724136,-0.11271348684210518,-0.12414818840579701,0.26811594202898553,17.60869999999999
ret1s_momentum,10,7500,-7.297949999999997,725,145,131,-0.010066137931034478,-0.05033068965517239,-0.0557095419847328,0.3511450381679389,11.060449999999998
ret1s_momentum,10,10000,-12.970149999999993,725,141,127,-0.017889862068965506,-0.09198687943262407,-0.10212716535433065,0.36220472440944884,14.551749999999993
ret1s_momentum,25,500,-21.97155,725,172,151,-0.03030558620689655,-0.12774156976744186,-0.1455069536423841,0.13245033112582782,21.997700000000002
ret1s_momentum,25,750,-21.596536,725,172,151,-0.02978832551724138,-0.1255612558139535,-0.14302341721854306,0.17218543046357615,21.622686
ret1s_momentum,25,1000,-20.475635999999998,725,172,151,-0.028242256551724135,-0.11904439534883719,-0.135600238410596,0.17218543046357615,20.475635999999998
ret1s_momentum,25,1500,-15.243350000000003,725,170,149,-0.021025310344827592,-0.08966676470588238,-0.10230436241610741,0.2214765100671141,15.243350000000003
ret1s_momentum,25,2000,-13.91635,725,169,148,-0.01919496551724138,-0.08234526627218934,-0.09402939189189188,0.20945945945945946,13.9269
ret1s_momentum,25,3000,-22.78559999999999,725,164,143,-0.03142841379310344,-0.1389365853658536,-0.15933986013986007,0.23776223776223776,23.261849999999992
ret1s_momentum,25,4000,-18.929199999999994,725,162,141,-0.02610924137931034,-0.11684691358024688,-0.1342496453900709,0.2695035460992908,19.299549999999996
ret1s_momentum,25,5000,-17.13909999999999,725,157,136,-0.023640137931034467,-0.10916624203821648,-0.12602279411764697,0.27205882352941174,17.61534999999999
ret1s_momentum,25,7500,-7.512599999999998,725,150,129,-0.010362206896551722,-0.05008399999999999,-0.058237209302325565,0.35658914728682173,10.518349999999998
ret1s_momentum,25,10000,-13.184799999999996,725,146,125,-0.018185931034482752,-0.09030684931506847,-0.10547839999999996,0.36,14.766399999999996
ret1s_momentum,50,500,-22.4298,725,174,140,-0.030937655172413793,-0.12890689655172413,-0.16021285714285716,0.1,22.4298
ret1s_momentum,50,750,-22.440185999999997,725,174,140,-0.030951980689655167,-0.12896658620689652,-0.16028704285714285,0.12142857142857143,22.440185999999997
ret1s_momentum,50,1000,-21.274836,725,174,140,-0.029344601379310345,-0.1222691724137931,-0.1519631142857143,0.12857142857142856,21.274836
ret1s_momentum,50,1500,-15.630350000000004,725,172,138,-0.021559103448275867,-0.09087412790697677,-0.11326340579710148,0.2028985507246377,15.630350000000004
ret1s_momentum,50,2000,-13.904900000000003,725,171,137,-0.01917917241379311,-0.08131520467836259,-0.10149562043795622,0.18248175182481752,13.904900000000003
ret1s_momentum,50,3000,-22.083549999999992,725,167,133,-0.03046006896551723,-0.13223682634730535,-0.1660417293233082,0.21052631578947367,22.274949999999993
ret1s_momentum,50,4000,-18.3166,725,165,131,-0.025264275862068968,-0.11100969696969698,-0.13982137404580153,0.2595419847328244,18.455050000000004
ret1s_momentum,50,5000,-17.217449999999992,725,160,126,-0.023748206896551712,-0.10760906249999995,-0.1366464285714285,0.25396825396825395,17.408849999999994
ret1s_momentum,50,7500,-11.049149999999994,725,153,119,-0.015240206896551716,-0.07221666666666662,-0.09284999999999995,0.31092436974789917,12.161749999999993
ret1s_momentum,50,10000,-13.159199999999995,725,151,117,-0.018150620689655166,-0.08714701986754964,-0.11247179487179483,0.3418803418803419,14.378499999999995
ret1s_momentum,100,500,-16.8925,725,179,122,-0.023299999999999998,-0.09437150837988825,-0.13846311475409834,0.09016393442622951,16.8925
ret1s_momentum,100,750,-17.509985999999998,725,179,122,-0.024151704827586204,-0.09782115083798881,-0.14352447540983604,0.10655737704918032,17.509985999999998
ret1s_momentum,100,1000,-16.746736,725,179,122,-0.02309894620689655,-0.09355718435754189,-0.13726832786885246,0.11475409836065574,16.746736
ret1s_momentum,100,1500,-12.990950000000007,725,177,120,-0.017918551724137942,-0.07339519774011304,-0.10825791666666672,0.18333333333333332,12.990950000000007
ret1s_momentum,100,2000,-11.007850000000003,725,176,119,-0.015183241379310349,-0.06254460227272729,-0.09250294117647061,0.19327731092436976,11.007850000000003
ret1s_momentum,100,3000,-17.468299999999992,725,172,115,-0.024094206896551715,-0.10155988372093018,-0.15189826086956515,0.22608695652173913,17.659699999999994
ret1s_momentum,100,4000,-13.27485,725,170,113,-0.018310137931034483,-0.07808735294117647,-0.11747654867256638,0.24778761061946902,13.413300000000001
ret1s_momentum,100,5000,-13.427599999999993,725,167,110,-0.018520827586206885,-0.08040479041916164,-0.12206909090909085,0.2545454545454545,13.618999999999994
ret1s_momentum,100,7500,-9.948749999999999,725,162,105,-0.013722413793103447,-0.06141203703703703,-0.09474999999999999,0.3238095238095238,11.061349999999997
ret1s_momentum,100,10000,-9.907799999999996,725,161,104,-0.013665931034482754,-0.06153913043478259,-0.09526730769230765,0.3173076923076923,11.127099999999997
ret1s_momentum,250,500,-16.5974,725,175,111,-0.02289296551724138,-0.09484228571428571,-0.14952612612612612,0.02702702702702703,16.5974
ret1s_momentum,250,750,-17.946635999999998,725,175,111,-0.024753980689655168,-0.10255220571428571,-0.16168140540540538,0.04504504504504504,17.946635999999998
ret1s_momentum,250,1000,-15.353949999999998,725,175,111,-0.021177862068965513,-0.08773685714285713,-0.13832387387387385,0.06306306306306306,15.353949999999998
ret1s_momentum,250,1500,-13.616550000000004,725,173,109,-0.018781448275862075,-0.0787083815028902,-0.12492247706422022,0.12844036697247707,13.616550000000004
ret1s_momentum,250,2000,-11.647650000000006,725,172,108,-0.01606572413793104,-0.06771889534883724,-0.10784861111111116,0.12962962962962962,11.647650000000006
ret1s_momentum,250,3000,-18.57025,725,169,105,-0.025614137931034484,-0.10988313609467457,-0.17685952380952383,0.1619047619047619,18.761650000000003
ret1s_momentum,250,4000,-15.229800000000004,725,167,103,-0.021006620689655177,-0.09119640718562877,-0.14786213592233013,0.20388349514563106,15.368250000000005
ret1s_momentum,250,5000,-15.411899999999996,725,163,99,-0.02125779310344827,-0.09455153374233126,-0.15567575757575752,0.1919191919191919,15.603299999999997
ret1s_momentum,250,7500,-11.484100000000005,725,159,95,-0.01584013793103449,-0.07222704402515727,-0.12088526315789479,0.2631578947368421,12.596700000000004
ret1s_momentum,250,10000,-11.683600000000006,725,158,94,-0.016115310344827594,-0.07394683544303801,-0.12429361702127666,0.2765957446808511,12.902900000000006
ret1s_reversal,5,500,-47.42503999999999,725,163,163,-0.06541384827586205,-0.2909511656441717,-0.2909511656441717,0.049079754601226995,47.89853999999999
ret1s_reversal,5,750,-49.2350275,725,163,163,-0.06791038275862069,-0.3020553834355828,-0.3020553834355828,0.04294478527607362,49.9015275
ret1s_reversal,5,1000,-49.363817000000004,725,163,163,-0.06808802344827587,-0.3028455030674847,-0.3028455030674847,0.04294478527607362,49.837317000000006
ret1s_reversal,5,1500,-50.19445,725,160,160,-0.06923372413793104,-0.3137153125,-0.3137153125,0.05625,50.571650000000005
ret1s_reversal,5,2000,-47.94574999999997,725,154,154,-0.0661320689655172,-0.31133603896103873,-0.31133603896103873,0.05844155844155844,48.41924999999997
ret1s_reversal,5,3000,-37.48134999999999,725,147,147,-0.051698413793103436,-0.25497517006802717,-0.25497517006802717,0.061224489795918366,37.76244999999999
ret1s_reversal,5,4000,-37.007200000000005,725,143,143,-0.051044413793103455,-0.2587916083916084,-0.2587916083916084,0.07692307692307693,37.38440000000001
ret1s_reversal,5,5000,-39.59802480000001,725,138,138,-0.054617965241379324,-0.28694220869565223,-0.28694220869565223,0.06521739130434782,39.975224800000014
ret1s_reversal,5,7500,-44.29545000000003,725,129,129,-0.061097172413793144,-0.34337558139534907,-0.34337558139534907,0.15503875968992248,44.67265000000003
ret1s_reversal,5,10000,-37.36545,725,124,124,-0.05153855172413793,-0.3013342741935484,-0.3013342741935484,0.14516129032258066,37.64655
ret1s_reversal,10,500,-46.25678999999999,725,163,160,-0.06380246896551722,-0.28378398773006125,-0.28910493749999994,0.04375,46.73028999999999
ret1s_reversal,10,750,-47.91202750000001,725,163,160,-0.06608555517241381,-0.29393881901840496,-0.29945017187500006,0.04375,48.57852750000001
ret1s_reversal,10,1000,-48.04081700000001,725,163,160,-0.06626319586206898,-0.2947289386503068,-0.30025510625000007,0.04375,48.51431700000001
ret1s_reversal,10,1500,-49.075250000000004,725,160,157,-0.06769,-0.30672031250000004,-0.3125812101910828,0.050955414012738856,49.452450000000006
ret1s_reversal,10,2000,-46.72559999999997,725,154,151,-0.06444910344827583,-0.3034129870129868,-0.30944105960264884,0.059602649006622516,47.19909999999997
ret1s_reversal,10,3000,-37.01389999999999,725,147,144,-0.05105365517241378,-0.251795238095238,-0.25704097222222216,0.0625,37.29499999999999
ret1s_reversal,10,4000,-35.896499999999996,725,143,140,-0.04951241379310344,-0.2510244755244755,-0.2564035714285714,0.07857142857142857,36.2737
ret1s_reversal,10,5000,-38.7944248,725,138,135,-0.05350955144827586,-0.2811190202898551,-0.28736610962962966,0.05925925925925926,39.171624800000004
ret1s_reversal,10,7500,-43.80015000000002,725,129,126,-0.06041400000000003,-0.3395360465116281,-0.3476202380952383,0.15079365079365079,44.177350000000025
ret1s_reversal,10,10000,-37.01945,725,124,121,-0.05106131034482758,-0.2985439516129032,-0.30594586776859506,0.14049586776859505,37.300549999999994
ret1s_reversal,25,500,-44.8202595,725,163,157,-0.06182104758620689,-0.2749709171779141,-0.28547935987261147,0.025477707006369428,45.2937595
ret1s_reversal,25,750,-47.062135500000004,725,163,157,-0.0649132903448276,-0.2887247576687117,-0.2997588248407644,0.025477707006369428,47.7286355
ret1s_reversal,25,1000,-47.319034500000015,725,163,157,-0.06526763379310346,-0.2903008251533743,-0.30139512420382175,0.025477707006369428,47.792534500000016
ret1s_reversal,25,1500,-47.679767500000004,725,162,156,-0.06576519655172415,-0.2943195524691358,-0.3056395352564103,0.04487179487179487,48.056967500000006
ret1s_reversal,25,2000,-45.30828399999997,725,156,150,-0.06249418482758617,-0.29043771794871776,-0.30205522666666645,0.05333333333333334,45.78178399999997
ret1s_reversal,25,3000,-35.7058,725,149,143,-0.04924937931034483,-0.23963624161073827,-0.2496909090909091,0.055944055944055944,35.9869
ret1s_reversal,25,4000,-35.28335,725,145,139,-0.048666689655172415,-0.24333344827586206,-0.2538370503597122,0.07194244604316546,35.66055
ret1s_reversal,25,5000,-38.3455748,725,140,134,-0.052890448,-0.2738969628571429,-0.28616100597014926,0.05223880597014925,38.7227748
ret1s_reversal,25,7500,-42.92530000000003,725,131,125,-0.059207310344827624,-0.3276740458015269,-0.3434024000000002,0.144,43.30250000000003
ret1s_reversal,25,10000,-36.08994999999999,725,126,120,-0.04977924137931033,-0.2864281746031745,-0.30074958333333324,0.13333333333333333,36.37104999999998
ret1s_reversal,50,500,-43.97522999999999,725,163,154,-0.060655489655172395,-0.26978668711656434,-0.2855534415584415,0.012987012987012988,43.97522999999999
ret1s_reversal,50,750,-46.60387750000001,725,163,154,-0.0642812103448276,-0.28591335889570557,-0.30262258116883123,0.012987012987012988,46.60387750000001
ret1s_reversal,50,1000,-46.640217000000014,725,163,154,-0.06433133379310346,-0.28613630061349704,-0.30285855194805206,0.01948051948051948,46.640217000000014
ret1s_reversal,50,1500,-46.90465,725,162,153,-0.06469606896551723,-0.28953487654320986,-0.306566339869281,0.0457516339869281,46.92785
ret1s_reversal,50,2000,-45.06219999999997,725,156,147,-0.062154758620689615,-0.2888602564102562,-0.3065455782312923,0.047619047619047616,45.06219999999997
ret1s_reversal,50,3000,-35.165200000000006,725,149,140,-0.04850372413793104,-0.2360080536912752,-0.25118,0.05,35.165200000000006
ret1s_reversal,50,4000,-34.88909999999999,725,145,136,-0.04812289655172413,-0.24061448275862063,-0.2565374999999999,0.058823529411764705,34.88909999999999
ret1s_reversal,50,5000,-37.951324799999995,725,140,131,-0.052346654896551714,-0.2710808914285714,-0.2897047694656488,0.03816793893129771,37.951324799999995
ret1s_reversal,50,7500,-42.48445000000003,725,131,122,-0.058599241379310385,-0.3243087786259544,-0.34823319672131176,0.13114754098360656,42.48445000000003
ret1s_reversal,50,10000,-35.64839999999998,725,126,117,-0.049170206896551695,-0.28292380952380936,-0.3046871794871793,0.11965811965811966,35.64839999999998
ret1s_reversal,100,500,-40.87198,725,163,153,-0.05637514482758621,-0.25074834355828224,-0.26713712418300656,0.013071895424836602,40.87198
ret1s_reversal,100,750,-43.50602750000001,725,163,153,-0.06000831379310346,-0.2669081441717792,-0.28435312091503273,0.026143790849673203,43.50602750000001
ret1s_reversal,100,1000,-43.048667000000016,725,163,153,-0.05937747172413795,-0.26410225153374245,-0.2813638366013073,0.0196078431372549,43.048667000000016
ret1s_reversal,100,1500,-43.17029999999999,725,162,152,-0.05954524137931033,-0.2664833333333333,-0.2840151315789473,0.046052631578947366,43.49434999999999
ret1s_reversal,100,2000,-41.877299999999984,725,156,146,-0.057761793103448256,-0.2684442307692307,-0.2868308219178081,0.04794520547945205,41.877299999999984
ret1s_reversal,100,3000,-32.484399999999994,725,149,139,-0.04480606896551723,-0.21801610738255028,-0.23370071942446038,0.06474820143884892,32.484399999999994
ret1s_reversal,100,4000,-32.31164999999998,725,145,135,-0.044567793103448244,-0.22283896551724122,-0.2393455555555554,0.06666666666666667,32.31164999999998
ret1s_reversal,100,5000,-34.982324799999994,725,140,130,-0.04825148248275861,-0.24987374857142852,-0.2690948061538461,0.05384615384615385,34.982324799999994
ret1s_reversal,100,7500,-39.799900000000015,725,131,121,-0.05489641379310347,-0.30381603053435124,-0.3289247933884299,0.1322314049586777,39.799900000000015
ret1s_reversal,100,10000,-33.25479999999998,725,126,116,-0.045868689655172386,-0.26392698412698395,-0.2866793103448274,0.13793103448275862,33.25479999999998
ret1s_reversal,250,500,-33.4860432,725,163,151,-0.04618764579310344,-0.20543584785276073,-0.22176187549668872,0.013245033112582781,33.4860432
ret1s_reversal,250,750,-35.432894700000006,725,163,151,-0.048872958206896557,-0.2173797220858896,-0.2346549317880795,0.033112582781456956,35.432894700000006
ret1s_reversal,250,1000,-35.56573140000001,725,163,151,-0.049056181241379324,-0.21819467116564426,-0.23553464503311267,0.019867549668874173,35.56573140000001
ret1s_reversal,250,1500,-35.824380799999986,725,162,150,-0.04941293903448274,-0.22113815308641965,-0.23882920533333324,0.04666666666666667,35.86784999999998
ret1s_reversal,250,2000,-35.465340000000005,725,156,144,-0.04891771034482759,-0.2273419230769231,-0.24628708333333338,0.08333333333333333,35.465340000000005
ret1s_reversal,250,3000,-25.555695600000007,725,149,137,-0.03524923531034484,-0.17151473557046984,-0.1865379240875913,0.10948905109489052,25.555695600000007
ret1s_reversal,250,4000,-26.07614559999999,725,145,133,-0.03596709737931033,-0.17983548689655166,-0.1960612451127819,0.09774436090225563,26.07614559999999
ret1s_reversal,250,5000,-29.196858400000004,725,140,128,-0.04027152882758621,-0.2085489885714286,-0.22810045625000003,0.078125,29.196858400000004
ret1s_reversal,250,7500,-34.8163516,725,131,119,-0.04802255393103448,-0.26577367633587784,-0.2925743831932773,0.15126050420168066,34.8163516
ret1s_reversal,250,10000,-28.415628400000003,725,126,114,-0.03919397020689656,-0.22552086031746035,-0.24925989824561406,0.14035087719298245,28.415628400000003
ret5s_momentum,5,500,-22.302980399999996,693,173,163,-0.032183232900432894,-0.12891896184971097,-0.1368281006134969,0.17791411042944785,22.329130399999997
ret5s_momentum,5,750,-19.771085999999997,693,173,163,-0.028529705627705623,-0.11428373410404623,-0.12129500613496931,0.20245398773006135,19.797235999999998
ret5s_momentum,5,1000,-17.991686000000005,693,173,163,-0.025962028860028866,-0.10399818497109829,-0.11037844171779145,0.20245398773006135,17.991686000000005
ret5s_momentum,5,1500,-14.099650000000008,693,171,161,-0.020345815295815306,-0.0824540935672515,-0.08757546583850936,0.22981366459627328,14.099650000000008
ret5s_momentum,5,2000,-11.660800000000002,693,166,156,-0.016826551226551228,-0.07024578313253013,-0.07474871794871796,0.21153846153846154,11.661200000000003
ret5s_momentum,5,3000,-20.719889999999996,693,160,150,-0.02989883116883116,-0.12949931249999996,-0.13813259999999997,0.24666666666666667,21.196139999999996
ret5s_momentum,5,4000,-16.4484,693,156,146,-0.023735064935064935,-0.10543846153846154,-0.11266027397260274,0.2945205479452055,16.81875
ret5s_momentum,5,5000,-16.355299999999993,693,151,141,-0.02360072150072149,-0.10831324503311253,-0.11599503546099285,0.2907801418439716,17.497399999999995
ret5s_momentum,5,7500,-6.333850000000004,693,142,132,-0.009139754689754696,-0.04460457746478876,-0.047983712121212156,0.36363636363636365,11.028899999999998
ret5s_momentum,5,10000,-11.824049999999996,693,138,128,-0.017062121212121206,-0.0856815217391304,-0.09237539062499997,0.3828125,15.299599999999996
ret5s_momentum,10,500,-20.612609999999997,693,173,159,-0.029744025974025968,-0.1191480346820809,-0.12963905660377356,0.1761006289308176,20.638759999999998
ret5s_momentum,10,750,-19.011185999999995,693,173,159,-0.027433168831168826,-0.10989124855491327,-0.11956720754716978,0.20125786163522014,19.037335999999996
ret5s_momentum,10,1000,-17.032886000000005,693,173,159,-0.024578479076479084,-0.09845598843930639,-0.10712506918238997,0.20125786163522014,17.032886000000005
ret5s_momentum,10,1500,-13.146000000000004,693,171,157,-0.018969696969696977,-0.07687719298245617,-0.08373248407643315,0.2229299363057325,13.146000000000004
ret5s_momentum,10,2000,-10.205700000000006,693,167,153,-0.014726839826839835,-0.06111197604790423,-0.06670392156862749,0.2222222222222222,10.206100000000006
ret5s_momentum,10,3000,-19.815989999999996,693,161,147,-0.02859450216450216,-0.12308068322981364,-0.13480265306122446,0.24489795918367346,20.292239999999996
ret5s_momentum,10,4000,-15.74925,693,157,143,-0.022726190476190476,-0.10031369426751592,-0.11013461538461539,0.2937062937062937,16.119600000000002
ret5s_momentum,10,5000,-15.661499999999993,693,152,138,-0.022599567099567088,-0.10303618421052627,-0.11348913043478256,0.2826086956521739,16.654849999999996
ret5s_momentum,10,7500,-5.722750000000004,693,144,130,-0.008257936507936514,-0.03974131944444447,-0.044021153846153876,0.36153846153846153,11.0289
ret5s_momentum,10,10000,-11.816299999999996,693,140,126,-0.017050937950937945,-0.08440214285714283,-0.0937801587301587,0.373015873015873,14.983549999999997
ret5s_momentum,25,500,-20.93835,693,173,150,-0.030214069264069263,-0.12103092485549133,-0.139589,0.12666666666666668,20.9645
ret5s_momentum,25,750,-20.406185999999998,693,173,150,-0.02944615584415584,-0.11795483236994218,-0.13604123999999998,0.17333333333333334,20.432336
ret5s_momentum,25,1000,-18.874686,693,173,150,-0.027236199134199134,-0.10910223121387283,-0.12583124,0.17333333333333334,18.874686
ret5s_momentum,25,1500,-14.832800000000006,693,173,150,-0.021403751803751814,-0.08573872832369946,-0.09888533333333337,0.21333333333333335,14.832800000000006
ret5s_momentum,25,2000,-10.801850000000004,693,171,148,-0.015587085137085142,-0.06316871345029242,-0.072985472972973,0.22972972972972974,10.812400000000004
ret5s_momentum,25,3000,-17.855649999999997,693,165,142,-0.02576572871572871,-0.1082160606060606,-0.12574401408450703,0.2605633802816901,18.331899999999997
ret5s_momentum,25,4000,-15.367450000000002,693,163,140,-0.02217525252525253,-0.09427883435582823,-0.10976750000000002,0.2857142857142857,15.737800000000004
ret5s_momentum,25,5000,-15.239999999999995,693,158,135,-0.021991341991341985,-0.09645569620253161,-0.11288888888888884,0.28888888888888886,15.978299999999999
ret5s_momentum,25,7500,-5.079700000000001,693,150,127,-0.007330014430014431,-0.033864666666666675,-0.0399976377952756,0.3700787401574803,10.486799999999997
ret5s_momentum,25,10000,-11.173249999999996,693,146,123,-0.016123015873015865,-0.07652910958904106,-0.0908394308943089,0.37398373983739835,13.978849999999998
ret5s_momentum,50,500,-21.278749999999995,693,175,140,-0.030705266955266947,-0.12159285714285711,-0.1519910714285714,0.09285714285714286,21.278749999999995
ret5s_momentum,50,750,-21.03198599999999,693,175,140,-0.03034918614718613,-0.12018277714285708,-0.15022847142857135,0.12142857142857143,21.03198599999999
ret5s_momentum,50,1000,-19.456035999999997,693,175,140,-0.02807508802308802,-0.11117734857142855,-0.1389716857142857,0.1357142857142857,19.456035999999997
ret5s_momentum,50,1500,-15.001950000000004,693,175,140,-0.021647835497835503,-0.08572542857142859,-0.10715678571428575,0.20714285714285716,15.001950000000004
ret5s_momentum,50,2000,-11.021750000000003,693,173,138,-0.015904401154401157,-0.06370953757225435,-0.07986775362318843,0.2028985507246377,11.045200000000003
ret5s_momentum,50,3000,-17.829049999999995,693,168,133,-0.02572734487734487,-0.10612529761904758,-0.13405300751879695,0.23308270676691728,18.020449999999997
ret5s_momentum,50,4000,-15.233900000000002,693,166,131,-0.021982539682539687,-0.09177048192771085,-0.11628931297709925,0.2748091603053435,15.880650000000005
ret5s_momentum,50,5000,-15.401349999999994,693,161,126,-0.022224170274170264,-0.09566055900621113,-0.12223293650793646,0.2698412698412698,16.6847
ret5s_momentum,50,7500,-8.897849999999998,693,153,118,-0.012839610389610387,-0.05815588235294117,-0.07540550847457626,0.3220338983050847,11.643300000000004
ret5s_momentum,50,10000,-11.280399999999995,693,151,116,-0.01627763347763347,-0.07470463576158937,-0.09724482758620685,0.35344827586206895,14.4057
ret5s_momentum,100,500,-16.270899999999997,693,180,123,-0.023478932178932176,-0.09039388888888887,-0.13228373983739836,0.08130081300813008,16.270899999999997
ret5s_momentum,100,750,-16.531236000000003,693,180,123,-0.02385459740259741,-0.09184020000000002,-0.13440029268292686,0.10569105691056911,16.531236000000003
ret5s_momentum,100,1000,-15.357386,693,180,123,-0.022160730158730158,-0.08531881111111111,-0.12485679674796749,0.12195121951219512,15.357386
ret5s_momentum,100,1500,-12.11110000000001,693,180,123,-0.01747633477633479,-0.06728388888888893,-0.0984642276422765,0.18699186991869918,12.11110000000001
ret5s_momentum,100,2000,-8.373550000000005,693,178,121,-0.01208304473304474,-0.04704241573033711,-0.06920289256198352,0.21487603305785125,8.491950000000005
ret5s_momentum,100,3000,-13.906800000000002,693,173,116,-0.02006753246753247,-0.08038612716763006,-0.11988620689655174,0.25862068965517243,14.725250000000003
ret5s_momentum,100,4000,-10.688750000000006,693,171,114,-0.015423881673881682,-0.0625073099415205,-0.09376096491228075,0.2631578947368421,11.878600000000008
ret5s_momentum,100,5000,-11.712049999999998,693,168,111,-0.016900505050505048,-0.06971458333333332,-0.10551396396396394,0.2702702702702703,13.166250000000002
ret5s_momentum,100,7500,-8.096600000000004,693,162,105,-0.011683405483405488,-0.04997901234567904,-0.07711047619047623,0.3333333333333333,10.959550000000005
ret5s_momentum,100,10000,-8.179300000000001,693,161,104,-0.011802741702741705,-0.05080310559006212,-0.0786471153846154,0.3269230769230769,11.422100000000004
ret5s_momentum,250,500,-17.655610000000003,693,176,114,-0.025477070707070712,-0.10031596590909092,-0.1548737719298246,0.02631578947368421,17.655610000000003
ret5s_momentum,250,750,-17.764436000000003,693,176,114,-0.025634106782106786,-0.10093429545454548,-0.1558283859649123,0.06140350877192982,17.764436000000003
ret5s_momentum,250,1000,-14.713149999999999,693,176,114,-0.02123109668109668,-0.08359744318181818,-0.12906271929824562,0.07894736842105263,14.713149999999999
ret5s_momentum,250,1500,-12.79655000000001,693,176,114,-0.01846544011544013,-0.07270767045454551,-0.11225043859649132,0.14035087719298245,12.79655000000001
ret5s_momentum,250,2000,-9.125550000000008,693,174,112,-0.013168181818181829,-0.052445689655172455,-0.08147812500000007,0.17857142857142858,9.243950000000007
ret5s_momentum,250,3000,-15.372850000000007,693,170,108,-0.022183044733044742,-0.09042852941176474,-0.14234120370370376,0.2222222222222222,15.965950000000003
ret5s_momentum,250,4000,-12.452450000000006,693,168,106,-0.01796890331890333,-0.07412172619047623,-0.11747594339622647,0.22641509433962265,13.363600000000003
ret5s_momentum,250,5000,-13.608899999999998,693,164,102,-0.019637662337662336,-0.0829810975609756,-0.1334205882352941,0.21568627450980393,14.784399999999998
ret5s_momentum,250,7500,-10.654250000000008,693,158,96,-0.015374098124098136,-0.06743196202531651,-0.11098177083333342,0.2708333333333333,13.157750000000005
ret5s_momentum,250,10000,-10.977400000000006,693,157,95,-0.01584040404040405,-0.06991974522292997,-0.11555157894736849,0.28421052631578947,14.073950000000005
ret5s_reversal,5,500,-47.873929999999994,693,164,164,-0.06908215007215006,-0.2919142073170731,-0.2919142073170731,0.03048780487804878,48.347429999999996
ret5s_reversal,5,750,-50.63127750000001,693,164,164,-0.07306100649350651,-0.30872730182926833,-0.30872730182926833,0.03048780487804878,51.29777750000001
ret5s_reversal,5,1000,-51.36296700000002,693,164,164,-0.07411683549783553,-0.3131888231707318,-0.3131888231707318,0.03048780487804878,51.83646700000002
ret5s_reversal,5,1500,-50.94005,693,161,161,-0.07350656565656566,-0.3163978260869565,-0.3163978260869565,0.049689440993788817,51.31725
ret5s_reversal,5,2000,-50.683649999999965,693,155,155,-0.07313658008658004,-0.3269912903225804,-0.3269912903225804,0.03870967741935484,51.157149999999966
ret5s_reversal,5,3000,-41.94580000000002,693,148,148,-0.06052784992784996,-0.2834175675675677,-0.2834175675675677,0.033783783783783786,42.226900000000015
ret5s_reversal,5,4000,-40.06624999999998,693,144,144,-0.05781565656565654,-0.2782378472222221,-0.2782378472222221,0.05555555555555555,40.443449999999984
ret5s_reversal,5,5000,-41.04952480000001,693,139,139,-0.05923452352092353,-0.2953203223021583,-0.2953203223021583,0.03597122302158273,41.42672480000001
ret5s_reversal,5,7500,-46.51350000000002,693,129,129,-0.06711904761904765,-0.36056976744186064,-0.36056976744186064,0.13953488372093023,46.890700000000024
ret5s_reversal,5,10000,-39.074600000000004,693,124,124,-0.05638470418470419,-0.3151177419354839,-0.3151177419354839,0.12903225806451613,39.3557
ret5s_reversal,10,500,-46.44497999999999,693,164,161,-0.06702017316017314,-0.28320109756097556,-0.28847813664596267,0.031055900621118012,46.91847999999999
ret5s_reversal,10,750,-49.50992750000001,693,164,161,-0.07144289682539684,-0.30188980182926833,-0.3075150776397516,0.024844720496894408,50.17642750000001
ret5s_reversal,10,1000,-50.24161700000002,693,164,161,-0.07249872582972586,-0.3063513231707318,-0.31205973291925476,0.024844720496894408,50.71511700000002
ret5s_reversal,10,1500,-49.406250000000014,693,161,158,-0.07129329004329006,-0.30687111801242245,-0.31269778481012667,0.05063291139240506,49.783450000000016
ret5s_reversal,10,2000,-49.15464999999997,693,155,152,-0.07093023088023083,-0.3171267741935482,-0.32338585526315766,0.039473684210526314,49.62814999999997
ret5s_reversal,10,3000,-41.38815000000002,693,149,146,-0.0597231601731602,-0.27777281879194643,-0.2834804794520549,0.03424657534246575,41.66925000000001
ret5s_reversal,10,4000,-38.865349999999985,693,145,142,-0.05608275613275611,-0.268036896551724,-0.2736996478873238,0.056338028169014086,39.24254999999999
ret5s_reversal,10,5000,-39.99682480000001,693,140,137,-0.05771547590187592,-0.2856916057142858,-0.29194762627737236,0.0364963503649635,40.374024800000015
ret5s_reversal,10,7500,-45.60955000000003,693,130,127,-0.0658146464646465,-0.3508426923076925,-0.35913031496063014,0.14173228346456693,45.98675000000003
ret5s_reversal,10,10000,-38.319950000000006,693,125,122,-0.055295743145743155,-0.30655960000000004,-0.3140979508196722,0.13114754098360656,38.60105
ret5s_reversal,25,500,-45.789109499999995,693,164,160,-0.06607375108225108,-0.2792018871951219,-0.28618193437499995,0.025,46.262609499999996
ret5s_reversal,25,750,-47.944935500000014,693,164,160,-0.06918461111111113,-0.2923471676829269,-0.2996558468750001,0.01875,48.61143550000001
ret5s_reversal,25,1000,-48.807134500000025,693,164,160,-0.07042876551226555,-0.29760447865853673,-0.30504459062500017,0.01875,49.280634500000026
ret5s_reversal,25,1500,-48.02951750000001,693,161,157,-0.06930666305916308,-0.29831998447204977,-0.30592049363057333,0.044585987261146494,48.40671750000001
ret5s_reversal,25,2000,-48.36848399999997,693,156,152,-0.06979579220779215,-0.3100543846153844,-0.3182137105263156,0.03289473684210526,48.84198399999997
ret5s_reversal,25,3000,-40.56090000000002,693,150,146,-0.05852943722943726,-0.27040600000000015,-0.27781438356164395,0.0273972602739726,40.84200000000001
ret5s_reversal,25,4000,-38.781049999999986,693,146,142,-0.05596111111111109,-0.2656236301369862,-0.27310598591549284,0.04929577464788732,39.15824999999999
ret5s_reversal,25,5000,-40.02882480000002,693,141,137,-0.057761651948051974,-0.28389237446808524,-0.29218120291970817,0.029197080291970802,40.40602480000002
ret5s_reversal,25,7500,-45.64510000000003,693,131,127,-0.06586594516594521,-0.3484358778625956,-0.35941023622047263,0.13385826771653545,46.02230000000003
ret5s_reversal,25,10000,-38.30085000000001,693,126,122,-0.055268181818181834,-0.3039750000000001,-0.31394139344262306,0.12295081967213115,38.581950000000006
ret5s_reversal,50,500,-45.00952999999999,693,164,156,-0.06494881673881672,-0.27444835365853654,-0.28852262820512814,0.01282051282051282,45.00952999999999
ret5s_reversal,50,750,-47.65212750000001,693,164,156,-0.06876208874458876,-0.29056175304878057,-0.30546235576923086,0.00641025641025641,47.65212750000001
ret5s_reversal,50,1000,-48.29376700000002,693,164,156,-0.0696879754689755,-0.2944741890243903,-0.3095754294871796,0.00641025641025641,48.29376700000002
ret5s_reversal,50,1500,-47.41985000000001,693,161,153,-0.06842691197691199,-0.29453322981366464,-0.30993366013071905,0.032679738562091505,47.41985000000001
ret5s_reversal,50,2000,-47.83864999999997,693,156,148,-0.06903124098124094,-0.30665801282051264,-0.32323412162162146,0.02702702702702703,47.83864999999997
ret5s_reversal,50,3000,-39.292449999999995,693,150,142,-0.05669906204906204,-0.26194966666666664,-0.2767073943661971,0.02112676056338028,39.292449999999995
ret5s_reversal,50,4000,-37.85534999999999,693,146,138,-0.05462532467532466,-0.2592832191780821,-0.27431413043478253,0.036231884057971016,37.85534999999999
ret5s_reversal,50,5000,-39.499174800000006,693,141,133,-0.05699736623376624,-0.28013599148936175,-0.2969862766917294,0.015037593984962405,39.499174800000006
ret5s_reversal,50,7500,-44.87025000000003,693,131,123,-0.06474783549783554,-0.3425209923664124,-0.3647987804878051,0.12195121951219512,44.87025000000003
ret5s_reversal,50,10000,-37.67415,693,126,118,-0.05436385281385281,-0.29900119047619045,-0.31927245762711864,0.11016949152542373,37.67415
ret5s_reversal,100,500,-41.27178,693,164,154,-0.05955523809523809,-0.2516571951219512,-0.2679985714285714,0.012987012987012988,41.27178
ret5s_reversal,100,750,-44.01977750000001,693,164,154,-0.06352060245310247,-0.26841327743902443,-0.2858427110389611,0.01948051948051948,44.01977750000001
ret5s_reversal,100,1000,-44.16771700000002,693,164,154,-0.0637340793650794,-0.2693153475609757,-0.28680335714285726,0.006493506493506494,44.16771700000002
ret5s_reversal,100,1500,-43.83189999999999,693,161,151,-0.06324949494949493,-0.27224782608695647,-0.2902774834437086,0.033112582781456956,43.98209999999999
ret5s_reversal,100,2000,-44.29984999999997,693,156,146,-0.06392474747474743,-0.2839733974358972,-0.3034236301369861,0.0273972602739726,44.29984999999997
ret5s_reversal,100,3000,-35.81359999999999,693,150,140,-0.05167907647907646,-0.23875733333333324,-0.25581142857142847,0.02857142857142857,35.81359999999999
ret5s_reversal,100,4000,-34.67624999999999,693,146,136,-0.05003787878787877,-0.23750856164383555,-0.25497242647058815,0.04411764705882353,34.67624999999999
ret5s_reversal,100,5000,-36.324574799999986,693,141,131,-0.052416413852813835,-0.25762109787234033,-0.27728683053435105,0.030534351145038167,36.324574799999986
ret5s_reversal,100,7500,-41.78150000000003,693,131,121,-0.06029076479076483,-0.3189427480916033,-0.3453016528925622,0.12396694214876033,41.78150000000003
ret5s_reversal,100,10000,-35.025199999999984,693,126,116,-0.050541414141414116,-0.27797777777777766,-0.3019413793103447,0.12931034482758622,35.025199999999984
ret5s_reversal,250,500,-32.476533200000006,693,164,152,-0.04686368427128428,-0.19802764146341467,-0.21366140263157898,0.013157894736842105,32.476533200000006
ret5s_reversal,250,750,-35.41569470000002,693,164,152,-0.05110489855699858,-0.21594935792682937,-0.23299799144736855,0.019736842105263157,35.41569470000002
ret5s_reversal,250,1000,-36.15468140000001,693,164,152,-0.052171257431457445,-0.22045537439024396,-0.23785974605263163,0.006578947368421052,36.15468140000001
ret5s_reversal,250,1500,-36.544980800000005,693,161,149,-0.052734460028860036,-0.2269874583850932,-0.24526832751677854,0.03355704697986577,36.544980800000005
ret5s_reversal,250,2000,-37.84464,693,156,144,-0.054609870129870126,-0.24259384615384613,-0.26281,0.04861111111111111,37.84464
ret5s_reversal,250,3000,-28.8747956,693,150,138,-0.04166637171717172,-0.19249863733333333,-0.20923764927536231,0.057971014492753624,28.8747956
ret5s_reversal,250,4000,-28.382645599999996,693,146,134,-0.04095619855699855,-0.1944016821917808,-0.21181078805970147,0.07462686567164178,28.382645599999996
ret5s_reversal,250,5000,-30.529008400000002,693,141,129,-0.04405340317460318,-0.216517790070922,-0.23665897984496126,0.05426356589147287,30.529008400000002
ret5s_reversal,250,7500,-36.25710159999998,693,131,119,-0.052319049927849894,-0.2767717679389311,-0.30468152605042,0.14285714285714285,36.25710159999998
ret5s_reversal,250,10000,-29.6919284,693,126,114,-0.042845495526695525,-0.2356502253968254,-0.26045551228070174,0.13157894736842105,29.6919284
binance100_momentum,5,500,-19.432570399999996,764,176,166,-0.02543530157068062,-0.11041233181818179,-0.11706367710843371,0.18674698795180722,19.458720399999997
binance100_momentum,5,750,-18.345585999999997,764,176,166,-0.024012547120418844,-0.10423628409090907,-0.110515578313253,0.21084337349397592,18.371736
binance100_momentum,5,1000,-16.728835999999998,764,176,166,-0.021896382198952877,-0.09505020454545453,-0.1007761204819277,0.21084337349397592,16.728835999999998
binance100_momentum,5,1500,-13.4713,764,174,164,-0.01763259162303665,-0.07742126436781609,-0.0821420731707317,0.23780487804878048,13.4713
binance100_momentum,5,2000,-12.4972,764,169,159,-0.016357591623036648,-0.07394792899408284,-0.07859874213836478,0.2138364779874214,12.4976
binance100_momentum,5,3000,-21.607039999999994,764,163,153,-0.02828146596858638,-0.13255852760736192,-0.14122248366013068,0.24836601307189543,22.083289999999995
binance100_momentum,5,4000,-17.0126,764,159,149,-0.02226780104712042,-0.10699748427672956,-0.11417852348993288,0.28859060402684567,17.38295
binance100_momentum,5,5000,-14.973599999999994,764,154,144,-0.019598952879581143,-0.0972311688311688,-0.10398333333333329,0.2847222222222222,15.621099999999995
binance100_momentum,5,7500,-4.275749999999999,764,143,133,-0.0055965314136125635,-0.029900349650349642,-0.032148496240601496,0.38345864661654133,11.028899999999998
binance100_momentum,5,10000,-8.20135,764,139,129,-0.010734751308900524,-0.059002517985611506,-0.06357635658914729,0.4108527131782946,11.10865
binance100_momentum,10,500,-17.098350000000003,764,176,160,-0.022380039267015713,-0.09714971590909093,-0.10686468750000003,0.1875,17.124500000000005
binance100_momentum,10,750,-17.249436000000003,764,176,160,-0.02257779581151833,-0.09800815909090911,-0.10780897500000002,0.20625,17.275586000000004
binance100_momentum,10,1000,-15.433786000000001,764,176,160,-0.02020129057591623,-0.08769196590909091,-0.0964611625,0.20625,15.433786000000001
binance100_momentum,10,1500,-11.720600000000005,764,174,158,-0.015341099476439796,-0.06735977011494255,-0.07418101265822788,0.22784810126582278,11.720600000000005
binance100_momentum,10,2000,-10.343399999999999,764,170,154,-0.013538481675392669,-0.0608435294117647,-0.06716493506493505,0.22077922077922077,10.3438
binance100_momentum,10,3000,-20.921839999999992,764,165,149,-0.027384607329842922,-0.12679903030303025,-0.14041503355704693,0.2483221476510067,21.398089999999993
binance100_momentum,10,4000,-15.935499999999998,764,161,145,-0.020857984293193715,-0.0989782608695652,-0.10989999999999998,0.2896551724137931,16.30585
binance100_momentum,10,5000,-14.050049999999992,764,156,140,-0.018390117801047108,-0.09006442307692303,-0.10035749999999995,0.2785714285714286,14.601049999999994
binance100_momentum,10,7500,-3.5340500000000006,764,146,130,-0.004625719895287959,-0.024205821917808224,-0.027185000000000004,0.38461538461538464,11.0289
binance100_momentum,10,10000,-8.212299999999999,764,142,126,-0.010749083769633506,-0.05783309859154929,-0.06517698412698412,0.40476190476190477,11.10865
binance100_momentum,25,500,-19.905549999999998,764,176,151,-0.026054384816753925,-0.1130997159090909,-0.1318248344370861,0.13245033112582782,19.9317
binance100_momentum,25,750,-19.626585999999996,764,176,151,-0.02568924869109947,-0.11151469318181816,-0.1299773907284768,0.17218543046357615,19.652735999999997
binance100_momentum,25,1000,-18.312686,764,176,151,-0.023969484293193715,-0.10404935227272727,-0.12127606622516555,0.17218543046357615,18.312686
binance100_momentum,25,1500,-14.50225,764,176,151,-0.018982002617801048,-0.08239914772727273,-0.09604139072847682,0.2119205298013245,14.50225
binance100_momentum,25,2000,-12.495750000000001,764,175,150,-0.01635569371727749,-0.07140428571428573,-0.083305,0.22,12.506300000000001
binance100_momentum,25,3000,-19.774199999999993,764,170,145,-0.025882460732984284,-0.11631882352941172,-0.13637379310344824,0.25517241379310346,20.250449999999994
binance100_momentum,25,4000,-17.01105,764,168,143,-0.0222657722513089,-0.10125625,-0.11895839160839161,0.2727272727272727,17.381400000000003
binance100_momentum,25,5000,-15.154199999999992,764,163,138,-0.019835340314136116,-0.09297055214723922,-0.10981304347826082,0.2753623188405797,15.630449999999994
binance100_momentum,25,7500,-4.8001499999999995,764,153,128,-0.006282918848167539,-0.0313735294117647,-0.037501171874999996,0.3828125,10.486799999999997
binance100_momentum,25,10000,-9.329099999999997,764,149,124,-0.012210863874345546,-0.06261140939597314,-0.07523467741935481,0.3951612903225806,10.982249999999997
binance100_momentum,50,500,-20.4135,764,178,140,-0.026719240837696334,-0.11468258426966292,-0.14581071428571427,0.1,20.4135
binance100_momentum,50,750,-20.519935999999994,764,178,140,-0.02685855497382198,-0.11528053932584266,-0.1465709714285714,0.12142857142857143,20.519935999999994
binance100_momentum,50,1000,-19.161585999999996,764,178,140,-0.025080609947643974,-0.10764935955056178,-0.1368684714285714,0.12857142857142856,19.161585999999996
binance100_momentum,50,1500,-14.938949999999998,764,178,140,-0.01955359947643979,-0.08392668539325841,-0.1067067857142857,0.19285714285714287,14.938949999999998
binance100_momentum,50,2000,-12.534000000000002,764,177,139,-0.01640575916230367,-0.07081355932203391,-0.09017266187050361,0.19424460431654678,12.534000000000002
binance100_momentum,50,3000,-19.12184999999999,764,173,135,-0.02502859947643978,-0.11053092485549128,-0.14164333333333326,0.22962962962962963,19.313249999999993
binance100_momentum,50,4000,-16.448150000000002,764,171,133,-0.02152899214659686,-0.09618801169590645,-0.12367030075187971,0.2631578947368421,16.586600000000004
binance100_momentum,50,5000,-15.28224999999999,764,166,128,-0.020002945026178,-0.09206174698795175,-0.11939257812499993,0.2578125,15.473649999999992
binance100_momentum,50,7500,-8.3864,764,156,118,-0.010976963350785341,-0.05375897435897436,-0.07107118644067796,0.3389830508474576,10.703499999999998
binance100_momentum,50,10000,-9.353199999999996,764,154,116,-0.012242408376963346,-0.060735064935064906,-0.08063103448275859,0.3793103448275862,11.387049999999997
binance100_momentum,100,500,-15.978099999999998,764,183,122,-0.020913743455497378,-0.08731202185792349,-0.13096803278688524,0.09016393442622951,15.978099999999998
binance100_momentum,100,750,-16.691636,764,183,122,-0.02184769109947644,-0.0912111256830601,-0.13681668852459017,0.10655737704918032,16.691636
binance100_momentum,100,1000,-15.735385999999995,764,183,122,-0.020596054973821984,-0.0859857158469945,-0.12897857377049177,0.11475409836065574,15.735385999999995
binance100_momentum,100,1500,-12.720550000000003,764,183,122,-0.016649934554973825,-0.06951120218579236,-0.10426680327868855,0.1721311475409836,12.720550000000003
binance100_momentum,100,2000,-10.057950000000002,764,182,121,-0.01316485602094241,-0.055263461538461546,-0.08312355371900827,0.2066115702479339,10.057950000000002
binance100_momentum,100,3000,-14.927600000000002,764,178,117,-0.019538743455497384,-0.08386292134831462,-0.1275863247863248,0.2564102564102564,15.119000000000003
binance100_momentum,100,4000,-11.827399999999999,764,176,115,-0.01548089005235602,-0.06720113636363635,-0.10284695652173913,0.25217391304347825,11.96585
binance100_momentum,100,5000,-11.913399999999994,764,173,112,-0.015593455497382192,-0.06886358381502887,-0.1063696428571428,0.25892857142857145,12.104799999999996
binance100_momentum,100,7500,-7.706999999999998,764,165,104,-0.010087696335078531,-0.046709090909090895,-0.07410576923076921,0.3557692307692308,8.819599999999998
binance100_momentum,100,10000,-6.522800000000001,764,164,103,-0.008537696335078535,-0.03977317073170732,-0.06332815533980583,0.3592233009708738,9.33025
binance100_momentum,250,500,-16.25475,764,179,112,-0.021275850785340316,-0.0908086592178771,-0.14513169642857143,0.026785714285714284,16.25475
binance100_momentum,250,750,-17.700036000000004,764,179,112,-0.02316758638743456,-0.09888288268156427,-0.15803603571428576,0.044642857142857144,17.700036000000004
binance100_momentum,250,1000,-14.914349999999999,764,179,112,-0.019521400523560207,-0.0833203910614525,-0.13316383928571426,0.0625,14.914349999999999
binance100_momentum,250,1500,-13.328800000000006,764,179,112,-0.01744607329842933,-0.07446256983240226,-0.11900714285714291,0.125,13.328800000000006
binance100_momentum,250,2000,-10.68040000000001,764,178,111,-0.013979581151832473,-0.06000224719101129,-0.0962198198198199,0.15315315315315314,10.68040000000001
binance100_momentum,250,3000,-16.0122,764,175,108,-0.020958376963350785,-0.09149828571428571,-0.14826111111111112,0.19444444444444445,16.2036
binance100_momentum,250,4000,-13.765000000000006,764,173,106,-0.01801701570680629,-0.07956647398843934,-0.1298584905660378,0.20754716981132076,13.903450000000007
binance100_momentum,250,5000,-13.880349999999995,764,169,102,-0.018167997382198944,-0.08213224852071002,-0.13608186274509798,0.19607843137254902,14.071749999999996
binance100_momentum,250,7500,-9.331450000000004,764,162,95,-0.01221393979057592,-0.057601543209876566,-0.09822578947368425,0.29473684210526313,10.444050000000002
binance100_momentum,250,10000,-8.387700000000004,764,161,94,-0.010978664921465974,-0.05209751552795033,-0.08923085106382983,0.3191489361702128,9.607000000000005
binance100_reversal,5,500,-51.686039999999984,764,168,168,-0.06765188481675391,-0.3076549999999999,-0.3076549999999999,0.023809523809523808,52.159539999999986
binance100_reversal,5,750,-53.24167750000001,764,168,168,-0.06968805955497383,-0.31691474702380956,-0.31691474702380956,0.023809523809523808,53.90817750000001
binance100_reversal,5,1000,-53.61601700000001,764,168,168,-0.07017803272251309,-0.3191429583333334,-0.3191429583333334,0.023809523809523808,54.08951700000001
binance100_reversal,5,1500,-52.506550000000004,764,165,165,-0.06872585078534033,-0.3182215151515152,-0.3182215151515152,0.04242424242424243,52.883750000000006
binance100_reversal,5,2000,-50.785549999999965,764,159,159,-0.06647323298429315,-0.31940597484276706,-0.31940597484276706,0.03773584905660377,51.25904999999997
binance100_reversal,5,3000,-42.01750000000002,764,152,152,-0.054996727748691125,-0.27643092105263173,-0.27643092105263173,0.039473684210526314,42.298600000000015
binance100_reversal,5,4000,-40.4033,764,148,148,-0.052883900523560214,-0.27299527027027026,-0.27299527027027026,0.06756756756756757,40.7805
binance100_reversal,5,5000,-43.484274800000016,764,143,143,-0.05691659005235604,-0.30408583776223785,-0.30408583776223785,0.04895104895104895,43.86147480000002
binance100_reversal,5,7500,-48.91145000000004,764,131,131,-0.06402022251308906,-0.3733698473282446,-0.3733698473282446,0.12213740458015267,49.28865000000004
binance100_reversal,5,10000,-43.03070000000002,764,126,126,-0.05632290575916233,-0.3415134920634922,-0.3415134920634922,0.10317460317460317,43.31180000000001
binance100_reversal,10,500,-50.90093999999999,764,168,167,-0.0666242670157068,-0.3029817857142857,-0.30479604790419157,0.023952095808383235,51.37443999999999
binance100_reversal,10,750,-52.45657750000003,764,168,167,-0.06866044175392674,-0.3122415327380954,-0.31411124251497025,0.023952095808383235,53.12307750000003
binance100_reversal,10,1000,-52.830917000000014,764,168,167,-0.06915041492146598,-0.3144697440476191,-0.3163527964071857,0.023952095808383235,53.304417000000015
binance100_reversal,10,1500,-51.769800000000004,764,165,164,-0.06776151832460733,-0.31375636363636367,-0.31566951219512196,0.04878048780487805,52.147000000000006
binance100_reversal,10,2000,-49.95524999999997,764,159,158,-0.06538645287958111,-0.31418396226415074,-0.3161724683544302,0.04430379746835443,50.42874999999997
binance100_reversal,10,3000,-41.24115000000001,764,152,151,-0.053980562827225145,-0.271323355263158,-0.27312019867549675,0.039735099337748346,41.52225000000001
binance100_reversal,10,4000,-39.580349999999996,764,148,147,-0.05180674083769633,-0.26743479729729724,-0.269254081632653,0.06802721088435375,39.95755
binance100_reversal,10,5000,-42.66132480000001,764,143,142,-0.05583943036649216,-0.2983309426573427,-0.30043186478873246,0.04929577464788732,43.03852480000001
binance100_reversal,10,7500,-48.13810000000004,764,131,130,-0.06300798429319376,-0.36746641221374077,-0.3702930769230772,0.12307692307692308,48.51530000000004
binance100_reversal,10,10000,-42.25735000000001,764,126,125,-0.05531066753926703,-0.33537579365079373,-0.3380588000000001,0.104,42.538450000000005
binance100_reversal,25,500,-47.710909499999985,764,168,166,-0.06244883442408375,-0.28399350892857134,-0.2874151174698794,0.024096385542168676,48.18440949999999
binance100_reversal,25,750,-49.85673550000001,764,168,166,-0.0652575071989529,-0.2967662827380953,-0.300341780120482,0.024096385542168676,50.52323550000001
binance100_reversal,25,1000,-50.30663450000002,764,168,166,-0.06584638023560212,-0.2994442529761906,-0.3030520150602411,0.024096385542168676,50.780134500000024
binance100_reversal,25,1500,-49.245517500000005,764,165,163,-0.06445748363874346,-0.29845768181818183,-0.3021197392638037,0.049079754601226995,49.62271750000001
binance100_reversal,25,2000,-47.56018399999998,764,159,157,-0.062251549738219863,-0.29912065408805016,-0.30293110828025466,0.044585987261146494,48.03368399999998
binance100_reversal,25,3000,-39.548500000000004,764,152,150,-0.05176505235602095,-0.2601875,-0.2636566666666667,0.04,39.8296
binance100_reversal,25,4000,-37.986,764,148,146,-0.04971989528795811,-0.25666216216216214,-0.2601780821917808,0.0684931506849315,38.3632
binance100_reversal,25,5000,-41.114974800000006,764,143,141,-0.05381541204188482,-0.2875173062937063,-0.29159556595744685,0.04964539007092199,41.49217480000001
binance100_reversal,25,7500,-46.21180000000003,764,131,129,-0.06048664921465973,-0.3527618320610689,-0.3582310077519382,0.12403100775193798,46.589000000000034
binance100_reversal,25,10000,-40.425700000000006,764,126,124,-0.052913219895287966,-0.32083888888888895,-0.3260137096774194,0.10483870967741936,40.7068
binance100_reversal,50,500,-46.76377999999998,764,168,163,-0.06120913612565443,-0.27835583333333325,-0.28689435582822076,0.012269938650306749,46.76377999999998
binance100_reversal,50,750,-49.296377500000006,764,168,163,-0.06452405431937173,-0.293430818452381,-0.30243176380368103,0.012269938650306749,49.296377500000006
binance100_reversal,50,1000,-49.52571700000003,764,168,163,-0.0648242369109948,-0.2947959345238097,-0.30383875460122717,0.018404907975460124,49.52571700000003
binance100_reversal,50,1500,-48.36830000000002,764,165,160,-0.06330929319371731,-0.29314121212121225,-0.3023018750000001,0.05,48.39150000000002
binance100_reversal,50,2000,-47.211999999999975,764,159,154,-0.06179581151832458,-0.29693081761006274,-0.3065714285714284,0.03896103896103896,47.211999999999975
binance100_reversal,50,3000,-38.90579999999999,764,152,147,-0.050923821989528786,-0.25595921052631576,-0.26466530612244893,0.034013605442176874,38.90579999999999
binance100_reversal,50,4000,-37.48965,764,148,143,-0.049070222513089,-0.2533084459459459,-0.2621653846153846,0.055944055944055944,37.48965
binance100_reversal,50,5000,-40.6186248,764,143,138,-0.053165739267015705,-0.2840463272727273,-0.2943378608695652,0.036231884057971016,40.6186248
binance100_reversal,50,7500,-45.668850000000035,764,131,126,-0.05977598167539271,-0.34861717557251937,-0.36245119047619073,0.1111111111111111,45.668850000000035
binance100_reversal,50,10000,-39.88205000000001,764,126,121,-0.05220163612565446,-0.3165242063492064,-0.3296037190082645,0.09090909090909091,39.88205000000001
binance100_reversal,100,500,-42.453579999999995,764,168,162,-0.05556751308900523,-0.25269988095238094,-0.2620591358024691,0.012345679012345678,42.453579999999995
binance100_reversal,100,750,-44.99157750000002,764,168,162,-0.05888949934554976,-0.26780700892857157,-0.27772578703703715,0.024691358024691357,44.99157750000002
binance100_reversal,100,1000,-44.72721700000003,764,168,162,-0.05854347774869114,-0.2662334345238097,-0.27609393209876565,0.018518518518518517,44.72721700000003
binance100_reversal,100,1500,-44.107899999999994,764,165,159,-0.057732853403141354,-0.26732060606060604,-0.2774081761006289,0.050314465408805034,44.43194999999999
binance100_reversal,100,2000,-43.50104999999998,764,159,153,-0.05693854712041882,-0.2735915094339621,-0.284320588235294,0.0392156862745098,43.50104999999998
binance100_reversal,100,3000,-35.698949999999996,764,152,146,-0.046726374345549736,-0.23486151315789472,-0.24451335616438355,0.0410958904109589,35.698949999999996
binance100_reversal,100,4000,-34.38614999999999,764,148,142,-0.045008049738219875,-0.23233885135135127,-0.24215598591549287,0.06338028169014084,34.38614999999999
binance100_reversal,100,5000,-37.12357479999999,764,143,137,-0.04859106649214659,-0.25960541818181815,-0.27097499854014595,0.051094890510948905,37.12357479999999
binance100_reversal,100,7500,-42.458250000000035,764,131,125,-0.05557362565445031,-0.32410877862595444,-0.3396660000000003,0.112,42.458250000000035
binance100_reversal,100,10000,-36.96239999999999,764,126,120,-0.04838010471204187,-0.29335238095238086,-0.3080199999999999,0.10833333333333334,36.96239999999999
binance100_reversal,250,500,-34.485243200000006,764,168,159,-0.04513775287958116,-0.2052693047619048,-0.21688832201257865,0.012578616352201259,34.485243200000006
binance100_reversal,250,750,-36.336044700000016,764,168,159,-0.0475602679319372,-0.21628598035714294,-0.22852858301886803,0.031446540880503145,36.336044700000016
binance100_reversal,250,1000,-36.66188140000001,764,168,159,-0.04798675575916232,-0.2182254845238096,-0.23057787044025166,0.018867924528301886,36.66188140000001
binance100_reversal,250,1500,-36.76868079999999,764,165,156,-0.048126545549738206,-0.22284048969696965,-0.23569667179487175,0.04487179487179487,36.81214999999999
binance100_reversal,250,2000,-37.095789999999994,764,159,150,-0.048554698952879574,-0.23330685534591192,-0.24730526666666663,0.06666666666666667,37.095789999999994
binance100_reversal,250,3000,-28.7769456,764,152,143,-0.03766615916230367,-0.1893220105263158,-0.20123738181818182,0.08391608391608392,28.7769456
binance100_reversal,250,4000,-28.157345599999996,764,148,139,-0.03685516439790575,-0.19025233513513512,-0.20257083165467624,0.09352517985611511,28.157345599999996
binance100_reversal,250,5000,-31.3448084,764,143,134,-0.041027236125654454,-0.21919446433566434,-0.23391648059701495,0.07462686567164178,31.3448084
binance100_reversal,250,7500,-37.37495159999999,764,131,122,-0.04892009371727747,-0.28530497404580146,-0.3063520622950819,0.13114754098360656,37.37495159999999
binance100_reversal,250,10000,-32.0234784,764,126,117,-0.04191554764397906,-0.2541545904761905,-0.2737049435897436,0.1111111111111111,32.0234784
coinbase100_momentum,5,500,-19.871420399999998,734,171,161,-0.02707277983651226,-0.11620713684210525,-0.12342497142857142,0.18012422360248448,19.8975704
coinbase100_momentum,5,750,-18.67823599999999,734,171,161,-0.02544718801089917,-0.10922945029239761,-0.11601388819875771,0.20496894409937888,18.704385999999992
coinbase100_momentum,5,1000,-17.061485999999995,734,171,161,-0.023244531335149858,-0.09977477192982454,-0.10597196273291923,0.20496894409937888,17.061485999999995
coinbase100_momentum,5,1500,-13.803949999999997,734,169,159,-0.018806471389645772,-0.08168017751479288,-0.08681729559748426,0.23270440251572327,13.803949999999997
coinbase100_momentum,5,2000,-13.199699999999996,734,164,154,-0.017983242506811985,-0.08048597560975608,-0.08571233766233764,0.2012987012987013,13.200099999999997
coinbase100_momentum,5,3000,-22.30953999999999,734,158,148,-0.030394468664850124,-0.14119962025316452,-0.15074013513513507,0.23648648648648649,22.78578999999999
coinbase100_momentum,5,4000,-17.71509999999999,734,154,144,-0.024135013623978185,-0.1150331168831168,-0.1230215277777777,0.2777777777777778,18.08544999999999
coinbase100_momentum,5,5000,-15.25259999999999,734,149,139,-0.0207801089918256,-0.10236644295302007,-0.10973093525179849,0.2733812949640288,15.927499999999991
coinbase100_momentum,5,7500,-4.3703999999999965,734,140,130,-0.0059542234332425024,-0.031217142857142832,-0.033618461538461514,0.36923076923076925,11.123549999999996
coinbase100_momentum,5,10000,-8.507499999999997,734,136,126,-0.011590599455040868,-0.06255514705882351,-0.06751984126984124,0.3968253968253968,11.206249999999997
coinbase100_momentum,10,500,-17.5372,734,171,155,-0.023892643051771117,-0.10255672514619882,-0.1131432258064516,0.18064516129032257,17.56335
coinbase100_momentum,10,750,-17.58208599999999,734,171,155,-0.02395379564032696,-0.10281921637426894,-0.11343281290322574,0.2,17.60823599999999
coinbase100_momentum,10,1000,-15.766435999999999,734,171,155,-0.021480158038147137,-0.09220138011695905,-0.10171894193548386,0.2,15.766435999999999
coinbase100_momentum,10,1500,-12.053250000000002,734,169,153,-0.01642132152588556,-0.07132100591715977,-0.07877941176470589,0.2222222222222222,12.053250000000002
coinbase100_momentum,10,2000,-11.045899999999996,734,165,149,-0.015048910081743864,-0.06694484848484845,-0.07413355704697984,0.2080536912751678,11.046299999999997
coinbase100_momentum,10,3000,-21.624339999999986,734,160,144,-0.029460953678474094,-0.1351521249999999,-0.15016902777777769,0.2361111111111111,22.100589999999986
coinbase100_momentum,10,4000,-16.637999999999995,734,156,140,-0.0226675749318801,-0.10665384615384611,-0.1188428571428571,0.2785714285714286,17.008349999999997
coinbase100_momentum,10,5000,-14.329049999999992,734,151,135,-0.01952186648501361,-0.0948943708609271,-0.10614111111111105,0.26666666666666666,14.907449999999994
coinbase100_momentum,10,7500,-3.6286999999999985,734,143,127,-0.004943732970027246,-0.025375524475524464,-0.02857244094488188,0.3700787401574803,11.123549999999998
coinbase100_momentum,10,10000,-8.518449999999996,734,139,123,-0.011605517711171657,-0.06128381294964026,-0.06925569105691054,0.3902439024390244,11.206249999999997
coinbase100_momentum,25,500,-20.3444,734,171,146,-0.02771716621253406,-0.11897309941520468,-0.13934520547945206,0.1232876712328767,20.37055
coinbase100_momentum,25,750,-19.95923599999999,734,171,146,-0.027192419618528595,-0.11672067836257304,-0.13670709589041088,0.1643835616438356,19.98538599999999
coinbase100_momentum,25,1000,-18.645336,734,171,146,-0.025402365122615803,-0.10903705263157895,-0.1277077808219178,0.1643835616438356,18.645336
coinbase100_momentum,25,1500,-14.834899999999998,734,171,146,-0.020211035422343322,-0.08675380116959062,-0.10160890410958902,0.2054794520547945,14.834899999999998
coinbase100_momentum,25,2000,-13.198249999999998,734,170,145,-0.01798126702997275,-0.07763676470588234,-0.09102241379310344,0.20689655172413793,13.208799999999998
coinbase100_momentum,25,3000,-20.476699999999987,734,165,140,-0.027897411444141672,-0.12410121212121204,-0.14626214285714276,0.24285714285714285,20.952949999999987
coinbase100_momentum,25,4000,-17.713549999999994,734,163,138,-0.02413290190735694,-0.10867208588957052,-0.12835905797101446,0.2608695652173913,18.083899999999996
coinbase100_momentum,25,5000,-15.433199999999992,734,158,133,-0.021026158038147127,-0.09767848101265818,-0.11603909774436084,0.2631578947368421,15.909449999999994
coinbase100_momentum,25,7500,-4.894799999999997,734,150,125,-0.006668664850136236,-0.03263199999999998,-0.03915839999999998,0.368,10.581449999999995
coinbase100_momentum,25,10000,-9.635249999999997,734,146,121,-0.013127043596730241,-0.06599486301369861,-0.07963016528925618,0.38016528925619836,11.216849999999997
coinbase100_momentum,50,500,-20.852349999999994,734,173,135,-0.028409196185286097,-0.1205338150289017,-0.15446185185185182,0.08888888888888889,20.852349999999994
coinbase100_momentum,50,750,-20.852585999999988,734,173,135,-0.028409517711171645,-0.12053517919075138,-0.15446359999999992,0.1111111111111111,20.852585999999988
coinbase100_momentum,50,1000,-19.494235999999997,734,173,135,-0.026558904632152585,-0.11268344508670519,-0.14440174814814813,0.11851851851851852,19.494235999999997
coinbase100_momentum,50,1500,-15.2716,734,173,135,-0.02080599455040872,-0.08827514450867052,-0.11312296296296295,0.18518518518518517,15.2716
coinbase100_momentum,50,2000,-13.2365,734,172,134,-0.018033378746594005,-0.0769563953488372,-0.09877985074626865,0.1791044776119403,13.2365
coinbase100_momentum,50,3000,-19.82434999999999,734,168,130,-0.02700865122615802,-0.11800208333333326,-0.1524949999999999,0.2153846153846154,20.01574999999999
coinbase100_momentum,50,4000,-17.150649999999995,734,166,128,-0.023366008174386915,-0.10331716867469877,-0.13398945312499996,0.25,17.289099999999998
coinbase100_momentum,50,5000,-15.56124999999999,734,161,123,-0.021200613079019062,-0.09665372670807447,-0.12651422764227635,0.24390243902439024,15.769249999999994
coinbase100_momentum,50,7500,-8.48105,734,153,115,-0.011554564032697548,-0.055431699346405225,-0.07374826086956522,0.3217391304347826,10.79815
coinbase100_momentum,50,10000,-9.659349999999996,734,151,113,-0.01315987738419618,-0.06396920529801323,-0.08548097345132741,0.36283185840707965,11.484649999999997
coinbase100_momentum,100,500,-16.416949999999996,734,178,117,-0.022366416893732966,-0.09223005617977525,-0.14031581196581194,0.07692307692307693,16.416949999999996
coinbase100_momentum,100,750,-17.024286,734,178,117,-0.023193850136239782,-0.09564205617977528,-0.14550671794871795,0.09401709401709402,17.024286
coinbase100_momentum,100,1000,-16.068035999999992,734,178,117,-0.021891057220708436,-0.09026986516853928,-0.13733364102564097,0.10256410256410256,16.068035999999992
coinbase100_momentum,100,1500,-13.0532,734,178,117,-0.017783651226158038,-0.07333258426966292,-0.11156581196581197,0.1623931623931624,13.0532
coinbase100_momentum,100,2000,-10.760449999999999,734,177,116,-0.0146600136239782,-0.06079350282485875,-0.09276249999999998,0.1896551724137931,10.760449999999999
coinbase100_momentum,100,3000,-15.630099999999999,734,173,112,-0.021294414168937327,-0.09034739884393063,-0.13955446428571427,0.24107142857142858,15.8215
coinbase100_momentum,100,4000,-12.529899999999996,734,171,110,-0.017070708446866478,-0.07327426900584794,-0.11390818181818178,0.23636363636363636,12.668349999999997
coinbase100_momentum,100,5000,-12.192399999999992,734,168,107,-0.016610899182561298,-0.07257380952380947,-0.11394766355140179,0.24299065420560748,12.383799999999994
coinbase100_momentum,100,7500,-7.801649999999998,734,162,101,-0.010628950953678471,-0.04815833333333332,-0.07724405940594058,0.33663366336633666,8.914249999999997
coinbase100_momentum,100,10000,-6.828950000000001,734,161,100,-0.00930374659400545,-0.042415838509316774,-0.0682895,0.34,9.42785
coinbase100_momentum,250,500,-16.6936,734,174,107,-0.0227433242506812,-0.09594022988505747,-0.15601495327102805,0.009345794392523364,16.6936
coinbase100_momentum,250,750,-18.032686,734,174,107,-0.024567692098092644,-0.10363612643678162,-0.1685297757009346,0.028037383177570093,18.032686
coinbase100_momentum,250,1000,-15.247,734,174,107,-0.0207724795640327,-0.0876264367816092,-0.14249532710280374,0.04672897196261682,15.247
coinbase100_momentum,250,1500,-13.66145,734,174,107,-0.01861232970027248,-0.07851408045977011,-0.1276771028037383,0.11214953271028037,13.66145
coinbase100_momentum,250,2000,-11.382900000000003,734,173,106,-0.015508038147138968,-0.06579710982658961,-0.1073858490566038,0.1320754716981132,11.382900000000003
coinbase100_momentum,250,3000,-16.714699999999997,734,170,103,-0.022772070844686645,-0.09832176470588233,-0.162278640776699,0.17475728155339806,16.9061
coinbase100_momentum,250,4000,-14.467500000000003,734,168,101,-0.019710490463215262,-0.08611607142857144,-0.14324257425742576,0.18811881188118812,14.605950000000004
coinbase100_momentum,250,5000,-14.159349999999995,734,164,97,-0.019290667574931874,-0.08633749999999997,-0.14597268041237108,0.17525773195876287,14.350749999999996
coinbase100_momentum,250,7500,-9.426100000000003,734,159,92,-0.012842098092643056,-0.05928364779874216,-0.10245760869565221,0.2717391304347826,10.538700000000002
coinbase100_momentum,250,10000,-8.693850000000005,734,158,91,-0.011844482288828345,-0.055024367088607626,-0.09553681318681324,0.2967032967032967,9.913150000000005
coinbase100_reversal,5,500,-49.97753999999998,734,161,161,-0.0680892915531335,-0.31041950310558997,-0.31041950310558997,0.024844720496894408,50.451039999999985
coinbase100_reversal,5,750,-51.626677500000014,734,161,161,-0.07033607288828339,-0.32066259316770196,-0.32066259316770196,0.024844720496894408,52.29317750000001
coinbase100_reversal,5,1000,-52.001017,734,161,161,-0.07084607220708447,-0.32298768322981364,-0.32298768322981364,0.024844720496894408,52.474517
coinbase100_reversal,5,1500,-50.89155,734,158,158,-0.06933453678474115,-0.322098417721519,-0.322098417721519,0.04430379746835443,51.268750000000004
coinbase100_reversal,5,2000,-48.88764999999997,734,152,152,-0.06660442779291549,-0.3216292763157893,-0.3216292763157893,0.039473684210526314,49.361149999999974
coinbase100_reversal,5,3000,-40.11960000000002,734,145,145,-0.05465885558583109,-0.2766868965517243,-0.2766868965517243,0.041379310344827586,40.400700000000015
coinbase100_reversal,5,4000,-38.5522,734,141,141,-0.05252343324250681,-0.2734198581560284,-0.2734198581560284,0.07092198581560284,38.9294
coinbase100_reversal,5,5000,-41.72697480000001,734,136,136,-0.0568487395095368,-0.3068159911764706,-0.3068159911764706,0.051470588235294115,42.10417480000001
coinbase100_reversal,5,7500,-47.42835000000003,734,126,126,-0.06461628065395099,-0.37641547619047644,-0.37641547619047644,0.12698412698412698,47.80555000000003
coinbase100_reversal,5,10000,-41.735500000000016,734,121,121,-0.05686035422343327,-0.34492148760330593,-0.34492148760330593,0.10743801652892562,42.01660000000001
coinbase100_reversal,10,500,-49.19243999999999,734,161,160,-0.06701967302452315,-0.30554310559006204,-0.30745274999999994,0.025,49.66593999999999
coinbase100_reversal,10,750,-50.84157750000002,734,161,160,-0.06926645435967305,-0.31578619565217403,-0.3177598593750001,0.025,51.50807750000002
coinbase100_reversal,10,1000,-51.215917000000005,734,161,160,-0.06977645367847413,-0.31811128571428576,-0.32009948125000004,0.025,51.689417000000006
coinbase100_reversal,10,1500,-50.15480000000001,734,158,157,-0.06833079019073571,-0.3174354430379747,-0.3194573248407644,0.050955414012738856,50.53200000000001
coinbase100_reversal,10,2000,-48.05734999999998,734,152,151,-0.06547322888283376,-0.3161667763157893,-0.31826059602648993,0.046357615894039736,48.53084999999998
coinbase100_reversal,10,3000,-39.34325000000002,734,145,144,-0.05360115803814716,-0.2713327586206898,-0.273217013888889,0.041666666666666664,39.624350000000014
coinbase100_reversal,10,4000,-37.72925,734,141,140,-0.05140224795640327,-0.26758333333333334,-0.26949464285714286,0.07142857142857142,38.10645
coinbase100_reversal,10,5000,-40.9040248,734,136,135,-0.05572755422343324,-0.3007648882352941,-0.3029927762962963,0.05185185185185185,41.281224800000004
coinbase100_reversal,10,7500,-46.65500000000003,734,126,125,-0.06356267029972756,-0.37027777777777804,-0.37324000000000024,0.128,47.03220000000003
coinbase100_reversal,10,10000,-40.96215000000001,734,121,120,-0.05580674386920982,-0.3385301652892563,-0.34135125000000005,0.10833333333333334,41.24325
coinbase100_reversal,25,500,-46.00240949999999,734,161,159,-0.06267358242506811,-0.285729251552795,-0.2893233301886792,0.025157232704402517,46.47590949999999
coinbase100_reversal,25,750,-48.241735500000004,734,161,159,-0.06572443528610354,-0.2996381086956522,-0.303407141509434,0.025157232704402517,48.9082355
coinbase100_reversal,25,1000,-48.69163450000003,734,161,159,-0.06633737670299732,-0.3024325124223604,-0.30623669496855366,0.025157232704402517,49.16513450000003
coinbase100_reversal,25,1500,-47.63051750000001,734,158,156,-0.06489171321525887,-0.30145897151898743,-0.3053238301282052,0.05128205128205128,48.00771750000001
coinbase100_reversal,25,2000,-45.662283999999985,734,152,150,-0.06221019618528608,-0.30040976315789464,-0.3044152266666666,0.04666666666666667,46.13578399999999
coinbase100_reversal,25,3000,-37.650600000000004,734,145,143,-0.05129509536784742,-0.25965931034482764,-0.26329090909090913,0.04195804195804196,37.9317
coinbase100_reversal,25,4000,-36.13489999999999,734,141,139,-0.049230108991825595,-0.2562758865248226,-0.2599633093525179,0.07194244604316546,36.51209999999999
coinbase100_reversal,25,5000,-39.3576748,734,136,134,-0.05362081035422343,-0.2893946676470588,-0.2937139910447761,0.05223880597014925,39.7348748
coinbase100_reversal,25,7500,-44.728700000000025,734,126,124,-0.06093828337874663,-0.3549896825396827,-0.36071532258064537,0.12903225806451613,45.10590000000003
coinbase100_reversal,25,10000,-39.130500000000005,734,121,119,-0.053311307901907364,-0.3233925619834711,-0.328827731092437,0.1092436974789916,39.4116
coinbase100_reversal,50,500,-45.10767999999999,734,161,156,-0.061454604904632136,-0.2801719254658384,-0.2891517948717948,0.01282051282051282,45.10767999999999
coinbase100_reversal,50,750,-47.7337775,734,161,156,-0.06503239441416894,-0.2964830900621118,-0.3059857532051282,0.01282051282051282,47.7337775
coinbase100_reversal,50,1000,-47.963117000000025,734,161,156,-0.06534484604904636,-0.29790755900621135,-0.3074558782051284,0.019230769230769232,47.963117000000025
coinbase100_reversal,50,1500,-46.805700000000016,734,158,153,-0.06376798365122618,-0.2962386075949368,-0.3059196078431374,0.05228758169934641,46.82890000000002
coinbase100_reversal,50,2000,-45.36649999999998,734,152,147,-0.06180722070844684,-0.29846381578947356,-0.3086156462585033,0.04081632653061224,45.36649999999998
coinbase100_reversal,50,3000,-37.0603,734,145,140,-0.0504908719346049,-0.25558827586206895,-0.2647164285714286,0.03571428571428571,37.0603
coinbase100_reversal,50,4000,-35.69094999999999,734,141,136,-0.04862527247956402,-0.2531273049645389,-0.26243345588235284,0.058823529411764705,35.69094999999999
coinbase100_reversal,50,5000,-38.9137248,734,136,131,-0.05301597384196185,-0.2861303294117647,-0.297051334351145,0.03816793893129771,38.9137248
coinbase100_reversal,50,7500,-44.238150000000026,734,126,121,-0.06026995912806543,-0.35109642857142875,-0.3656045454545457,0.11570247933884298,44.238150000000026
coinbase100_reversal,50,10000,-38.639250000000004,734,121,116,-0.05264202997275205,-0.3193326446280992,-0.3330969827586207,0.09482758620689655,38.639250000000004
coinbase100_reversal,100,500,-40.90253,734,161,155,-0.05572551771117166,-0.2540529813664596,-0.2638872903225806,0.012903225806451613,40.90253
coinbase100_reversal,100,750,-43.534027500000015,734,161,155,-0.05931066416893735,-0.27039768633540384,-0.28086469354838717,0.025806451612903226,43.534027500000015
coinbase100_reversal,100,1000,-43.26966700000002,734,161,155,-0.058950500000000024,-0.26875569565217405,-0.279159141935484,0.01935483870967742,43.26966700000002
coinbase100_reversal,100,1500,-42.65034999999999,734,158,152,-0.0581067438692098,-0.26993892405063286,-0.2805944078947368,0.05263157894736842,42.97439999999999
coinbase100_reversal,100,2000,-41.76059999999998,734,152,146,-0.056894550408719324,-0.2747407894736841,-0.28603150684931494,0.0410958904109589,41.76059999999998
coinbase100_reversal,100,3000,-33.9585,734,145,139,-0.0462649863760218,-0.23419655172413795,-0.24430575539568347,0.04316546762589928,33.9585
coinbase100_reversal,100,4000,-32.69249999999999,734,141,135,-0.044540190735694804,-0.2318617021276595,-0.24216666666666659,0.06666666666666667,32.69249999999999
coinbase100_reversal,100,5000,-35.52372479999999,734,136,130,-0.04839744523160761,-0.2612038588235293,-0.27325942153846144,0.05384615384615385,35.52372479999999
coinbase100_reversal,100,7500,-41.132600000000025,734,126,120,-0.05603896457765671,-0.32644920634920654,-0.34277166666666686,0.11666666666666667,41.132600000000025
coinbase100_reversal,100,10000,-35.824649999999984,734,121,115,-0.04880742506811987,-0.29607148760330565,-0.31151869565217377,0.11304347826086956,35.824649999999984
coinbase100_reversal,250,500,-32.934193199999996,734,161,152,-0.044869473024523154,-0.2045602062111801,-0.2166723236842105,0.013157894736842105,32.934193199999996
coinbase100_reversal,250,750,-34.878494700000005,734,161,152,-0.047518385149863764,-0.21663661304347828,-0.22946378092105266,0.03289473684210526,34.878494700000005
coinbase100_reversal,250,1000,-35.20433140000001,734,161,152,-0.04796230435967304,-0.2186604434782609,-0.2316074434210527,0.019736842105263157,35.20433140000001
coinbase100_reversal,250,1500,-35.31113079999999,734,158,149,-0.048107807629427776,-0.22348816962025309,-0.23698745503355695,0.04697986577181208,35.354599999999984
coinbase100_reversal,250,2000,-35.35534,734,152,143,-0.048168038147138964,-0.23260092105263155,-0.24724013986013985,0.06993006993006994,35.35534
coinbase100_reversal,250,3000,-27.036495600000002,734,145,136,-0.03683446267029973,-0.1864585903448276,-0.1987977617647059,0.08823529411764706,27.036495600000002
coinbase100_reversal,250,4000,-26.463695599999994,734,141,132,-0.03605408119891007,-0.18768578439716307,-0.20048254242424238,0.09848484848484848,26.463695599999994
coinbase100_reversal,250,5000,-29.7449584,734,136,127,-0.04052446648501363,-0.2187129294117647,-0.23421227086614174,0.07874015748031496,29.7449584
coinbase100_reversal,250,7500,-36.049301599999986,734,126,117,-0.04911348991825611,-0.28610556825396816,-0.3081136888888888,0.13675213675213677,36.049301599999986
coinbase100_reversal,250,10000,-30.885728400000005,734,121,112,-0.04207864904632153,-0.25525395371900833,-0.2757654321428572,0.11607142857142858,30.885728400000005
cross_venue_consensus_momentum,5,500,-19.432570399999996,764,176,166,-0.02543530157068062,-0.11041233181818179,-0.11706367710843371,0.18674698795180722,19.458720399999997
cross_venue_consensus_momentum,5,750,-18.345585999999997,764,176,166,-0.024012547120418844,-0.10423628409090907,-0.110515578313253,0.21084337349397592,18.371736
cross_venue_consensus_momentum,5,1000,-16.728835999999998,764,176,166,-0.021896382198952877,-0.09505020454545453,-0.1007761204819277,0.21084337349397592,16.728835999999998
cross_venue_consensus_momentum,5,1500,-13.4713,764,174,164,-0.01763259162303665,-0.07742126436781609,-0.0821420731707317,0.23780487804878048,13.4713
cross_venue_consensus_momentum,5,2000,-12.4972,764,169,159,-0.016357591623036648,-0.07394792899408284,-0.07859874213836478,0.2138364779874214,12.4976
cross_venue_consensus_momentum,5,3000,-21.607039999999994,764,163,153,-0.02828146596858638,-0.13255852760736192,-0.14122248366013068,0.24836601307189543,22.083289999999995
cross_venue_consensus_momentum,5,4000,-17.0126,764,159,149,-0.02226780104712042,-0.10699748427672956,-0.11417852348993288,0.28859060402684567,17.38295
cross_venue_consensus_momentum,5,5000,-14.973599999999994,764,154,144,-0.019598952879581143,-0.0972311688311688,-0.10398333333333329,0.2847222222222222,15.621099999999995
cross_venue_consensus_momentum,5,7500,-4.275749999999999,764,143,133,-0.0055965314136125635,-0.029900349650349642,-0.032148496240601496,0.38345864661654133,11.028899999999998
cross_venue_consensus_momentum,5,10000,-8.20135,764,139,129,-0.010734751308900524,-0.059002517985611506,-0.06357635658914729,0.4108527131782946,11.10865
cross_venue_consensus_momentum,10,500,-17.098350000000003,764,176,160,-0.022380039267015713,-0.09714971590909093,-0.10686468750000003,0.1875,17.124500000000005
cross_venue_consensus_momentum,10,750,-17.249436000000003,764,176,160,-0.02257779581151833,-0.09800815909090911,-0.10780897500000002,0.20625,17.275586000000004
cross_venue_consensus_momentum,10,1000,-15.433786000000001,764,176,160,-0.02020129057591623,-0.08769196590909091,-0.0964611625,0.20625,15.433786000000001
cross_venue_consensus_momentum,10,1500,-11.720600000000005,764,174,158,-0.015341099476439796,-0.06735977011494255,-0.07418101265822788,0.22784810126582278,11.720600000000005
cross_venue_consensus_momentum,10,2000,-10.343399999999999,764,170,154,-0.013538481675392669,-0.0608435294117647,-0.06716493506493505,0.22077922077922077,10.3438
cross_venue_consensus_momentum,10,3000,-20.921839999999992,764,165,149,-0.027384607329842922,-0.12679903030303025,-0.14041503355704693,0.2483221476510067,21.398089999999993
cross_venue_consensus_momentum,10,4000,-15.935499999999998,764,161,145,-0.020857984293193715,-0.0989782608695652,-0.10989999999999998,0.2896551724137931,16.30585
cross_venue_consensus_momentum,10,5000,-14.050049999999992,764,156,140,-0.018390117801047108,-0.09006442307692303,-0.10035749999999995,0.2785714285714286,14.601049999999994
cross_venue_consensus_momentum,10,7500,-3.5340500000000006,764,146,130,-0.004625719895287959,-0.024205821917808224,-0.027185000000000004,0.38461538461538464,11.0289
cross_venue_consensus_momentum,10,10000,-8.212299999999999,764,142,126,-0.010749083769633506,-0.05783309859154929,-0.06517698412698412,0.40476190476190477,11.10865
cross_venue_consensus_momentum,25,500,-19.905549999999998,764,176,151,-0.026054384816753925,-0.1130997159090909,-0.1318248344370861,0.13245033112582782,19.9317
cross_venue_consensus_momentum,25,750,-19.626585999999996,764,176,151,-0.02568924869109947,-0.11151469318181816,-0.1299773907284768,0.17218543046357615,19.652735999999997
cross_venue_consensus_momentum,25,1000,-18.312686,764,176,151,-0.023969484293193715,-0.10404935227272727,-0.12127606622516555,0.17218543046357615,18.312686
cross_venue_consensus_momentum,25,1500,-14.50225,764,176,151,-0.018982002617801048,-0.08239914772727273,-0.09604139072847682,0.2119205298013245,14.50225
cross_venue_consensus_momentum,25,2000,-12.495750000000001,764,175,150,-0.01635569371727749,-0.07140428571428573,-0.083305,0.22,12.506300000000001
cross_venue_consensus_momentum,25,3000,-19.774199999999993,764,170,145,-0.025882460732984284,-0.11631882352941172,-0.13637379310344824,0.25517241379310346,20.250449999999994
cross_venue_consensus_momentum,25,4000,-17.01105,764,168,143,-0.0222657722513089,-0.10125625,-0.11895839160839161,0.2727272727272727,17.381400000000003
cross_venue_consensus_momentum,25,5000,-15.154199999999992,764,163,138,-0.019835340314136116,-0.09297055214723922,-0.10981304347826082,0.2753623188405797,15.630449999999994
cross_venue_consensus_momentum,25,7500,-4.8001499999999995,764,153,128,-0.006282918848167539,-0.0313735294117647,-0.037501171874999996,0.3828125,10.486799999999997
cross_venue_consensus_momentum,25,10000,-9.329099999999997,764,149,124,-0.012210863874345546,-0.06261140939597314,-0.07523467741935481,0.3951612903225806,10.982249999999997
cross_venue_consensus_momentum,50,500,-20.4135,764,178,140,-0.026719240837696334,-0.11468258426966292,-0.14581071428571427,0.1,20.4135
cross_venue_consensus_momentum,50,750,-20.519935999999994,764,178,140,-0.02685855497382198,-0.11528053932584266,-0.1465709714285714,0.12142857142857143,20.519935999999994
cross_venue_consensus_momentum,50,1000,-19.161585999999996,764,178,140,-0.025080609947643974,-0.10764935955056178,-0.1368684714285714,0.12857142857142856,19.161585999999996
cross_venue_consensus_momentum,50,1500,-14.938949999999998,764,178,140,-0.01955359947643979,-0.08392668539325841,-0.1067067857142857,0.19285714285714287,14.938949999999998
cross_venue_consensus_momentum,50,2000,-12.534000000000002,764,177,139,-0.01640575916230367,-0.07081355932203391,-0.09017266187050361,0.19424460431654678,12.534000000000002
cross_venue_consensus_momentum,50,3000,-19.12184999999999,764,173,135,-0.02502859947643978,-0.11053092485549128,-0.14164333333333326,0.22962962962962963,19.313249999999993
cross_venue_consensus_momentum,50,4000,-16.448150000000002,764,171,133,-0.02152899214659686,-0.09618801169590645,-0.12367030075187971,0.2631578947368421,16.586600000000004
cross_venue_consensus_momentum,50,5000,-15.28224999999999,764,166,128,-0.020002945026178,-0.09206174698795175,-0.11939257812499993,0.2578125,15.473649999999992
cross_venue_consensus_momentum,50,7500,-8.3864,764,156,118,-0.010976963350785341,-0.05375897435897436,-0.07107118644067796,0.3389830508474576,10.703499999999998
cross_venue_consensus_momentum,50,10000,-9.353199999999996,764,154,116,-0.012242408376963346,-0.060735064935064906,-0.08063103448275859,0.3793103448275862,11.387049999999997
cross_venue_consensus_momentum,100,500,-15.978099999999998,764,183,122,-0.020913743455497378,-0.08731202185792349,-0.13096803278688524,0.09016393442622951,15.978099999999998
cross_venue_consensus_momentum,100,750,-16.691636,764,183,122,-0.02184769109947644,-0.0912111256830601,-0.13681668852459017,0.10655737704918032,16.691636
cross_venue_consensus_momentum,100,1000,-15.735385999999995,764,183,122,-0.020596054973821984,-0.0859857158469945,-0.12897857377049177,0.11475409836065574,15.735385999999995
cross_venue_consensus_momentum,100,1500,-12.720550000000003,764,183,122,-0.016649934554973825,-0.06951120218579236,-0.10426680327868855,0.1721311475409836,12.720550000000003
cross_venue_consensus_momentum,100,2000,-10.057950000000002,764,182,121,-0.01316485602094241,-0.055263461538461546,-0.08312355371900827,0.2066115702479339,10.057950000000002
cross_venue_consensus_momentum,100,3000,-14.927600000000002,764,178,117,-0.019538743455497384,-0.08386292134831462,-0.1275863247863248,0.2564102564102564,15.119000000000003
cross_venue_consensus_momentum,100,4000,-11.827399999999999,764,176,115,-0.01548089005235602,-0.06720113636363635,-0.10284695652173913,0.25217391304347825,11.96585
cross_venue_consensus_momentum,100,5000,-11.913399999999994,764,173,112,-0.015593455497382192,-0.06886358381502887,-0.1063696428571428,0.25892857142857145,12.104799999999996
cross_venue_consensus_momentum,100,7500,-7.706999999999998,764,165,104,-0.010087696335078531,-0.046709090909090895,-0.07410576923076921,0.3557692307692308,8.819599999999998
cross_venue_consensus_momentum,100,10000,-6.522800000000001,764,164,103,-0.008537696335078535,-0.03977317073170732,-0.06332815533980583,0.3592233009708738,9.33025
cross_venue_consensus_momentum,250,500,-16.25475,764,179,112,-0.021275850785340316,-0.0908086592178771,-0.14513169642857143,0.026785714285714284,16.25475
cross_venue_consensus_momentum,250,750,-17.700036000000004,764,179,112,-0.02316758638743456,-0.09888288268156427,-0.15803603571428576,0.044642857142857144,17.700036000000004
cross_venue_consensus_momentum,250,1000,-14.914349999999999,764,179,112,-0.019521400523560207,-0.0833203910614525,-0.13316383928571426,0.0625,14.914349999999999
cross_venue_consensus_momentum,250,1500,-13.328800000000006,764,179,112,-0.01744607329842933,-0.07446256983240226,-0.11900714285714291,0.125,13.328800000000006
cross_venue_consensus_momentum,250,2000,-10.68040000000001,764,178,111,-0.013979581151832473,-0.06000224719101129,-0.0962198198198199,0.15315315315315314,10.68040000000001
cross_venue_consensus_momentum,250,3000,-16.0122,764,175,108,-0.020958376963350785,-0.09149828571428571,-0.14826111111111112,0.19444444444444445,16.2036
cross_venue_consensus_momentum,250,4000,-13.765000000000006,764,173,106,-0.01801701570680629,-0.07956647398843934,-0.1298584905660378,0.20754716981132076,13.903450000000007
cross_venue_consensus_momentum,250,5000,-13.880349999999995,764,169,102,-0.018167997382198944,-0.08213224852071002,-0.13608186274509798,0.19607843137254902,14.071749999999996
cross_venue_consensus_momentum,250,7500,-9.331450000000004,764,162,95,-0.01221393979057592,-0.057601543209876566,-0.09822578947368425,0.29473684210526313,10.444050000000002
cross_venue_consensus_momentum,250,10000,-8.387700000000004,764,161,94,-0.010978664921465974,-0.05209751552795033,-0.08923085106382983,0.3191489361702128,9.607000000000005
cross_venue_consensus_reversal,5,500,-51.686039999999984,764,168,168,-0.06765188481675391,-0.3076549999999999,-0.3076549999999999,0.023809523809523808,52.159539999999986
cross_venue_consensus_reversal,5,750,-53.24167750000001,764,168,168,-0.06968805955497383,-0.31691474702380956,-0.31691474702380956,0.023809523809523808,53.90817750000001
cross_venue_consensus_reversal,5,1000,-53.61601700000001,764,168,168,-0.07017803272251309,-0.3191429583333334,-0.3191429583333334,0.023809523809523808,54.08951700000001
cross_venue_consensus_reversal,5,1500,-52.506550000000004,764,165,165,-0.06872585078534033,-0.3182215151515152,-0.3182215151515152,0.04242424242424243,52.883750000000006
cross_venue_consensus_reversal,5,2000,-50.785549999999965,764,159,159,-0.06647323298429315,-0.31940597484276706,-0.31940597484276706,0.03773584905660377,51.25904999999997
cross_venue_consensus_reversal,5,3000,-42.01750000000002,764,152,152,-0.054996727748691125,-0.27643092105263173,-0.27643092105263173,0.039473684210526314,42.298600000000015
cross_venue_consensus_reversal,5,4000,-40.4033,764,148,148,-0.052883900523560214,-0.27299527027027026,-0.27299527027027026,0.06756756756756757,40.7805
cross_venue_consensus_reversal,5,5000,-43.484274800000016,764,143,143,-0.05691659005235604,-0.30408583776223785,-0.30408583776223785,0.04895104895104895,43.86147480000002
cross_venue_consensus_reversal,5,7500,-48.91145000000004,764,131,131,-0.06402022251308906,-0.3733698473282446,-0.3733698473282446,0.12213740458015267,49.28865000000004
cross_venue_consensus_reversal,5,10000,-43.03070000000002,764,126,126,-0.05632290575916233,-0.3415134920634922,-0.3415134920634922,0.10317460317460317,43.31180000000001
cross_venue_consensus_reversal,10,500,-50.90093999999999,764,168,167,-0.0666242670157068,-0.3029817857142857,-0.30479604790419157,0.023952095808383235,51.37443999999999
cross_venue_consensus_reversal,10,750,-52.45657750000003,764,168,167,-0.06866044175392674,-0.3122415327380954,-0.31411124251497025,0.023952095808383235,53.12307750000003
cross_venue_consensus_reversal,10,1000,-52.830917000000014,764,168,167,-0.06915041492146598,-0.3144697440476191,-0.3163527964071857,0.023952095808383235,53.304417000000015
cross_venue_consensus_reversal,10,1500,-51.769800000000004,764,165,164,-0.06776151832460733,-0.31375636363636367,-0.31566951219512196,0.04878048780487805,52.147000000000006
cross_venue_consensus_reversal,10,2000,-49.95524999999997,764,159,158,-0.06538645287958111,-0.31418396226415074,-0.3161724683544302,0.04430379746835443,50.42874999999997
cross_venue_consensus_reversal,10,3000,-41.24115000000001,764,152,151,-0.053980562827225145,-0.271323355263158,-0.27312019867549675,0.039735099337748346,41.52225000000001
cross_venue_consensus_reversal,10,4000,-39.580349999999996,764,148,147,-0.05180674083769633,-0.26743479729729724,-0.269254081632653,0.06802721088435375,39.95755
cross_venue_consensus_reversal,10,5000,-42.66132480000001,764,143,142,-0.05583943036649216,-0.2983309426573427,-0.30043186478873246,0.04929577464788732,43.03852480000001
cross_venue_consensus_reversal,10,7500,-48.13810000000004,764,131,130,-0.06300798429319376,-0.36746641221374077,-0.3702930769230772,0.12307692307692308,48.51530000000004
cross_venue_consensus_reversal,10,10000,-42.25735000000001,764,126,125,-0.05531066753926703,-0.33537579365079373,-0.3380588000000001,0.104,42.538450000000005
cross_venue_consensus_reversal,25,500,-47.710909499999985,764,168,166,-0.06244883442408375,-0.28399350892857134,-0.2874151174698794,0.024096385542168676,48.18440949999999
cross_venue_consensus_reversal,25,750,-49.85673550000001,764,168,166,-0.0652575071989529,-0.2967662827380953,-0.300341780120482,0.024096385542168676,50.52323550000001
cross_venue_consensus_reversal,25,1000,-50.30663450000002,764,168,166,-0.06584638023560212,-0.2994442529761906,-0.3030520150602411,0.024096385542168676,50.780134500000024
cross_venue_consensus_reversal,25,1500,-49.245517500000005,764,165,163,-0.06445748363874346,-0.29845768181818183,-0.3021197392638037,0.049079754601226995,49.62271750000001
cross_venue_consensus_reversal,25,2000,-47.56018399999998,764,159,157,-0.062251549738219863,-0.29912065408805016,-0.30293110828025466,0.044585987261146494,48.03368399999998
cross_venue_consensus_reversal,25,3000,-39.548500000000004,764,152,150,-0.05176505235602095,-0.2601875,-0.2636566666666667,0.04,39.8296
cross_venue_consensus_reversal,25,4000,-37.986,764,148,146,-0.04971989528795811,-0.25666216216216214,-0.2601780821917808,0.0684931506849315,38.3632
cross_venue_consensus_reversal,25,5000,-41.114974800000006,764,143,141,-0.05381541204188482,-0.2875173062937063,-0.29159556595744685,0.04964539007092199,41.49217480000001
cross_venue_consensus_reversal,25,7500,-46.21180000000003,764,131,129,-0.06048664921465973,-0.3527618320610689,-0.3582310077519382,0.12403100775193798,46.589000000000034
cross_venue_consensus_reversal,25,10000,-40.425700000000006,764,126,124,-0.052913219895287966,-0.32083888888888895,-0.3260137096774194,0.10483870967741936,40.7068
cross_venue_consensus_reversal,50,500,-46.76377999999998,764,168,163,-0.06120913612565443,-0.27835583333333325,-0.28689435582822076,0.012269938650306749,46.76377999999998
cross_venue_consensus_reversal,50,750,-49.296377500000006,764,168,163,-0.06452405431937173,-0.293430818452381,-0.30243176380368103,0.012269938650306749,49.296377500000006
cross_venue_consensus_reversal,50,1000,-49.52571700000003,764,168,163,-0.0648242369109948,-0.2947959345238097,-0.30383875460122717,0.018404907975460124,49.52571700000003
cross_venue_consensus_reversal,50,1500,-48.36830000000002,764,165,160,-0.06330929319371731,-0.29314121212121225,-0.3023018750000001,0.05,48.39150000000002
cross_venue_consensus_reversal,50,2000,-47.211999999999975,764,159,154,-0.06179581151832458,-0.29693081761006274,-0.3065714285714284,0.03896103896103896,47.211999999999975
cross_venue_consensus_reversal,50,3000,-38.90579999999999,764,152,147,-0.050923821989528786,-0.25595921052631576,-0.26466530612244893,0.034013605442176874,38.90579999999999
cross_venue_consensus_reversal,50,4000,-37.48965,764,148,143,-0.049070222513089,-0.2533084459459459,-0.2621653846153846,0.055944055944055944,37.48965
cross_venue_consensus_reversal,50,5000,-40.6186248,764,143,138,-0.053165739267015705,-0.2840463272727273,-0.2943378608695652,0.036231884057971016,40.6186248
cross_venue_consensus_reversal,50,7500,-45.668850000000035,764,131,126,-0.05977598167539271,-0.34861717557251937,-0.36245119047619073,0.1111111111111111,45.668850000000035
cross_venue_consensus_reversal,50,10000,-39.88205000000001,764,126,121,-0.05220163612565446,-0.3165242063492064,-0.3296037190082645,0.09090909090909091,39.88205000000001
cross_venue_consensus_reversal,100,500,-42.453579999999995,764,168,162,-0.05556751308900523,-0.25269988095238094,-0.2620591358024691,0.012345679012345678,42.453579999999995
cross_venue_consensus_reversal,100,750,-44.99157750000002,764,168,162,-0.05888949934554976,-0.26780700892857157,-0.27772578703703715,0.024691358024691357,44.99157750000002
cross_venue_consensus_reversal,100,1000,-44.72721700000003,764,168,162,-0.05854347774869114,-0.2662334345238097,-0.27609393209876565,0.018518518518518517,44.72721700000003
cross_venue_consensus_reversal,100,1500,-44.107899999999994,764,165,159,-0.057732853403141354,-0.26732060606060604,-0.2774081761006289,0.050314465408805034,44.43194999999999
cross_venue_consensus_reversal,100,2000,-43.50104999999998,764,159,153,-0.05693854712041882,-0.2735915094339621,-0.284320588235294,0.0392156862745098,43.50104999999998
cross_venue_consensus_reversal,100,3000,-35.698949999999996,764,152,146,-0.046726374345549736,-0.23486151315789472,-0.24451335616438355,0.0410958904109589,35.698949999999996
cross_venue_consensus_reversal,100,4000,-34.38614999999999,764,148,142,-0.045008049738219875,-0.23233885135135127,-0.24215598591549287,0.06338028169014084,34.38614999999999
cross_venue_consensus_reversal,100,5000,-37.12357479999999,764,143,137,-0.04859106649214659,-0.25960541818181815,-0.27097499854014595,0.051094890510948905,37.12357479999999
cross_venue_consensus_reversal,100,7500,-42.458250000000035,764,131,125,-0.05557362565445031,-0.32410877862595444,-0.3396660000000003,0.112,42.458250000000035
cross_venue_consensus_reversal,100,10000,-36.96239999999999,764,126,120,-0.04838010471204187,-0.29335238095238086,-0.3080199999999999,0.10833333333333334,36.96239999999999
cross_venue_consensus_reversal,250,500,-34.485243200000006,764,168,159,-0.04513775287958116,-0.2052693047619048,-0.21688832201257865,0.012578616352201259,34.485243200000006
cross_venue_consensus_reversal,250,750,-36.336044700000016,764,168,159,-0.0475602679319372,-0.21628598035714294,-0.22852858301886803,0.031446540880503145,36.336044700000016
cross_venue_consensus_reversal,250,1000,-36.66188140000001,764,168,159,-0.04798675575916232,-0.2182254845238096,-0.23057787044025166,0.018867924528301886,36.66188140000001
cross_venue_consensus_reversal,250,1500,-36.76868079999999,764,165,156,-0.048126545549738206,-0.22284048969696965,-0.23569667179487175,0.04487179487179487,36.81214999999999
cross_venue_consensus_reversal,250,2000,-37.095789999999994,764,159,150,-0.048554698952879574,-0.23330685534591192,-0.24730526666666663,0.06666666666666667,37.095789999999994
cross_venue_consensus_reversal,250,3000,-28.7769456,764,152,143,-0.03766615916230367,-0.1893220105263158,-0.20123738181818182,0.08391608391608392,28.7769456
cross_venue_consensus_reversal,250,4000,-28.157345599999996,764,148,139,-0.03685516439790575,-0.19025233513513512,-0.20257083165467624,0.09352517985611511,28.157345599999996
cross_venue_consensus_reversal,250,5000,-31.3448084,764,143,134,-0.041027236125654454,-0.21919446433566434,-0.23391648059701495,0.07462686567164178,31.3448084
cross_venue_consensus_reversal,250,7500,-37.37495159999999,764,131,122,-0.04892009371727747,-0.28530497404580146,-0.3063520622950819,0.13114754098360656,37.37495159999999
cross_venue_consensus_reversal,250,10000,-32.0234784,764,126,117,-0.04191554764397906,-0.2541545904761905,-0.2737049435897436,0.1111111111111111,32.0234784
cross_venue_full_agreement_momentum,5,500,-19.871420399999998,734,171,161,-0.02707277983651226,-0.11620713684210525,-0.12342497142857142,0.18012422360248448,19.8975704
cross_venue_full_agreement_momentum,5,750,-18.67823599999999,734,171,161,-0.02544718801089917,-0.10922945029239761,-0.11601388819875771,0.20496894409937888,18.704385999999992
cross_venue_full_agreement_momentum,5,1000,-17.061485999999995,734,171,161,-0.023244531335149858,-0.09977477192982454,-0.10597196273291923,0.20496894409937888,17.061485999999995
cross_venue_full_agreement_momentum,5,1500,-13.803949999999997,734,169,159,-0.018806471389645772,-0.08168017751479288,-0.08681729559748426,0.23270440251572327,13.803949999999997
cross_venue_full_agreement_momentum,5,2000,-13.199699999999996,734,164,154,-0.017983242506811985,-0.08048597560975608,-0.08571233766233764,0.2012987012987013,13.200099999999997
cross_venue_full_agreement_momentum,5,3000,-22.30953999999999,734,158,148,-0.030394468664850124,-0.14119962025316452,-0.15074013513513507,0.23648648648648649,22.78578999999999
cross_venue_full_agreement_momentum,5,4000,-17.71509999999999,734,154,144,-0.024135013623978185,-0.1150331168831168,-0.1230215277777777,0.2777777777777778,18.08544999999999
cross_venue_full_agreement_momentum,5,5000,-15.25259999999999,734,149,139,-0.0207801089918256,-0.10236644295302007,-0.10973093525179849,0.2733812949640288,15.927499999999991
cross_venue_full_agreement_momentum,5,7500,-4.3703999999999965,734,140,130,-0.0059542234332425024,-0.031217142857142832,-0.033618461538461514,0.36923076923076925,11.123549999999996
cross_venue_full_agreement_momentum,5,10000,-8.507499999999997,734,136,126,-0.011590599455040868,-0.06255514705882351,-0.06751984126984124,0.3968253968253968,11.206249999999997
cross_venue_full_agreement_momentum,10,500,-17.5372,734,171,155,-0.023892643051771117,-0.10255672514619882,-0.1131432258064516,0.18064516129032257,17.56335
cross_venue_full_agreement_momentum,10,750,-17.58208599999999,734,171,155,-0.02395379564032696,-0.10281921637426894,-0.11343281290322574,0.2,17.60823599999999
cross_venue_full_agreement_momentum,10,1000,-15.766435999999999,734,171,155,-0.021480158038147137,-0.09220138011695905,-0.10171894193548386,0.2,15.766435999999999
cross_venue_full_agreement_momentum,10,1500,-12.053250000000002,734,169,153,-0.01642132152588556,-0.07132100591715977,-0.07877941176470589,0.2222222222222222,12.053250000000002
cross_venue_full_agreement_momentum,10,2000,-11.045899999999996,734,165,149,-0.015048910081743864,-0.06694484848484845,-0.07413355704697984,0.2080536912751678,11.046299999999997
cross_venue_full_agreement_momentum,10,3000,-21.624339999999986,734,160,144,-0.029460953678474094,-0.1351521249999999,-0.15016902777777769,0.2361111111111111,22.100589999999986
cross_venue_full_agreement_momentum,10,4000,-16.637999999999995,734,156,140,-0.0226675749318801,-0.10665384615384611,-0.1188428571428571,0.2785714285714286,17.008349999999997
cross_venue_full_agreement_momentum,10,5000,-14.329049999999992,734,151,135,-0.01952186648501361,-0.0948943708609271,-0.10614111111111105,0.26666666666666666,14.907449999999994
cross_venue_full_agreement_momentum,10,7500,-3.6286999999999985,734,143,127,-0.004943732970027246,-0.025375524475524464,-0.02857244094488188,0.3700787401574803,11.123549999999998
cross_venue_full_agreement_momentum,10,10000,-8.518449999999996,734,139,123,-0.011605517711171657,-0.06128381294964026,-0.06925569105691054,0.3902439024390244,11.206249999999997
cross_venue_full_agreement_momentum,25,500,-20.3444,734,171,146,-0.02771716621253406,-0.11897309941520468,-0.13934520547945206,0.1232876712328767,20.37055
cross_venue_full_agreement_momentum,25,750,-19.95923599999999,734,171,146,-0.027192419618528595,-0.11672067836257304,-0.13670709589041088,0.1643835616438356,19.98538599999999
cross_venue_full_agreement_momentum,25,1000,-18.645336,734,171,146,-0.025402365122615803,-0.10903705263157895,-0.1277077808219178,0.1643835616438356,18.645336
cross_venue_full_agreement_momentum,25,1500,-14.834899999999998,734,171,146,-0.020211035422343322,-0.08675380116959062,-0.10160890410958902,0.2054794520547945,14.834899999999998
cross_venue_full_agreement_momentum,25,2000,-13.198249999999998,734,170,145,-0.01798126702997275,-0.07763676470588234,-0.09102241379310344,0.20689655172413793,13.208799999999998
cross_venue_full_agreement_momentum,25,3000,-20.476699999999987,734,165,140,-0.027897411444141672,-0.12410121212121204,-0.14626214285714276,0.24285714285714285,20.952949999999987
cross_venue_full_agreement_momentum,25,4000,-17.713549999999994,734,163,138,-0.02413290190735694,-0.10867208588957052,-0.12835905797101446,0.2608695652173913,18.083899999999996
cross_venue_full_agreement_momentum,25,5000,-15.433199999999992,734,158,133,-0.021026158038147127,-0.09767848101265818,-0.11603909774436084,0.2631578947368421,15.909449999999994
cross_venue_full_agreement_momentum,25,7500,-4.894799999999997,734,150,125,-0.006668664850136236,-0.03263199999999998,-0.03915839999999998,0.368,10.581449999999995
cross_venue_full_agreement_momentum,25,10000,-9.635249999999997,734,146,121,-0.013127043596730241,-0.06599486301369861,-0.07963016528925618,0.38016528925619836,11.216849999999997
cross_venue_full_agreement_momentum,50,500,-20.852349999999994,734,173,135,-0.028409196185286097,-0.1205338150289017,-0.15446185185185182,0.08888888888888889,20.852349999999994
cross_venue_full_agreement_momentum,50,750,-20.852585999999988,734,173,135,-0.028409517711171645,-0.12053517919075138,-0.15446359999999992,0.1111111111111111,20.852585999999988
cross_venue_full_agreement_momentum,50,1000,-19.494235999999997,734,173,135,-0.026558904632152585,-0.11268344508670519,-0.14440174814814813,0.11851851851851852,19.494235999999997
cross_venue_full_agreement_momentum,50,1500,-15.2716,734,173,135,-0.02080599455040872,-0.08827514450867052,-0.11312296296296295,0.18518518518518517,15.2716
cross_venue_full_agreement_momentum,50,2000,-13.2365,734,172,134,-0.018033378746594005,-0.0769563953488372,-0.09877985074626865,0.1791044776119403,13.2365
cross_venue_full_agreement_momentum,50,3000,-19.82434999999999,734,168,130,-0.02700865122615802,-0.11800208333333326,-0.1524949999999999,0.2153846153846154,20.01574999999999
cross_venue_full_agreement_momentum,50,4000,-17.150649999999995,734,166,128,-0.023366008174386915,-0.10331716867469877,-0.13398945312499996,0.25,17.289099999999998
cross_venue_full_agreement_momentum,50,5000,-15.56124999999999,734,161,123,-0.021200613079019062,-0.09665372670807447,-0.12651422764227635,0.24390243902439024,15.769249999999994
cross_venue_full_agreement_momentum,50,7500,-8.48105,734,153,115,-0.011554564032697548,-0.055431699346405225,-0.07374826086956522,0.3217391304347826,10.79815
cross_venue_full_agreement_momentum,50,10000,-9.659349999999996,734,151,113,-0.01315987738419618,-0.06396920529801323,-0.08548097345132741,0.36283185840707965,11.484649999999997
cross_venue_full_agreement_momentum,100,500,-16.416949999999996,734,178,117,-0.022366416893732966,-0.09223005617977525,-0.14031581196581194,0.07692307692307693,16.416949999999996
cross_venue_full_agreement_momentum,100,750,-17.024286,734,178,117,-0.023193850136239782,-0.09564205617977528,-0.14550671794871795,0.09401709401709402,17.024286
cross_venue_full_agreement_momentum,100,1000,-16.068035999999992,734,178,117,-0.021891057220708436,-0.09026986516853928,-0.13733364102564097,0.10256410256410256,16.068035999999992
cross_venue_full_agreement_momentum,100,1500,-13.0532,734,178,117,-0.017783651226158038,-0.07333258426966292,-0.11156581196581197,0.1623931623931624,13.0532
cross_venue_full_agreement_momentum,100,2000,-10.760449999999999,734,177,116,-0.0146600136239782,-0.06079350282485875,-0.09276249999999998,0.1896551724137931,10.760449999999999
cross_venue_full_agreement_momentum,100,3000,-15.630099999999999,734,173,112,-0.021294414168937327,-0.09034739884393063,-0.13955446428571427,0.24107142857142858,15.8215
cross_venue_full_agreement_momentum,100,4000,-12.529899999999996,734,171,110,-0.017070708446866478,-0.07327426900584794,-0.11390818181818178,0.23636363636363636,12.668349999999997
cross_venue_full_agreement_momentum,100,5000,-12.192399999999992,734,168,107,-0.016610899182561298,-0.07257380952380947,-0.11394766355140179,0.24299065420560748,12.383799999999994
cross_venue_full_agreement_momentum,100,7500,-7.801649999999998,734,162,101,-0.010628950953678471,-0.04815833333333332,-0.07724405940594058,0.33663366336633666,8.914249999999997
cross_venue_full_agreement_momentum,100,10000,-6.828950000000001,734,161,100,-0.00930374659400545,-0.042415838509316774,-0.0682895,0.34,9.42785
cross_venue_full_agreement_momentum,250,500,-16.6936,734,174,107,-0.0227433242506812,-0.09594022988505747,-0.15601495327102805,0.009345794392523364,16.6936
cross_venue_full_agreement_momentum,250,750,-18.032686,734,174,107,-0.024567692098092644,-0.10363612643678162,-0.1685297757009346,0.028037383177570093,18.032686
cross_venue_full_agreement_momentum,250,1000,-15.247,734,174,107,-0.0207724795640327,-0.0876264367816092,-0.14249532710280374,0.04672897196261682,15.247
cross_venue_full_agreement_momentum,250,1500,-13.66145,734,174,107,-0.01861232970027248,-0.07851408045977011,-0.1276771028037383,0.11214953271028037,13.66145
cross_venue_full_agreement_momentum,250,2000,-11.382900000000003,734,173,106,-0.015508038147138968,-0.06579710982658961,-0.1073858490566038,0.1320754716981132,11.382900000000003
cross_venue_full_agreement_momentum,250,3000,-16.714699999999997,734,170,103,-0.022772070844686645,-0.09832176470588233,-0.162278640776699,0.17475728155339806,16.9061
cross_venue_full_agreement_momentum,250,4000,-14.467500000000003,734,168,101,-0.019710490463215262,-0.08611607142857144,-0.14324257425742576,0.18811881188118812,14.605950000000004
cross_venue_full_agreement_momentum,250,5000,-14.159349999999995,734,164,97,-0.019290667574931874,-0.08633749999999997,-0.14597268041237108,0.17525773195876287,14.350749999999996
cross_venue_full_agreement_momentum,250,7500,-9.426100000000003,734,159,92,-0.012842098092643056,-0.05928364779874216,-0.10245760869565221,0.2717391304347826,10.538700000000002
cross_venue_full_agreement_momentum,250,10000,-8.693850000000005,734,158,91,-0.011844482288828345,-0.055024367088607626,-0.09553681318681324,0.2967032967032967,9.913150000000005
cross_venue_full_agreement_reversal,5,500,-49.97753999999998,734,161,161,-0.0680892915531335,-0.31041950310558997,-0.31041950310558997,0.024844720496894408,50.451039999999985
cross_venue_full_agreement_reversal,5,750,-51.626677500000014,734,161,161,-0.07033607288828339,-0.32066259316770196,-0.32066259316770196,0.024844720496894408,52.29317750000001
cross_venue_full_agreement_reversal,5,1000,-52.001017,734,161,161,-0.07084607220708447,-0.32298768322981364,-0.32298768322981364,0.024844720496894408,52.474517
cross_venue_full_agreement_reversal,5,1500,-50.89155,734,158,158,-0.06933453678474115,-0.322098417721519,-0.322098417721519,0.04430379746835443,51.268750000000004
cross_venue_full_agreement_reversal,5,2000,-48.88764999999997,734,152,152,-0.06660442779291549,-0.3216292763157893,-0.3216292763157893,0.039473684210526314,49.361149999999974
cross_venue_full_agreement_reversal,5,3000,-40.11960000000002,734,145,145,-0.05465885558583109,-0.2766868965517243,-0.2766868965517243,0.041379310344827586,40.400700000000015
cross_venue_full_agreement_reversal,5,4000,-38.5522,734,141,141,-0.05252343324250681,-0.2734198581560284,-0.2734198581560284,0.07092198581560284,38.9294
cross_venue_full_agreement_reversal,5,5000,-41.72697480000001,734,136,136,-0.0568487395095368,-0.3068159911764706,-0.3068159911764706,0.051470588235294115,42.10417480000001
cross_venue_full_agreement_reversal,5,7500,-47.42835000000003,734,126,126,-0.06461628065395099,-0.37641547619047644,-0.37641547619047644,0.12698412698412698,47.80555000000003
cross_venue_full_agreement_reversal,5,10000,-41.735500000000016,734,121,121,-0.05686035422343327,-0.34492148760330593,-0.34492148760330593,0.10743801652892562,42.01660000000001
cross_venue_full_agreement_reversal,10,500,-49.19243999999999,734,161,160,-0.06701967302452315,-0.30554310559006204,-0.30745274999999994,0.025,49.66593999999999
cross_venue_full_agreement_reversal,10,750,-50.84157750000002,734,161,160,-0.06926645435967305,-0.31578619565217403,-0.3177598593750001,0.025,51.50807750000002
cross_venue_full_agreement_reversal,10,1000,-51.215917000000005,734,161,160,-0.06977645367847413,-0.31811128571428576,-0.32009948125000004,0.025,51.689417000000006
cross_venue_full_agreement_reversal,10,1500,-50.15480000000001,734,158,157,-0.06833079019073571,-0.3174354430379747,-0.3194573248407644,0.050955414012738856,50.53200000000001
cross_venue_full_agreement_reversal,10,2000,-48.05734999999998,734,152,151,-0.06547322888283376,-0.3161667763157893,-0.31826059602648993,0.046357615894039736,48.53084999999998
cross_venue_full_agreement_reversal,10,3000,-39.34325000000002,734,145,144,-0.05360115803814716,-0.2713327586206898,-0.273217013888889,0.041666666666666664,39.624350000000014
cross_venue_full_agreement_reversal,10,4000,-37.72925,734,141,140,-0.05140224795640327,-0.26758333333333334,-0.26949464285714286,0.07142857142857142,38.10645
cross_venue_full_agreement_reversal,10,5000,-40.9040248,734,136,135,-0.05572755422343324,-0.3007648882352941,-0.3029927762962963,0.05185185185185185,41.281224800000004
cross_venue_full_agreement_reversal,10,7500,-46.65500000000003,734,126,125,-0.06356267029972756,-0.37027777777777804,-0.37324000000000024,0.128,47.03220000000003
cross_venue_full_agreement_reversal,10,10000,-40.96215000000001,734,121,120,-0.05580674386920982,-0.3385301652892563,-0.34135125000000005,0.10833333333333334,41.24325
cross_venue_full_agreement_reversal,25,500,-46.00240949999999,734,161,159,-0.06267358242506811,-0.285729251552795,-0.2893233301886792,0.025157232704402517,46.47590949999999
cross_venue_full_agreement_reversal,25,750,-48.241735500000004,734,161,159,-0.06572443528610354,-0.2996381086956522,-0.303407141509434,0.025157232704402517,48.9082355
cross_venue_full_agreement_reversal,25,1000,-48.69163450000003,734,161,159,-0.06633737670299732,-0.3024325124223604,-0.30623669496855366,0.025157232704402517,49.16513450000003
cross_venue_full_agreement_reversal,25,1500,-47.63051750000001,734,158,156,-0.06489171321525887,-0.30145897151898743,-0.3053238301282052,0.05128205128205128,48.00771750000001
cross_venue_full_agreement_reversal,25,2000,-45.662283999999985,734,152,150,-0.06221019618528608,-0.30040976315789464,-0.3044152266666666,0.04666666666666667,46.13578399999999
cross_venue_full_agreement_reversal,25,3000,-37.650600000000004,734,145,143,-0.05129509536784742,-0.25965931034482764,-0.26329090909090913,0.04195804195804196,37.9317
cross_venue_full_agreement_reversal,25,4000,-36.13489999999999,734,141,139,-0.049230108991825595,-0.2562758865248226,-0.2599633093525179,0.07194244604316546,36.51209999999999
cross_venue_full_agreement_reversal,25,5000,-39.3576748,734,136,134,-0.05362081035422343,-0.2893946676470588,-0.2937139910447761,0.05223880597014925,39.7348748
cross_venue_full_agreement_reversal,25,7500,-44.728700000000025,734,126,124,-0.06093828337874663,-0.3549896825396827,-0.36071532258064537,0.12903225806451613,45.10590000000003
cross_venue_full_agreement_reversal,25,10000,-39.130500000000005,734,121,119,-0.053311307901907364,-0.3233925619834711,-0.328827731092437,0.1092436974789916,39.4116
cross_venue_full_agreement_reversal,50,500,-45.10767999999999,734,161,156,-0.061454604904632136,-0.2801719254658384,-0.2891517948717948,0.01282051282051282,45.10767999999999
cross_venue_full_agreement_reversal,50,750,-47.7337775,734,161,156,-0.06503239441416894,-0.2964830900621118,-0.3059857532051282,0.01282051282051282,47.7337775
cross_venue_full_agreement_reversal,50,1000,-47.963117000000025,734,161,156,-0.06534484604904636,-0.29790755900621135,-0.3074558782051284,0.019230769230769232,47.963117000000025
cross_venue_full_agreement_reversal,50,1500,-46.805700000000016,734,158,153,-0.06376798365122618,-0.2962386075949368,-0.3059196078431374,0.05228758169934641,46.82890000000002
cross_venue_full_agreement_reversal,50,2000,-45.36649999999998,734,152,147,-0.06180722070844684,-0.29846381578947356,-0.3086156462585033,0.04081632653061224,45.36649999999998
cross_venue_full_agreement_reversal,50,3000,-37.0603,734,145,140,-0.0504908719346049,-0.25558827586206895,-0.2647164285714286,0.03571428571428571,37.0603
cross_venue_full_agreement_reversal,50,4000,-35.69094999999999,734,141,136,-0.04862527247956402,-0.2531273049645389,-0.26243345588235284,0.058823529411764705,35.69094999999999
cross_venue_full_agreement_reversal,50,5000,-38.9137248,734,136,131,-0.05301597384196185,-0.2861303294117647,-0.297051334351145,0.03816793893129771,38.9137248
cross_venue_full_agreement_reversal,50,7500,-44.238150000000026,734,126,121,-0.06026995912806543,-0.35109642857142875,-0.3656045454545457,0.11570247933884298,44.238150000000026
cross_venue_full_agreement_reversal,50,10000,-38.639250000000004,734,121,116,-0.05264202997275205,-0.3193326446280992,-0.3330969827586207,0.09482758620689655,38.639250000000004
cross_venue_full_agreement_reversal,100,500,-40.90253,734,161,155,-0.05572551771117166,-0.2540529813664596,-0.2638872903225806,0.012903225806451613,40.90253
cross_venue_full_agreement_reversal,100,750,-43.534027500000015,734,161,155,-0.05931066416893735,-0.27039768633540384,-0.28086469354838717,0.025806451612903226,43.534027500000015
cross_venue_full_agreement_reversal,100,1000,-43.26966700000002,734,161,155,-0.058950500000000024,-0.26875569565217405,-0.279159141935484,0.01935483870967742,43.26966700000002
cross_venue_full_agreement_reversal,100,1500,-42.65034999999999,734,158,152,-0.0581067438692098,-0.26993892405063286,-0.2805944078947368,0.05263157894736842,42.97439999999999
cross_venue_full_agreement_reversal,100,2000,-41.76059999999998,734,152,146,-0.056894550408719324,-0.2747407894736841,-0.28603150684931494,0.0410958904109589,41.76059999999998
cross_venue_full_agreement_reversal,100,3000,-33.9585,734,145,139,-0.0462649863760218,-0.23419655172413795,-0.24430575539568347,0.04316546762589928,33.9585
cross_venue_full_agreement_reversal,100,4000,-32.69249999999999,734,141,135,-0.044540190735694804,-0.2318617021276595,-0.24216666666666659,0.06666666666666667,32.69249999999999
cross_venue_full_agreement_reversal,100,5000,-35.52372479999999,734,136,130,-0.04839744523160761,-0.2612038588235293,-0.27325942153846144,0.05384615384615385,35.52372479999999
cross_venue_full_agreement_reversal,100,7500,-41.132600000000025,734,126,120,-0.05603896457765671,-0.32644920634920654,-0.34277166666666686,0.11666666666666667,41.132600000000025
cross_venue_full_agreement_reversal,100,10000,-35.824649999999984,734,121,115,-0.04880742506811987,-0.29607148760330565,-0.31151869565217377,0.11304347826086956,35.824649999999984
cross_venue_full_agreement_reversal,250,500,-32.934193199999996,734,161,152,-0.044869473024523154,-0.2045602062111801,-0.2166723236842105,0.013157894736842105,32.934193199999996
cross_venue_full_agreement_reversal,250,750,-34.878494700000005,734,161,152,-0.047518385149863764,-0.21663661304347828,-0.22946378092105266,0.03289473684210526,34.878494700000005
cross_venue_full_agreement_reversal,250,1000,-35.20433140000001,734,161,152,-0.04796230435967304,-0.2186604434782609,-0.2316074434210527,0.019736842105263157,35.20433140000001
cross_venue_full_agreement_reversal,250,1500,-35.31113079999999,734,158,149,-0.048107807629427776,-0.22348816962025309,-0.23698745503355695,0.04697986577181208,35.354599999999984
cross_venue_full_agreement_reversal,250,2000,-35.35534,734,152,143,-0.048168038147138964,-0.23260092105263155,-0.24724013986013985,0.06993006993006994,35.35534
cross_venue_full_agreement_reversal,250,3000,-27.036495600000002,734,145,136,-0.03683446267029973,-0.1864585903448276,-0.1987977617647059,0.08823529411764706,27.036495600000002
cross_venue_full_agreement_reversal,250,4000,-26.463695599999994,734,141,132,-0.03605408119891007,-0.18768578439716307,-0.20048254242424238,0.09848484848484848,26.463695599999994
cross_venue_full_agreement_reversal,250,5000,-29.7449584,734,136,127,-0.04052446648501363,-0.2187129294117647,-0.23421227086614174,0.07874015748031496,29.7449584
cross_venue_full_agreement_reversal,250,7500,-36.049301599999986,734,126,117,-0.04911348991825611,-0.28610556825396816,-0.3081136888888888,0.13675213675213677,36.049301599999986
cross_venue_full_agreement_reversal,250,10000,-30.885728400000005,734,121,112,-0.04207864904632153,-0.25525395371900833,-0.2757654321428572,0.11607142857142858,30.885728400000005
signal_crossvenue_agreement,5,500,-19.432570399999996,764,176,166,-0.02543530157068062,-0.11041233181818179,-0.11706367710843371,0.18674698795180722,19.458720399999997
signal_crossvenue_agreement,5,750,-18.345585999999997,764,176,166,-0.024012547120418844,-0.10423628409090907,-0.110515578313253,0.21084337349397592,18.371736
signal_crossvenue_agreement,5,1000,-16.728835999999998,764,176,166,-0.021896382198952877,-0.09505020454545453,-0.1007761204819277,0.21084337349397592,16.728835999999998
signal_crossvenue_agreement,5,1500,-13.4713,764,174,164,-0.01763259162303665,-0.07742126436781609,-0.0821420731707317,0.23780487804878048,13.4713
signal_crossvenue_agreement,5,2000,-12.4972,764,169,159,-0.016357591623036648,-0.07394792899408284,-0.07859874213836478,0.2138364779874214,12.4976
signal_crossvenue_agreement,5,3000,-21.607039999999994,764,163,153,-0.02828146596858638,-0.13255852760736192,-0.14122248366013068,0.24836601307189543,22.083289999999995
signal_crossvenue_agreement,5,4000,-17.0126,764,159,149,-0.02226780104712042,-0.10699748427672956,-0.11417852348993288,0.28859060402684567,17.38295
signal_crossvenue_agreement,5,5000,-14.973599999999994,764,154,144,-0.019598952879581143,-0.0972311688311688,-0.10398333333333329,0.2847222222222222,15.621099999999995
signal_crossvenue_agreement,5,7500,-4.275749999999999,764,143,133,-0.0055965314136125635,-0.029900349650349642,-0.032148496240601496,0.38345864661654133,11.028899999999998
signal_crossvenue_agreement,5,10000,-8.20135,764,139,129,-0.010734751308900524,-0.059002517985611506,-0.06357635658914729,0.4108527131782946,11.10865
signal_crossvenue_agreement,10,500,-17.098350000000003,764,176,160,-0.022380039267015713,-0.09714971590909093,-0.10686468750000003,0.1875,17.124500000000005
signal_crossvenue_agreement,10,750,-17.249436000000003,764,176,160,-0.02257779581151833,-0.09800815909090911,-0.10780897500000002,0.20625,17.275586000000004
signal_crossvenue_agreement,10,1000,-15.433786000000001,764,176,160,-0.02020129057591623,-0.08769196590909091,-0.0964611625,0.20625,15.433786000000001
signal_crossvenue_agreement,10,1500,-11.720600000000005,764,174,158,-0.015341099476439796,-0.06735977011494255,-0.07418101265822788,0.22784810126582278,11.720600000000005
signal_crossvenue_agreement,10,2000,-10.343399999999999,764,170,154,-0.013538481675392669,-0.0608435294117647,-0.06716493506493505,0.22077922077922077,10.3438
signal_crossvenue_agreement,10,3000,-20.921839999999992,764,165,149,-0.027384607329842922,-0.12679903030303025,-0.14041503355704693,0.2483221476510067,21.398089999999993
signal_crossvenue_agreement,10,4000,-15.935499999999998,764,161,145,-0.020857984293193715,-0.0989782608695652,-0.10989999999999998,0.2896551724137931,16.30585
signal_crossvenue_agreement,10,5000,-14.050049999999992,764,156,140,-0.018390117801047108,-0.09006442307692303,-0.10035749999999995,0.2785714285714286,14.601049999999994
signal_crossvenue_agreement,10,7500,-3.5340500000000006,764,146,130,-0.004625719895287959,-0.024205821917808224,-0.027185000000000004,0.38461538461538464,11.0289
signal_crossvenue_agreement,10,10000,-8.212299999999999,764,142,126,-0.010749083769633506,-0.05783309859154929,-0.06517698412698412,0.40476190476190477,11.10865
signal_crossvenue_agreement,25,500,-19.905549999999998,764,176,151,-0.026054384816753925,-0.1130997159090909,-0.1318248344370861,0.13245033112582782,19.9317
signal_crossvenue_agreement,25,750,-19.626585999999996,764,176,151,-0.02568924869109947,-0.11151469318181816,-0.1299773907284768,0.17218543046357615,19.652735999999997
signal_crossvenue_agreement,25,1000,-18.312686,764,176,151,-0.023969484293193715,-0.10404935227272727,-0.12127606622516555,0.17218543046357615,18.312686
signal_crossvenue_agreement,25,1500,-14.50225,764,176,151,-0.018982002617801048,-0.08239914772727273,-0.09604139072847682,0.2119205298013245,14.50225
signal_crossvenue_agreement,25,2000,-12.495750000000001,764,175,150,-0.01635569371727749,-0.07140428571428573,-0.083305,0.22,12.506300000000001
signal_crossvenue_agreement,25,3000,-19.774199999999993,764,170,145,-0.025882460732984284,-0.11631882352941172,-0.13637379310344824,0.25517241379310346,20.250449999999994
signal_crossvenue_agreement,25,4000,-17.01105,764,168,143,-0.0222657722513089,-0.10125625,-0.11895839160839161,0.2727272727272727,17.381400000000003
signal_crossvenue_agreement,25,5000,-15.154199999999992,764,163,138,-0.019835340314136116,-0.09297055214723922,-0.10981304347826082,0.2753623188405797,15.630449999999994
signal_crossvenue_agreement,25,7500,-4.8001499999999995,764,153,128,-0.006282918848167539,-0.0313735294117647,-0.037501171874999996,0.3828125,10.486799999999997
signal_crossvenue_agreement,25,10000,-9.329099999999997,764,149,124,-0.012210863874345546,-0.06261140939597314,-0.07523467741935481,0.3951612903225806,10.982249999999997
signal_crossvenue_agreement,50,500,-20.4135,764,178,140,-0.026719240837696334,-0.11468258426966292,-0.14581071428571427,0.1,20.4135
signal_crossvenue_agreement,50,750,-20.519935999999994,764,178,140,-0.02685855497382198,-0.11528053932584266,-0.1465709714285714,0.12142857142857143,20.519935999999994
signal_crossvenue_agreement,50,1000,-19.161585999999996,764,178,140,-0.025080609947643974,-0.10764935955056178,-0.1368684714285714,0.12857142857142856,19.161585999999996
signal_crossvenue_agreement,50,1500,-14.938949999999998,764,178,140,-0.01955359947643979,-0.08392668539325841,-0.1067067857142857,0.19285714285714287,14.938949999999998
signal_crossvenue_agreement,50,2000,-12.534000000000002,764,177,139,-0.01640575916230367,-0.07081355932203391,-0.09017266187050361,0.19424460431654678,12.534000000000002
signal_crossvenue_agreement,50,3000,-19.12184999999999,764,173,135,-0.02502859947643978,-0.11053092485549128,-0.14164333333333326,0.22962962962962963,19.313249999999993
signal_crossvenue_agreement,50,4000,-16.448150000000002,764,171,133,-0.02152899214659686,-0.09618801169590645,-0.12367030075187971,0.2631578947368421,16.586600000000004
signal_crossvenue_agreement,50,5000,-15.28224999999999,764,166,128,-0.020002945026178,-0.09206174698795175,-0.11939257812499993,0.2578125,15.473649999999992
signal_crossvenue_agreement,50,7500,-8.3864,764,156,118,-0.010976963350785341,-0.05375897435897436,-0.07107118644067796,0.3389830508474576,10.703499999999998
signal_crossvenue_agreement,50,10000,-9.353199999999996,764,154,116,-0.012242408376963346,-0.060735064935064906,-0.08063103448275859,0.3793103448275862,11.387049999999997
signal_crossvenue_agreement,100,500,-15.978099999999998,764,183,122,-0.020913743455497378,-0.08731202185792349,-0.13096803278688524,0.09016393442622951,15.978099999999998
signal_crossvenue_agreement,100,750,-16.691636,764,183,122,-0.02184769109947644,-0.0912111256830601,-0.13681668852459017,0.10655737704918032,16.691636
signal_crossvenue_agreement,100,1000,-15.735385999999995,764,183,122,-0.020596054973821984,-0.0859857158469945,-0.12897857377049177,0.11475409836065574,15.735385999999995
signal_crossvenue_agreement,100,1500,-12.720550000000003,764,183,122,-0.016649934554973825,-0.06951120218579236,-0.10426680327868855,0.1721311475409836,12.720550000000003
signal_crossvenue_agreement,100,2000,-10.057950000000002,764,182,121,-0.01316485602094241,-0.055263461538461546,-0.08312355371900827,0.2066115702479339,10.057950000000002
signal_crossvenue_agreement,100,3000,-14.927600000000002,764,178,117,-0.019538743455497384,-0.08386292134831462,-0.1275863247863248,0.2564102564102564,15.119000000000003
signal_crossvenue_agreement,100,4000,-11.827399999999999,764,176,115,-0.01548089005235602,-0.06720113636363635,-0.10284695652173913,0.25217391304347825,11.96585
signal_crossvenue_agreement,100,5000,-11.913399999999994,764,173,112,-0.015593455497382192,-0.06886358381502887,-0.1063696428571428,0.25892857142857145,12.104799999999996
signal_crossvenue_agreement,100,7500,-7.706999999999998,764,165,104,-0.010087696335078531,-0.046709090909090895,-0.07410576923076921,0.3557692307692308,8.819599999999998
signal_crossvenue_agreement,100,10000,-6.522800000000001,764,164,103,-0.008537696335078535,-0.03977317073170732,-0.06332815533980583,0.3592233009708738,9.33025
signal_crossvenue_agreement,250,500,-16.25475,764,179,112,-0.021275850785340316,-0.0908086592178771,-0.14513169642857143,0.026785714285714284,16.25475
signal_crossvenue_agreement,250,750,-17.700036000000004,764,179,112,-0.02316758638743456,-0.09888288268156427,-0.15803603571428576,0.044642857142857144,17.700036000000004
signal_crossvenue_agreement,250,1000,-14.914349999999999,764,179,112,-0.019521400523560207,-0.0833203910614525,-0.13316383928571426,0.0625,14.914349999999999
signal_crossvenue_agreement,250,1500,-13.328800000000006,764,179,112,-0.01744607329842933,-0.07446256983240226,-0.11900714285714291,0.125,13.328800000000006
signal_crossvenue_agreement,250,2000,-10.68040000000001,764,178,111,-0.013979581151832473,-0.06000224719101129,-0.0962198198198199,0.15315315315315314,10.68040000000001
signal_crossvenue_agreement,250,3000,-16.0122,764,175,108,-0.020958376963350785,-0.09149828571428571,-0.14826111111111112,0.19444444444444445,16.2036
signal_crossvenue_agreement,250,4000,-13.765000000000006,764,173,106,-0.01801701570680629,-0.07956647398843934,-0.1298584905660378,0.20754716981132076,13.903450000000007
signal_crossvenue_agreement,250,5000,-13.880349999999995,764,169,102,-0.018167997382198944,-0.08213224852071002,-0.13608186274509798,0.19607843137254902,14.071749999999996
signal_crossvenue_agreement,250,7500,-9.331450000000004,764,162,95,-0.01221393979057592,-0.057601543209876566,-0.09822578947368425,0.29473684210526313,10.444050000000002
signal_crossvenue_agreement,250,10000,-8.387700000000004,764,161,94,-0.010978664921465974,-0.05209751552795033,-0.08923085106382983,0.3191489361702128,9.607000000000005
signal_crossvenue_agreement_reversal,5,500,-51.686039999999984,764,168,168,-0.06765188481675391,-0.3076549999999999,-0.3076549999999999,0.023809523809523808,52.159539999999986
signal_crossvenue_agreement_reversal,5,750,-53.24167750000001,764,168,168,-0.06968805955497383,-0.31691474702380956,-0.31691474702380956,0.023809523809523808,53.90817750000001
signal_crossvenue_agreement_reversal,5,1000,-53.61601700000001,764,168,168,-0.07017803272251309,-0.3191429583333334,-0.3191429583333334,0.023809523809523808,54.08951700000001
signal_crossvenue_agreement_reversal,5,1500,-52.506550000000004,764,165,165,-0.06872585078534033,-0.3182215151515152,-0.3182215151515152,0.04242424242424243,52.883750000000006
signal_crossvenue_agreement_reversal,5,2000,-50.785549999999965,764,159,159,-0.06647323298429315,-0.31940597484276706,-0.31940597484276706,0.03773584905660377,51.25904999999997
signal_crossvenue_agreement_reversal,5,3000,-42.01750000000002,764,152,152,-0.054996727748691125,-0.27643092105263173,-0.27643092105263173,0.039473684210526314,42.298600000000015
signal_crossvenue_agreement_reversal,5,4000,-40.4033,764,148,148,-0.052883900523560214,-0.27299527027027026,-0.27299527027027026,0.06756756756756757,40.7805
signal_crossvenue_agreement_reversal,5,5000,-43.484274800000016,764,143,143,-0.05691659005235604,-0.30408583776223785,-0.30408583776223785,0.04895104895104895,43.86147480000002
signal_crossvenue_agreement_reversal,5,7500,-48.91145000000004,764,131,131,-0.06402022251308906,-0.3733698473282446,-0.3733698473282446,0.12213740458015267,49.28865000000004
signal_crossvenue_agreement_reversal,5,10000,-43.03070000000002,764,126,126,-0.05632290575916233,-0.3415134920634922,-0.3415134920634922,0.10317460317460317,43.31180000000001
signal_crossvenue_agreement_reversal,10,500,-50.90093999999999,764,168,167,-0.0666242670157068,-0.3029817857142857,-0.30479604790419157,0.023952095808383235,51.37443999999999
signal_crossvenue_agreement_reversal,10,750,-52.45657750000003,764,168,167,-0.06866044175392674,-0.3122415327380954,-0.31411124251497025,0.023952095808383235,53.12307750000003
signal_crossvenue_agreement_reversal,10,1000,-52.830917000000014,764,168,167,-0.06915041492146598,-0.3144697440476191,-0.3163527964071857,0.023952095808383235,53.304417000000015
signal_crossvenue_agreement_reversal,10,1500,-51.769800000000004,764,165,164,-0.06776151832460733,-0.31375636363636367,-0.31566951219512196,0.04878048780487805,52.147000000000006
signal_crossvenue_agreement_reversal,10,2000,-49.95524999999997,764,159,158,-0.06538645287958111,-0.31418396226415074,-0.3161724683544302,0.04430379746835443,50.42874999999997
signal_crossvenue_agreement_reversal,10,3000,-41.24115000000001,764,152,151,-0.053980562827225145,-0.271323355263158,-0.27312019867549675,0.039735099337748346,41.52225000000001
signal_crossvenue_agreement_reversal,10,4000,-39.580349999999996,764,148,147,-0.05180674083769633,-0.26743479729729724,-0.269254081632653,0.06802721088435375,39.95755
signal_crossvenue_agreement_reversal,10,5000,-42.66132480000001,764,143,142,-0.05583943036649216,-0.2983309426573427,-0.30043186478873246,0.04929577464788732,43.03852480000001
signal_crossvenue_agreement_reversal,10,7500,-48.13810000000004,764,131,130,-0.06300798429319376,-0.36746641221374077,-0.3702930769230772,0.12307692307692308,48.51530000000004
signal_crossvenue_agreement_reversal,10,10000,-42.25735000000001,764,126,125,-0.05531066753926703,-0.33537579365079373,-0.3380588000000001,0.104,42.538450000000005
signal_crossvenue_agreement_reversal,25,500,-47.710909499999985,764,168,166,-0.06244883442408375,-0.28399350892857134,-0.2874151174698794,0.024096385542168676,48.18440949999999
signal_crossvenue_agreement_reversal,25,750,-49.85673550000001,764,168,166,-0.0652575071989529,-0.2967662827380953,-0.300341780120482,0.024096385542168676,50.52323550000001
signal_crossvenue_agreement_reversal,25,1000,-50.30663450000002,764,168,166,-0.06584638023560212,-0.2994442529761906,-0.3030520150602411,0.024096385542168676,50.780134500000024
signal_crossvenue_agreement_reversal,25,1500,-49.245517500000005,764,165,163,-0.06445748363874346,-0.29845768181818183,-0.3021197392638037,0.049079754601226995,49.62271750000001
signal_crossvenue_agreement_reversal,25,2000,-47.56018399999998,764,159,157,-0.062251549738219863,-0.29912065408805016,-0.30293110828025466,0.044585987261146494,48.03368399999998
signal_crossvenue_agreement_reversal,25,3000,-39.548500000000004,764,152,150,-0.05176505235602095,-0.2601875,-0.2636566666666667,0.04,39.8296
signal_crossvenue_agreement_reversal,25,4000,-37.986,764,148,146,-0.04971989528795811,-0.25666216216216214,-0.2601780821917808,0.0684931506849315,38.3632
signal_crossvenue_agreement_reversal,25,5000,-41.114974800000006,764,143,141,-0.05381541204188482,-0.2875173062937063,-0.29159556595744685,0.04964539007092199,41.49217480000001
signal_crossvenue_agreement_reversal,25,7500,-46.21180000000003,764,131,129,-0.06048664921465973,-0.3527618320610689,-0.3582310077519382,0.12403100775193798,46.589000000000034
signal_crossvenue_agreement_reversal,25,10000,-40.425700000000006,764,126,124,-0.052913219895287966,-0.32083888888888895,-0.3260137096774194,0.10483870967741936,40.7068
signal_crossvenue_agreement_reversal,50,500,-46.76377999999998,764,168,163,-0.06120913612565443,-0.27835583333333325,-0.28689435582822076,0.012269938650306749,46.76377999999998
signal_crossvenue_agreement_reversal,50,750,-49.296377500000006,764,168,163,-0.06452405431937173,-0.293430818452381,-0.30243176380368103,0.012269938650306749,49.296377500000006
signal_crossvenue_agreement_reversal,50,1000,-49.52571700000003,764,168,163,-0.0648242369109948,-0.2947959345238097,-0.30383875460122717,0.018404907975460124,49.52571700000003
signal_crossvenue_agreement_reversal,50,1500,-48.36830000000002,764,165,160,-0.06330929319371731,-0.29314121212121225,-0.3023018750000001,0.05,48.39150000000002
signal_crossvenue_agreement_reversal,50,2000,-47.211999999999975,764,159,154,-0.06179581151832458,-0.29693081761006274,-0.3065714285714284,0.03896103896103896,47.211999999999975
signal_crossvenue_agreement_reversal,50,3000,-38.90579999999999,764,152,147,-0.050923821989528786,-0.25595921052631576,-0.26466530612244893,0.034013605442176874,38.90579999999999
signal_crossvenue_agreement_reversal,50,4000,-37.48965,764,148,143,-0.049070222513089,-0.2533084459459459,-0.2621653846153846,0.055944055944055944,37.48965
signal_crossvenue_agreement_reversal,50,5000,-40.6186248,764,143,138,-0.053165739267015705,-0.2840463272727273,-0.2943378608695652,0.036231884057971016,40.6186248
signal_crossvenue_agreement_reversal,50,7500,-45.668850000000035,764,131,126,-0.05977598167539271,-0.34861717557251937,-0.36245119047619073,0.1111111111111111,45.668850000000035
signal_crossvenue_agreement_reversal,50,10000,-39.88205000000001,764,126,121,-0.05220163612565446,-0.3165242063492064,-0.3296037190082645,0.09090909090909091,39.88205000000001
signal_crossvenue_agreement_reversal,100,500,-42.453579999999995,764,168,162,-0.05556751308900523,-0.25269988095238094,-0.2620591358024691,0.012345679012345678,42.453579999999995
signal_crossvenue_agreement_reversal,100,750,-44.99157750000002,764,168,162,-0.05888949934554976,-0.26780700892857157,-0.27772578703703715,0.024691358024691357,44.99157750000002
signal_crossvenue_agreement_reversal,100,1000,-44.72721700000003,764,168,162,-0.05854347774869114,-0.2662334345238097,-0.27609393209876565,0.018518518518518517,44.72721700000003
signal_crossvenue_agreement_reversal,100,1500,-44.107899999999994,764,165,159,-0.057732853403141354,-0.26732060606060604,-0.2774081761006289,0.050314465408805034,44.43194999999999
signal_crossvenue_agreement_reversal,100,2000,-43.50104999999998,764,159,153,-0.05693854712041882,-0.2735915094339621,-0.284320588235294,0.0392156862745098,43.50104999999998
signal_crossvenue_agreement_reversal,100,3000,-35.698949999999996,764,152,146,-0.046726374345549736,-0.23486151315789472,-0.24451335616438355,0.0410958904109589,35.698949999999996
signal_crossvenue_agreement_reversal,100,4000,-34.38614999999999,764,148,142,-0.045008049738219875,-0.23233885135135127,-0.24215598591549287,0.06338028169014084,34.38614999999999
signal_crossvenue_agreement_reversal,100,5000,-37.12357479999999,764,143,137,-0.04859106649214659,-0.25960541818181815,-0.27097499854014595,0.051094890510948905,37.12357479999999
signal_crossvenue_agreement_reversal,100,7500,-42.458250000000035,764,131,125,-0.05557362565445031,-0.32410877862595444,-0.3396660000000003,0.112,42.458250000000035
signal_crossvenue_agreement_reversal,100,10000,-36.96239999999999,764,126,120,-0.04838010471204187,-0.29335238095238086,-0.3080199999999999,0.10833333333333334,36.96239999999999
signal_crossvenue_agreement_reversal,250,500,-34.485243200000006,764,168,159,-0.04513775287958116,-0.2052693047619048,-0.21688832201257865,0.012578616352201259,34.485243200000006
signal_crossvenue_agreement_reversal,250,750,-36.336044700000016,764,168,159,-0.0475602679319372,-0.21628598035714294,-0.22852858301886803,0.031446540880503145,36.336044700000016
signal_crossvenue_agreement_reversal,250,1000,-36.66188140000001,764,168,159,-0.04798675575916232,-0.2182254845238096,-0.23057787044025166,0.018867924528301886,36.66188140000001
signal_crossvenue_agreement_reversal,250,1500,-36.76868079999999,764,165,156,-0.048126545549738206,-0.22284048969696965,-0.23569667179487175,0.04487179487179487,36.81214999999999
signal_crossvenue_agreement_reversal,250,2000,-37.095789999999994,764,159,150,-0.048554698952879574,-0.23330685534591192,-0.24730526666666663,0.06666666666666667,37.095789999999994
signal_crossvenue_agreement_reversal,250,3000,-28.7769456,764,152,143,-0.03766615916230367,-0.1893220105263158,-0.20123738181818182,0.08391608391608392,28.7769456
signal_crossvenue_agreement_reversal,250,4000,-28.157345599999996,764,148,139,-0.03685516439790575,-0.19025233513513512,-0.20257083165467624,0.09352517985611511,28.157345599999996
signal_crossvenue_agreement_reversal,250,5000,-31.3448084,764,143,134,-0.041027236125654454,-0.21919446433566434,-0.23391648059701495,0.07462686567164178,31.3448084
signal_crossvenue_agreement_reversal,250,7500,-37.37495159999999,764,131,122,-0.04892009371727747,-0.28530497404580146,-0.3063520622950819,0.13114754098360656,37.37495159999999
signal_crossvenue_agreement_reversal,250,10000,-32.0234784,764,126,117,-0.04191554764397906,-0.2541545904761905,-0.2737049435897436,0.1111111111111111,32.0234784
signal_crossvenue_disagree_follow_external,5,500,,0,0,0,,,,,0.0
signal_crossvenue_disagree_follow_external,5,750,,0,0,0,,,,,0.0
signal_crossvenue_disagree_follow_external,5,1000,,0,0,0,,,,,0.0
signal_crossvenue_disagree_follow_external,5,1500,,0,0,0,,,,,0.0
signal_crossvenue_disagree_follow_external,5,2000,,0,0,0,,,,,0.0
signal_crossvenue_disagree_follow_external,5,3000,,0,0,0,,,,,0.0
signal_crossvenue_disagree_follow_external,5,4000,,0,0,0,,,,,0.0
signal_crossvenue_disagree_follow_external,5,5000,,0,0,0,,,,,0.0
signal_crossvenue_disagree_follow_external,5,7500,,0,0,0,,,,,0.0
signal_crossvenue_disagree_follow_external,5,10000,,0,0,0,,,,,0.0
signal_crossvenue_disagree_follow_external,10,500,,0,0,0,,,,,0.0
signal_crossvenue_disagree_follow_external,10,750,,0,0,0,,,,,0.0
signal_crossvenue_disagree_follow_external,10,1000,,0,0,0,,,,,0.0
signal_crossvenue_disagree_follow_external,10,1500,,0,0,0,,,,,0.0
signal_crossvenue_disagree_follow_external,10,2000,,0,0,0,,,,,0.0
signal_crossvenue_disagree_follow_external,10,3000,,0,0,0,,,,,0.0
signal_crossvenue_disagree_follow_external,10,4000,,0,0,0,,,,,0.0
signal_crossvenue_disagree_follow_external,10,5000,,0,0,0,,,,,0.0
signal_crossvenue_disagree_follow_external,10,7500,,0,0,0,,,,,0.0
signal_crossvenue_disagree_follow_external,10,10000,,0,0,0,,,,,0.0
signal_crossvenue_disagree_follow_external,25,500,,0,0,0,,,,,0.0
signal_crossvenue_disagree_follow_external,25,750,,0,0,0,,,,,0.0
signal_crossvenue_disagree_follow_external,25,1000,,0,0,0,,,,,0.0
signal_crossvenue_disagree_follow_external,25,1500,,0,0,0,,,,,0.0
signal_crossvenue_disagree_follow_external,25,2000,,0,0,0,,,,,0.0
signal_crossvenue_disagree_follow_external,25,3000,,0,0,0,,,,,0.0
signal_crossvenue_disagree_follow_external,25,4000,,0,0,0,,,,,0.0
signal_crossvenue_disagree_follow_external,25,5000,,0,0,0,,,,,0.0
signal_crossvenue_disagree_follow_external,25,7500,,0,0,0,,,,,0.0
signal_crossvenue_disagree_follow_external,25,10000,,0,0,0,,,,,0.0
signal_crossvenue_disagree_follow_external,50,500,,0,0,0,,,,,0.0
signal_crossvenue_disagree_follow_external,50,750,,0,0,0,,,,,0.0
signal_crossvenue_disagree_follow_external,50,1000,,0,0,0,,,,,0.0
signal_crossvenue_disagree_follow_external,50,1500,,0,0,0,,,,,0.0
signal_crossvenue_disagree_follow_external,50,2000,,0,0,0,,,,,0.0
signal_crossvenue_disagree_follow_external,50,3000,,0,0,0,,,,,0.0
signal_crossvenue_disagree_follow_external,50,4000,,0,0,0,,,,,0.0
signal_crossvenue_disagree_follow_external,50,5000,,0,0,0,,,,,0.0
signal_crossvenue_disagree_follow_external,50,7500,,0,0,0,,,,,0.0
signal_crossvenue_disagree_follow_external,50,10000,,0,0,0,,,,,0.0
signal_crossvenue_disagree_follow_external,100,500,,0,0,0,,,,,0.0
signal_crossvenue_disagree_follow_external,100,750,,0,0,0,,,,,0.0
signal_crossvenue_disagree_follow_external,100,1000,,0,0,0,,,,,0.0
signal_crossvenue_disagree_follow_external,100,1500,,0,0,0,,,,,0.0
signal_crossvenue_disagree_follow_external,100,2000,,0,0,0,,,,,0.0
signal_crossvenue_disagree_follow_external,100,3000,,0,0,0,,,,,0.0
signal_crossvenue_disagree_follow_external,100,4000,,0,0,0,,,,,0.0
signal_crossvenue_disagree_follow_external,100,5000,,0,0,0,,,,,0.0
signal_crossvenue_disagree_follow_external,100,7500,,0,0,0,,,,,0.0
signal_crossvenue_disagree_follow_external,100,10000,,0,0,0,,,,,0.0
signal_crossvenue_disagree_follow_external,250,500,,0,0,0,,,,,0.0
signal_crossvenue_disagree_follow_external,250,750,,0,0,0,,,,,0.0
signal_crossvenue_disagree_follow_external,250,1000,,0,0,0,,,,,0.0
signal_crossvenue_disagree_follow_external,250,1500,,0,0,0,,,,,0.0
signal_crossvenue_disagree_follow_external,250,2000,,0,0,0,,,,,0.0
signal_crossvenue_disagree_follow_external,250,3000,,0,0,0,,,,,0.0
signal_crossvenue_disagree_follow_external,250,4000,,0,0,0,,,,,0.0
signal_crossvenue_disagree_follow_external,250,5000,,0,0,0,,,,,0.0
signal_crossvenue_disagree_follow_external,250,7500,,0,0,0,,,,,0.0
signal_crossvenue_disagree_follow_external,250,10000,,0,0,0,,,,,0.0
signal_crossvenue_disagree_follow_signal,5,500,,0,0,0,,,,,0.0
signal_crossvenue_disagree_follow_signal,5,750,,0,0,0,,,,,0.0
signal_crossvenue_disagree_follow_signal,5,1000,,0,0,0,,,,,0.0
signal_crossvenue_disagree_follow_signal,5,1500,,0,0,0,,,,,0.0
signal_crossvenue_disagree_follow_signal,5,2000,,0,0,0,,,,,0.0
signal_crossvenue_disagree_follow_signal,5,3000,,0,0,0,,,,,0.0
signal_crossvenue_disagree_follow_signal,5,4000,,0,0,0,,,,,0.0
signal_crossvenue_disagree_follow_signal,5,5000,,0,0,0,,,,,0.0
signal_crossvenue_disagree_follow_signal,5,7500,,0,0,0,,,,,0.0
signal_crossvenue_disagree_follow_signal,5,10000,,0,0,0,,,,,0.0
signal_crossvenue_disagree_follow_signal,10,500,,0,0,0,,,,,0.0
signal_crossvenue_disagree_follow_signal,10,750,,0,0,0,,,,,0.0
signal_crossvenue_disagree_follow_signal,10,1000,,0,0,0,,,,,0.0
signal_crossvenue_disagree_follow_signal,10,1500,,0,0,0,,,,,0.0
signal_crossvenue_disagree_follow_signal,10,2000,,0,0,0,,,,,0.0
signal_crossvenue_disagree_follow_signal,10,3000,,0,0,0,,,,,0.0
signal_crossvenue_disagree_follow_signal,10,4000,,0,0,0,,,,,0.0
signal_crossvenue_disagree_follow_signal,10,5000,,0,0,0,,,,,0.0
signal_crossvenue_disagree_follow_signal,10,7500,,0,0,0,,,,,0.0
signal_crossvenue_disagree_follow_signal,10,10000,,0,0,0,,,,,0.0
signal_crossvenue_disagree_follow_signal,25,500,,0,0,0,,,,,0.0
signal_crossvenue_disagree_follow_signal,25,750,,0,0,0,,,,,0.0
signal_crossvenue_disagree_follow_signal,25,1000,,0,0,0,,,,,0.0
signal_crossvenue_disagree_follow_signal,25,1500,,0,0,0,,,,,0.0
signal_crossvenue_disagree_follow_signal,25,2000,,0,0,0,,,,,0.0
signal_crossvenue_disagree_follow_signal,25,3000,,0,0,0,,,,,0.0
signal_crossvenue_disagree_follow_signal,25,4000,,0,0,0,,,,,0.0
signal_crossvenue_disagree_follow_signal,25,5000,,0,0,0,,,,,0.0
signal_crossvenue_disagree_follow_signal,25,7500,,0,0,0,,,,,0.0
signal_crossvenue_disagree_follow_signal,25,10000,,0,0,0,,,,,0.0
signal_crossvenue_disagree_follow_signal,50,500,,0,0,0,,,,,0.0
signal_crossvenue_disagree_follow_signal,50,750,,0,0,0,,,,,0.0
signal_crossvenue_disagree_follow_signal,50,1000,,0,0,0,,,,,0.0
signal_crossvenue_disagree_follow_signal,50,1500,,0,0,0,,,,,0.0
signal_crossvenue_disagree_follow_signal,50,2000,,0,0,0,,,,,0.0
signal_crossvenue_disagree_follow_signal,50,3000,,0,0,0,,,,,0.0
signal_crossvenue_disagree_follow_signal,50,4000,,0,0,0,,,,,0.0
signal_crossvenue_disagree_follow_signal,50,5000,,0,0,0,,,,,0.0
signal_crossvenue_disagree_follow_signal,50,7500,,0,0,0,,,,,0.0
signal_crossvenue_disagree_follow_signal,50,10000,,0,0,0,,,,,0.0
signal_crossvenue_disagree_follow_signal,100,500,,0,0,0,,,,,0.0
signal_crossvenue_disagree_follow_signal,100,750,,0,0,0,,,,,0.0
signal_crossvenue_disagree_follow_signal,100,1000,,0,0,0,,,,,0.0
signal_crossvenue_disagree_follow_signal,100,1500,,0,0,0,,,,,0.0
signal_crossvenue_disagree_follow_signal,100,2000,,0,0,0,,,,,0.0
signal_crossvenue_disagree_follow_signal,100,3000,,0,0,0,,,,,0.0
signal_crossvenue_disagree_follow_signal,100,4000,,0,0,0,,,,,0.0
signal_crossvenue_disagree_follow_signal,100,5000,,0,0,0,,,,,0.0
signal_crossvenue_disagree_follow_signal,100,7500,,0,0,0,,,,,0.0
signal_crossvenue_disagree_follow_signal,100,10000,,0,0,0,,,,,0.0
signal_crossvenue_disagree_follow_signal,250,500,,0,0,0,,,,,0.0
signal_crossvenue_disagree_follow_signal,250,750,,0,0,0,,,,,0.0
signal_crossvenue_disagree_follow_signal,250,1000,,0,0,0,,,,,0.0
signal_crossvenue_disagree_follow_signal,250,1500,,0,0,0,,,,,0.0
signal_crossvenue_disagree_follow_signal,250,2000,,0,0,0,,,,,0.0
signal_crossvenue_disagree_follow_signal,250,3000,,0,0,0,,,,,0.0
signal_crossvenue_disagree_follow_signal,250,4000,,0,0,0,,,,,0.0
signal_crossvenue_disagree_follow_signal,250,5000,,0,0,0,,,,,0.0
signal_crossvenue_disagree_follow_signal,250,7500,,0,0,0,,,,,0.0
signal_crossvenue_disagree_follow_signal,250,10000,,0,0,0,,,,,0.0
fresh_venues_ge_2_momentum,5,500,-19.432570399999996,764,176,166,-0.02543530157068062,-0.11041233181818179,-0.11706367710843371,0.18674698795180722,19.458720399999997
fresh_venues_ge_2_momentum,5,750,-18.345585999999997,764,176,166,-0.024012547120418844,-0.10423628409090907,-0.110515578313253,0.21084337349397592,18.371736
fresh_venues_ge_2_momentum,5,1000,-16.728835999999998,764,176,166,-0.021896382198952877,-0.09505020454545453,-0.1007761204819277,0.21084337349397592,16.728835999999998
fresh_venues_ge_2_momentum,5,1500,-13.4713,764,174,164,-0.01763259162303665,-0.07742126436781609,-0.0821420731707317,0.23780487804878048,13.4713
fresh_venues_ge_2_momentum,5,2000,-12.4972,764,169,159,-0.016357591623036648,-0.07394792899408284,-0.07859874213836478,0.2138364779874214,12.4976
fresh_venues_ge_2_momentum,5,3000,-21.607039999999994,764,163,153,-0.02828146596858638,-0.13255852760736192,-0.14122248366013068,0.24836601307189543,22.083289999999995
fresh_venues_ge_2_momentum,5,4000,-17.0126,764,159,149,-0.02226780104712042,-0.10699748427672956,-0.11417852348993288,0.28859060402684567,17.38295
fresh_venues_ge_2_momentum,5,5000,-14.973599999999994,764,154,144,-0.019598952879581143,-0.0972311688311688,-0.10398333333333329,0.2847222222222222,15.621099999999995
fresh_venues_ge_2_momentum,5,7500,-4.275749999999999,764,143,133,-0.0055965314136125635,-0.029900349650349642,-0.032148496240601496,0.38345864661654133,11.028899999999998
fresh_venues_ge_2_momentum,5,10000,-8.20135,764,139,129,-0.010734751308900524,-0.059002517985611506,-0.06357635658914729,0.4108527131782946,11.10865
fresh_venues_ge_2_momentum,10,500,-17.098350000000003,764,176,160,-0.022380039267015713,-0.09714971590909093,-0.10686468750000003,0.1875,17.124500000000005
fresh_venues_ge_2_momentum,10,750,-17.249436000000003,764,176,160,-0.02257779581151833,-0.09800815909090911,-0.10780897500000002,0.20625,17.275586000000004
fresh_venues_ge_2_momentum,10,1000,-15.433786000000001,764,176,160,-0.02020129057591623,-0.08769196590909091,-0.0964611625,0.20625,15.433786000000001
fresh_venues_ge_2_momentum,10,1500,-11.720600000000005,764,174,158,-0.015341099476439796,-0.06735977011494255,-0.07418101265822788,0.22784810126582278,11.720600000000005
fresh_venues_ge_2_momentum,10,2000,-10.343399999999999,764,170,154,-0.013538481675392669,-0.0608435294117647,-0.06716493506493505,0.22077922077922077,10.3438
fresh_venues_ge_2_momentum,10,3000,-20.921839999999992,764,165,149,-0.027384607329842922,-0.12679903030303025,-0.14041503355704693,0.2483221476510067,21.398089999999993
fresh_venues_ge_2_momentum,10,4000,-15.935499999999998,764,161,145,-0.020857984293193715,-0.0989782608695652,-0.10989999999999998,0.2896551724137931,16.30585
fresh_venues_ge_2_momentum,10,5000,-14.050049999999992,764,156,140,-0.018390117801047108,-0.09006442307692303,-0.10035749999999995,0.2785714285714286,14.601049999999994
fresh_venues_ge_2_momentum,10,7500,-3.5340500000000006,764,146,130,-0.004625719895287959,-0.024205821917808224,-0.027185000000000004,0.38461538461538464,11.0289
fresh_venues_ge_2_momentum,10,10000,-8.212299999999999,764,142,126,-0.010749083769633506,-0.05783309859154929,-0.06517698412698412,0.40476190476190477,11.10865
fresh_venues_ge_2_momentum,25,500,-19.905549999999998,764,176,151,-0.026054384816753925,-0.1130997159090909,-0.1318248344370861,0.13245033112582782,19.9317
fresh_venues_ge_2_momentum,25,750,-19.626585999999996,764,176,151,-0.02568924869109947,-0.11151469318181816,-0.1299773907284768,0.17218543046357615,19.652735999999997
fresh_venues_ge_2_momentum,25,1000,-18.312686,764,176,151,-0.023969484293193715,-0.10404935227272727,-0.12127606622516555,0.17218543046357615,18.312686
fresh_venues_ge_2_momentum,25,1500,-14.50225,764,176,151,-0.018982002617801048,-0.08239914772727273,-0.09604139072847682,0.2119205298013245,14.50225
fresh_venues_ge_2_momentum,25,2000,-12.495750000000001,764,175,150,-0.01635569371727749,-0.07140428571428573,-0.083305,0.22,12.506300000000001
fresh_venues_ge_2_momentum,25,3000,-19.774199999999993,764,170,145,-0.025882460732984284,-0.11631882352941172,-0.13637379310344824,0.25517241379310346,20.250449999999994
fresh_venues_ge_2_momentum,25,4000,-17.01105,764,168,143,-0.0222657722513089,-0.10125625,-0.11895839160839161,0.2727272727272727,17.381400000000003
fresh_venues_ge_2_momentum,25,5000,-15.154199999999992,764,163,138,-0.019835340314136116,-0.09297055214723922,-0.10981304347826082,0.2753623188405797,15.630449999999994
fresh_venues_ge_2_momentum,25,7500,-4.8001499999999995,764,153,128,-0.006282918848167539,-0.0313735294117647,-0.037501171874999996,0.3828125,10.486799999999997
fresh_venues_ge_2_momentum,25,10000,-9.329099999999997,764,149,124,-0.012210863874345546,-0.06261140939597314,-0.07523467741935481,0.3951612903225806,10.982249999999997
fresh_venues_ge_2_momentum,50,500,-20.4135,764,178,140,-0.026719240837696334,-0.11468258426966292,-0.14581071428571427,0.1,20.4135
fresh_venues_ge_2_momentum,50,750,-20.519935999999994,764,178,140,-0.02685855497382198,-0.11528053932584266,-0.1465709714285714,0.12142857142857143,20.519935999999994
fresh_venues_ge_2_momentum,50,1000,-19.161585999999996,764,178,140,-0.025080609947643974,-0.10764935955056178,-0.1368684714285714,0.12857142857142856,19.161585999999996
fresh_venues_ge_2_momentum,50,1500,-14.938949999999998,764,178,140,-0.01955359947643979,-0.08392668539325841,-0.1067067857142857,0.19285714285714287,14.938949999999998
fresh_venues_ge_2_momentum,50,2000,-12.534000000000002,764,177,139,-0.01640575916230367,-0.07081355932203391,-0.09017266187050361,0.19424460431654678,12.534000000000002
fresh_venues_ge_2_momentum,50,3000,-19.12184999999999,764,173,135,-0.02502859947643978,-0.11053092485549128,-0.14164333333333326,0.22962962962962963,19.313249999999993
fresh_venues_ge_2_momentum,50,4000,-16.448150000000002,764,171,133,-0.02152899214659686,-0.09618801169590645,-0.12367030075187971,0.2631578947368421,16.586600000000004
fresh_venues_ge_2_momentum,50,5000,-15.28224999999999,764,166,128,-0.020002945026178,-0.09206174698795175,-0.11939257812499993,0.2578125,15.473649999999992
fresh_venues_ge_2_momentum,50,7500,-8.3864,764,156,118,-0.010976963350785341,-0.05375897435897436,-0.07107118644067796,0.3389830508474576,10.703499999999998
fresh_venues_ge_2_momentum,50,10000,-9.353199999999996,764,154,116,-0.012242408376963346,-0.060735064935064906,-0.08063103448275859,0.3793103448275862,11.387049999999997
fresh_venues_ge_2_momentum,100,500,-15.978099999999998,764,183,122,-0.020913743455497378,-0.08731202185792349,-0.13096803278688524,0.09016393442622951,15.978099999999998
fresh_venues_ge_2_momentum,100,750,-16.691636,764,183,122,-0.02184769109947644,-0.0912111256830601,-0.13681668852459017,0.10655737704918032,16.691636
fresh_venues_ge_2_momentum,100,1000,-15.735385999999995,764,183,122,-0.020596054973821984,-0.0859857158469945,-0.12897857377049177,0.11475409836065574,15.735385999999995
fresh_venues_ge_2_momentum,100,1500,-12.720550000000003,764,183,122,-0.016649934554973825,-0.06951120218579236,-0.10426680327868855,0.1721311475409836,12.720550000000003
fresh_venues_ge_2_momentum,100,2000,-10.057950000000002,764,182,121,-0.01316485602094241,-0.055263461538461546,-0.08312355371900827,0.2066115702479339,10.057950000000002
fresh_venues_ge_2_momentum,100,3000,-14.927600000000002,764,178,117,-0.019538743455497384,-0.08386292134831462,-0.1275863247863248,0.2564102564102564,15.119000000000003
fresh_venues_ge_2_momentum,100,4000,-11.827399999999999,764,176,115,-0.01548089005235602,-0.06720113636363635,-0.10284695652173913,0.25217391304347825,11.96585
fresh_venues_ge_2_momentum,100,5000,-11.913399999999994,764,173,112,-0.015593455497382192,-0.06886358381502887,-0.1063696428571428,0.25892857142857145,12.104799999999996
fresh_venues_ge_2_momentum,100,7500,-7.706999999999998,764,165,104,-0.010087696335078531,-0.046709090909090895,-0.07410576923076921,0.3557692307692308,8.819599999999998
fresh_venues_ge_2_momentum,100,10000,-6.522800000000001,764,164,103,-0.008537696335078535,-0.03977317073170732,-0.06332815533980583,0.3592233009708738,9.33025
fresh_venues_ge_2_momentum,250,500,-16.25475,764,179,112,-0.021275850785340316,-0.0908086592178771,-0.14513169642857143,0.026785714285714284,16.25475
fresh_venues_ge_2_momentum,250,750,-17.700036000000004,764,179,112,-0.02316758638743456,-0.09888288268156427,-0.15803603571428576,0.044642857142857144,17.700036000000004
fresh_venues_ge_2_momentum,250,1000,-14.914349999999999,764,179,112,-0.019521400523560207,-0.0833203910614525,-0.13316383928571426,0.0625,14.914349999999999
fresh_venues_ge_2_momentum,250,1500,-13.328800000000006,764,179,112,-0.01744607329842933,-0.07446256983240226,-0.11900714285714291,0.125,13.328800000000006
fresh_venues_ge_2_momentum,250,2000,-10.68040000000001,764,178,111,-0.013979581151832473,-0.06000224719101129,-0.0962198198198199,0.15315315315315314,10.68040000000001
fresh_venues_ge_2_momentum,250,3000,-16.0122,764,175,108,-0.020958376963350785,-0.09149828571428571,-0.14826111111111112,0.19444444444444445,16.2036
fresh_venues_ge_2_momentum,250,4000,-13.765000000000006,764,173,106,-0.01801701570680629,-0.07956647398843934,-0.1298584905660378,0.20754716981132076,13.903450000000007
fresh_venues_ge_2_momentum,250,5000,-13.880349999999995,764,169,102,-0.018167997382198944,-0.08213224852071002,-0.13608186274509798,0.19607843137254902,14.071749999999996
fresh_venues_ge_2_momentum,250,7500,-9.331450000000004,764,162,95,-0.01221393979057592,-0.057601543209876566,-0.09822578947368425,0.29473684210526313,10.444050000000002
fresh_venues_ge_2_momentum,250,10000,-8.387700000000004,764,161,94,-0.010978664921465974,-0.05209751552795033,-0.08923085106382983,0.3191489361702128,9.607000000000005
fresh_venues_ge_2_reversal,5,500,-51.686039999999984,764,168,168,-0.06765188481675391,-0.3076549999999999,-0.3076549999999999,0.023809523809523808,52.159539999999986
fresh_venues_ge_2_reversal,5,750,-53.24167750000001,764,168,168,-0.06968805955497383,-0.31691474702380956,-0.31691474702380956,0.023809523809523808,53.90817750000001
fresh_venues_ge_2_reversal,5,1000,-53.61601700000001,764,168,168,-0.07017803272251309,-0.3191429583333334,-0.3191429583333334,0.023809523809523808,54.08951700000001
fresh_venues_ge_2_reversal,5,1500,-52.506550000000004,764,165,165,-0.06872585078534033,-0.3182215151515152,-0.3182215151515152,0.04242424242424243,52.883750000000006
fresh_venues_ge_2_reversal,5,2000,-50.785549999999965,764,159,159,-0.06647323298429315,-0.31940597484276706,-0.31940597484276706,0.03773584905660377,51.25904999999997
fresh_venues_ge_2_reversal,5,3000,-42.01750000000002,764,152,152,-0.054996727748691125,-0.27643092105263173,-0.27643092105263173,0.039473684210526314,42.298600000000015
fresh_venues_ge_2_reversal,5,4000,-40.4033,764,148,148,-0.052883900523560214,-0.27299527027027026,-0.27299527027027026,0.06756756756756757,40.7805
fresh_venues_ge_2_reversal,5,5000,-43.484274800000016,764,143,143,-0.05691659005235604,-0.30408583776223785,-0.30408583776223785,0.04895104895104895,43.86147480000002
fresh_venues_ge_2_reversal,5,7500,-48.91145000000004,764,131,131,-0.06402022251308906,-0.3733698473282446,-0.3733698473282446,0.12213740458015267,49.28865000000004
fresh_venues_ge_2_reversal,5,10000,-43.03070000000002,764,126,126,-0.05632290575916233,-0.3415134920634922,-0.3415134920634922,0.10317460317460317,43.31180000000001
fresh_venues_ge_2_reversal,10,500,-50.90093999999999,764,168,167,-0.0666242670157068,-0.3029817857142857,-0.30479604790419157,0.023952095808383235,51.37443999999999
fresh_venues_ge_2_reversal,10,750,-52.45657750000003,764,168,167,-0.06866044175392674,-0.3122415327380954,-0.31411124251497025,0.023952095808383235,53.12307750000003
fresh_venues_ge_2_reversal,10,1000,-52.830917000000014,764,168,167,-0.06915041492146598,-0.3144697440476191,-0.3163527964071857,0.023952095808383235,53.304417000000015
fresh_venues_ge_2_reversal,10,1500,-51.769800000000004,764,165,164,-0.06776151832460733,-0.31375636363636367,-0.31566951219512196,0.04878048780487805,52.147000000000006
fresh_venues_ge_2_reversal,10,2000,-49.95524999999997,764,159,158,-0.06538645287958111,-0.31418396226415074,-0.3161724683544302,0.04430379746835443,50.42874999999997
fresh_venues_ge_2_reversal,10,3000,-41.24115000000001,764,152,151,-0.053980562827225145,-0.271323355263158,-0.27312019867549675,0.039735099337748346,41.52225000000001
fresh_venues_ge_2_reversal,10,4000,-39.580349999999996,764,148,147,-0.05180674083769633,-0.26743479729729724,-0.269254081632653,0.06802721088435375,39.95755
fresh_venues_ge_2_reversal,10,5000,-42.66132480000001,764,143,142,-0.05583943036649216,-0.2983309426573427,-0.30043186478873246,0.04929577464788732,43.03852480000001
fresh_venues_ge_2_reversal,10,7500,-48.13810000000004,764,131,130,-0.06300798429319376,-0.36746641221374077,-0.3702930769230772,0.12307692307692308,48.51530000000004
fresh_venues_ge_2_reversal,10,10000,-42.25735000000001,764,126,125,-0.05531066753926703,-0.33537579365079373,-0.3380588000000001,0.104,42.538450000000005
fresh_venues_ge_2_reversal,25,500,-47.710909499999985,764,168,166,-0.06244883442408375,-0.28399350892857134,-0.2874151174698794,0.024096385542168676,48.18440949999999
fresh_venues_ge_2_reversal,25,750,-49.85673550000001,764,168,166,-0.0652575071989529,-0.2967662827380953,-0.300341780120482,0.024096385542168676,50.52323550000001
fresh_venues_ge_2_reversal,25,1000,-50.30663450000002,764,168,166,-0.06584638023560212,-0.2994442529761906,-0.3030520150602411,0.024096385542168676,50.780134500000024
fresh_venues_ge_2_reversal,25,1500,-49.245517500000005,764,165,163,-0.06445748363874346,-0.29845768181818183,-0.3021197392638037,0.049079754601226995,49.62271750000001
fresh_venues_ge_2_reversal,25,2000,-47.56018399999998,764,159,157,-0.062251549738219863,-0.29912065408805016,-0.30293110828025466,0.044585987261146494,48.03368399999998
fresh_venues_ge_2_reversal,25,3000,-39.548500000000004,764,152,150,-0.05176505235602095,-0.2601875,-0.2636566666666667,0.04,39.8296
fresh_venues_ge_2_reversal,25,4000,-37.986,764,148,146,-0.04971989528795811,-0.25666216216216214,-0.2601780821917808,0.0684931506849315,38.3632
fresh_venues_ge_2_reversal,25,5000,-41.114974800000006,764,143,141,-0.05381541204188482,-0.2875173062937063,-0.29159556595744685,0.04964539007092199,41.49217480000001
fresh_venues_ge_2_reversal,25,7500,-46.21180000000003,764,131,129,-0.06048664921465973,-0.3527618320610689,-0.3582310077519382,0.12403100775193798,46.589000000000034
fresh_venues_ge_2_reversal,25,10000,-40.425700000000006,764,126,124,-0.052913219895287966,-0.32083888888888895,-0.3260137096774194,0.10483870967741936,40.7068
fresh_venues_ge_2_reversal,50,500,-46.76377999999998,764,168,163,-0.06120913612565443,-0.27835583333333325,-0.28689435582822076,0.012269938650306749,46.76377999999998
fresh_venues_ge_2_reversal,50,750,-49.296377500000006,764,168,163,-0.06452405431937173,-0.293430818452381,-0.30243176380368103,0.012269938650306749,49.296377500000006
fresh_venues_ge_2_reversal,50,1000,-49.52571700000003,764,168,163,-0.0648242369109948,-0.2947959345238097,-0.30383875460122717,0.018404907975460124,49.52571700000003
fresh_venues_ge_2_reversal,50,1500,-48.36830000000002,764,165,160,-0.06330929319371731,-0.29314121212121225,-0.3023018750000001,0.05,48.39150000000002
fresh_venues_ge_2_reversal,50,2000,-47.211999999999975,764,159,154,-0.06179581151832458,-0.29693081761006274,-0.3065714285714284,0.03896103896103896,47.211999999999975
fresh_venues_ge_2_reversal,50,3000,-38.90579999999999,764,152,147,-0.050923821989528786,-0.25595921052631576,-0.26466530612244893,0.034013605442176874,38.90579999999999
fresh_venues_ge_2_reversal,50,4000,-37.48965,764,148,143,-0.049070222513089,-0.2533084459459459,-0.2621653846153846,0.055944055944055944,37.48965
fresh_venues_ge_2_reversal,50,5000,-40.6186248,764,143,138,-0.053165739267015705,-0.2840463272727273,-0.2943378608695652,0.036231884057971016,40.6186248
fresh_venues_ge_2_reversal,50,7500,-45.668850000000035,764,131,126,-0.05977598167539271,-0.34861717557251937,-0.36245119047619073,0.1111111111111111,45.668850000000035
fresh_venues_ge_2_reversal,50,10000,-39.88205000000001,764,126,121,-0.05220163612565446,-0.3165242063492064,-0.3296037190082645,0.09090909090909091,39.88205000000001
fresh_venues_ge_2_reversal,100,500,-42.453579999999995,764,168,162,-0.05556751308900523,-0.25269988095238094,-0.2620591358024691,0.012345679012345678,42.453579999999995
fresh_venues_ge_2_reversal,100,750,-44.99157750000002,764,168,162,-0.05888949934554976,-0.26780700892857157,-0.27772578703703715,0.024691358024691357,44.99157750000002
fresh_venues_ge_2_reversal,100,1000,-44.72721700000003,764,168,162,-0.05854347774869114,-0.2662334345238097,-0.27609393209876565,0.018518518518518517,44.72721700000003
fresh_venues_ge_2_reversal,100,1500,-44.107899999999994,764,165,159,-0.057732853403141354,-0.26732060606060604,-0.2774081761006289,0.050314465408805034,44.43194999999999
fresh_venues_ge_2_reversal,100,2000,-43.50104999999998,764,159,153,-0.05693854712041882,-0.2735915094339621,-0.284320588235294,0.0392156862745098,43.50104999999998
fresh_venues_ge_2_reversal,100,3000,-35.698949999999996,764,152,146,-0.046726374345549736,-0.23486151315789472,-0.24451335616438355,0.0410958904109589,35.698949999999996
fresh_venues_ge_2_reversal,100,4000,-34.38614999999999,764,148,142,-0.045008049738219875,-0.23233885135135127,-0.24215598591549287,0.06338028169014084,34.38614999999999
fresh_venues_ge_2_reversal,100,5000,-37.12357479999999,764,143,137,-0.04859106649214659,-0.25960541818181815,-0.27097499854014595,0.051094890510948905,37.12357479999999
fresh_venues_ge_2_reversal,100,7500,-42.458250000000035,764,131,125,-0.05557362565445031,-0.32410877862595444,-0.3396660000000003,0.112,42.458250000000035
fresh_venues_ge_2_reversal,100,10000,-36.96239999999999,764,126,120,-0.04838010471204187,-0.29335238095238086,-0.3080199999999999,0.10833333333333334,36.96239999999999
fresh_venues_ge_2_reversal,250,500,-34.485243200000006,764,168,159,-0.04513775287958116,-0.2052693047619048,-0.21688832201257865,0.012578616352201259,34.485243200000006
fresh_venues_ge_2_reversal,250,750,-36.336044700000016,764,168,159,-0.0475602679319372,-0.21628598035714294,-0.22852858301886803,0.031446540880503145,36.336044700000016
fresh_venues_ge_2_reversal,250,1000,-36.66188140000001,764,168,159,-0.04798675575916232,-0.2182254845238096,-0.23057787044025166,0.018867924528301886,36.66188140000001
fresh_venues_ge_2_reversal,250,1500,-36.76868079999999,764,165,156,-0.048126545549738206,-0.22284048969696965,-0.23569667179487175,0.04487179487179487,36.81214999999999
fresh_venues_ge_2_reversal,250,2000,-37.095789999999994,764,159,150,-0.048554698952879574,-0.23330685534591192,-0.24730526666666663,0.06666666666666667,37.095789999999994
fresh_venues_ge_2_reversal,250,3000,-28.7769456,764,152,143,-0.03766615916230367,-0.1893220105263158,-0.20123738181818182,0.08391608391608392,28.7769456
fresh_venues_ge_2_reversal,250,4000,-28.157345599999996,764,148,139,-0.03685516439790575,-0.19025233513513512,-0.20257083165467624,0.09352517985611511,28.157345599999996
fresh_venues_ge_2_reversal,250,5000,-31.3448084,764,143,134,-0.041027236125654454,-0.21919446433566434,-0.23391648059701495,0.07462686567164178,31.3448084
fresh_venues_ge_2_reversal,250,7500,-37.37495159999999,764,131,122,-0.04892009371727747,-0.28530497404580146,-0.3063520622950819,0.13114754098360656,37.37495159999999
fresh_venues_ge_2_reversal,250,10000,-32.0234784,764,126,117,-0.04191554764397906,-0.2541545904761905,-0.2737049435897436,0.1111111111111111,32.0234784
fresh_venues_ge_3_momentum,5,500,,0,0,0,,,,,0.0
fresh_venues_ge_3_momentum,5,750,,0,0,0,,,,,0.0
fresh_venues_ge_3_momentum,5,1000,,0,0,0,,,,,0.0
fresh_venues_ge_3_momentum,5,1500,,0,0,0,,,,,0.0
fresh_venues_ge_3_momentum,5,2000,,0,0,0,,,,,0.0
fresh_venues_ge_3_momentum,5,3000,,0,0,0,,,,,0.0
fresh_venues_ge_3_momentum,5,4000,,0,0,0,,,,,0.0
fresh_venues_ge_3_momentum,5,5000,,0,0,0,,,,,0.0
fresh_venues_ge_3_momentum,5,7500,,0,0,0,,,,,0.0
fresh_venues_ge_3_momentum,5,10000,,0,0,0,,,,,0.0
fresh_venues_ge_3_momentum,10,500,,0,0,0,,,,,0.0
fresh_venues_ge_3_momentum,10,750,,0,0,0,,,,,0.0
fresh_venues_ge_3_momentum,10,1000,,0,0,0,,,,,0.0
fresh_venues_ge_3_momentum,10,1500,,0,0,0,,,,,0.0
fresh_venues_ge_3_momentum,10,2000,,0,0,0,,,,,0.0
fresh_venues_ge_3_momentum,10,3000,,0,0,0,,,,,0.0
fresh_venues_ge_3_momentum,10,4000,,0,0,0,,,,,0.0
fresh_venues_ge_3_momentum,10,5000,,0,0,0,,,,,0.0
fresh_venues_ge_3_momentum,10,7500,,0,0,0,,,,,0.0
fresh_venues_ge_3_momentum,10,10000,,0,0,0,,,,,0.0
fresh_venues_ge_3_momentum,25,500,,0,0,0,,,,,0.0
fresh_venues_ge_3_momentum,25,750,,0,0,0,,,,,0.0
fresh_venues_ge_3_momentum,25,1000,,0,0,0,,,,,0.0
fresh_venues_ge_3_momentum,25,1500,,0,0,0,,,,,0.0
fresh_venues_ge_3_momentum,25,2000,,0,0,0,,,,,0.0
fresh_venues_ge_3_momentum,25,3000,,0,0,0,,,,,0.0
fresh_venues_ge_3_momentum,25,4000,,0,0,0,,,,,0.0
fresh_venues_ge_3_momentum,25,5000,,0,0,0,,,,,0.0
fresh_venues_ge_3_momentum,25,7500,,0,0,0,,,,,0.0
fresh_venues_ge_3_momentum,25,10000,,0,0,0,,,,,0.0
fresh_venues_ge_3_momentum,50,500,,0,0,0,,,,,0.0
fresh_venues_ge_3_momentum,50,750,,0,0,0,,,,,0.0
fresh_venues_ge_3_momentum,50,1000,,0,0,0,,,,,0.0
fresh_venues_ge_3_momentum,50,1500,,0,0,0,,,,,0.0
fresh_venues_ge_3_momentum,50,2000,,0,0,0,,,,,0.0
fresh_venues_ge_3_momentum,50,3000,,0,0,0,,,,,0.0
fresh_venues_ge_3_momentum,50,4000,,0,0,0,,,,,0.0
fresh_venues_ge_3_momentum,50,5000,,0,0,0,,,,,0.0
fresh_venues_ge_3_momentum,50,7500,,0,0,0,,,,,0.0
fresh_venues_ge_3_momentum,50,10000,,0,0,0,,,,,0.0
fresh_venues_ge_3_momentum,100,500,,0,0,0,,,,,0.0
fresh_venues_ge_3_momentum,100,750,,0,0,0,,,,,0.0
fresh_venues_ge_3_momentum,100,1000,,0,0,0,,,,,0.0
fresh_venues_ge_3_momentum,100,1500,,0,0,0,,,,,0.0
fresh_venues_ge_3_momentum,100,2000,,0,0,0,,,,,0.0
fresh_venues_ge_3_momentum,100,3000,,0,0,0,,,,,0.0
fresh_venues_ge_3_momentum,100,4000,,0,0,0,,,,,0.0
fresh_venues_ge_3_momentum,100,5000,,0,0,0,,,,,0.0
fresh_venues_ge_3_momentum,100,7500,,0,0,0,,,,,0.0
fresh_venues_ge_3_momentum,100,10000,,0,0,0,,,,,0.0
fresh_venues_ge_3_momentum,250,500,,0,0,0,,,,,0.0
fresh_venues_ge_3_momentum,250,750,,0,0,0,,,,,0.0
fresh_venues_ge_3_momentum,250,1000,,0,0,0,,,,,0.0
fresh_venues_ge_3_momentum,250,1500,,0,0,0,,,,,0.0
fresh_venues_ge_3_momentum,250,2000,,0,0,0,,,,,0.0
fresh_venues_ge_3_momentum,250,3000,,0,0,0,,,,,0.0
fresh_venues_ge_3_momentum,250,4000,,0,0,0,,,,,0.0
fresh_venues_ge_3_momentum,250,5000,,0,0,0,,,,,0.0
fresh_venues_ge_3_momentum,250,7500,,0,0,0,,,,,0.0
fresh_venues_ge_3_momentum,250,10000,,0,0,0,,,,,0.0
fresh_venues_ge_3_reversal,5,500,,0,0,0,,,,,0.0
fresh_venues_ge_3_reversal,5,750,,0,0,0,,,,,0.0
fresh_venues_ge_3_reversal,5,1000,,0,0,0,,,,,0.0
fresh_venues_ge_3_reversal,5,1500,,0,0,0,,,,,0.0
fresh_venues_ge_3_reversal,5,2000,,0,0,0,,,,,0.0
fresh_venues_ge_3_reversal,5,3000,,0,0,0,,,,,0.0
fresh_venues_ge_3_reversal,5,4000,,0,0,0,,,,,0.0
fresh_venues_ge_3_reversal,5,5000,,0,0,0,,,,,0.0
fresh_venues_ge_3_reversal,5,7500,,0,0,0,,,,,0.0
fresh_venues_ge_3_reversal,5,10000,,0,0,0,,,,,0.0
fresh_venues_ge_3_reversal,10,500,,0,0,0,,,,,0.0
fresh_venues_ge_3_reversal,10,750,,0,0,0,,,,,0.0
fresh_venues_ge_3_reversal,10,1000,,0,0,0,,,,,0.0
fresh_venues_ge_3_reversal,10,1500,,0,0,0,,,,,0.0
fresh_venues_ge_3_reversal,10,2000,,0,0,0,,,,,0.0
fresh_venues_ge_3_reversal,10,3000,,0,0,0,,,,,0.0
fresh_venues_ge_3_reversal,10,4000,,0,0,0,,,,,0.0
fresh_venues_ge_3_reversal,10,5000,,0,0,0,,,,,0.0
fresh_venues_ge_3_reversal,10,7500,,0,0,0,,,,,0.0
fresh_venues_ge_3_reversal,10,10000,,0,0,0,,,,,0.0
fresh_venues_ge_3_reversal,25,500,,0,0,0,,,,,0.0
fresh_venues_ge_3_reversal,25,750,,0,0,0,,,,,0.0
fresh_venues_ge_3_reversal,25,1000,,0,0,0,,,,,0.0
fresh_venues_ge_3_reversal,25,1500,,0,0,0,,,,,0.0
fresh_venues_ge_3_reversal,25,2000,,0,0,0,,,,,0.0
fresh_venues_ge_3_reversal,25,3000,,0,0,0,,,,,0.0
fresh_venues_ge_3_reversal,25,4000,,0,0,0,,,,,0.0
fresh_venues_ge_3_reversal,25,5000,,0,0,0,,,,,0.0
fresh_venues_ge_3_reversal,25,7500,,0,0,0,,,,,0.0
fresh_venues_ge_3_reversal,25,10000,,0,0,0,,,,,0.0
fresh_venues_ge_3_reversal,50,500,,0,0,0,,,,,0.0
fresh_venues_ge_3_reversal,50,750,,0,0,0,,,,,0.0
fresh_venues_ge_3_reversal,50,1000,,0,0,0,,,,,0.0
fresh_venues_ge_3_reversal,50,1500,,0,0,0,,,,,0.0
fresh_venues_ge_3_reversal,50,2000,,0,0,0,,,,,0.0
fresh_venues_ge_3_reversal,50,3000,,0,0,0,,,,,0.0
fresh_venues_ge_3_reversal,50,4000,,0,0,0,,,,,0.0
fresh_venues_ge_3_reversal,50,5000,,0,0,0,,,,,0.0
fresh_venues_ge_3_reversal,50,7500,,0,0,0,,,,,0.0
fresh_venues_ge_3_reversal,50,10000,,0,0,0,,,,,0.0
fresh_venues_ge_3_reversal,100,500,,0,0,0,,,,,0.0
fresh_venues_ge_3_reversal,100,750,,0,0,0,,,,,0.0
fresh_venues_ge_3_reversal,100,1000,,0,0,0,,,,,0.0
fresh_venues_ge_3_reversal,100,1500,,0,0,0,,,,,0.0
fresh_venues_ge_3_reversal,100,2000,,0,0,0,,,,,0.0
fresh_venues_ge_3_reversal,100,3000,,0,0,0,,,,,0.0
fresh_venues_ge_3_reversal,100,4000,,0,0,0,,,,,0.0
fresh_venues_ge_3_reversal,100,5000,,0,0,0,,,,,0.0
fresh_venues_ge_3_reversal,100,7500,,0,0,0,,,,,0.0
fresh_venues_ge_3_reversal,100,10000,,0,0,0,,,,,0.0
fresh_venues_ge_3_reversal,250,500,,0,0,0,,,,,0.0
fresh_venues_ge_3_reversal,250,750,,0,0,0,,,,,0.0
fresh_venues_ge_3_reversal,250,1000,,0,0,0,,,,,0.0
fresh_venues_ge_3_reversal,250,1500,,0,0,0,,,,,0.0
fresh_venues_ge_3_reversal,250,2000,,0,0,0,,,,,0.0
fresh_venues_ge_3_reversal,250,3000,,0,0,0,,,,,0.0
fresh_venues_ge_3_reversal,250,4000,,0,0,0,,,,,0.0
fresh_venues_ge_3_reversal,250,5000,,0,0,0,,,,,0.0
fresh_venues_ge_3_reversal,250,7500,,0,0,0,,,,,0.0
fresh_venues_ge_3_reversal,250,10000,,0,0,0,,,,,0.0
low_dispersion_momentum,5,500,-3.8959999999999972,342,80,76,-0.011391812865497068,-0.048699999999999966,-0.05126315789473681,0.25,4.225199999999997
low_dispersion_momentum,5,750,-4.415835999999999,342,80,76,-0.012911801169590639,-0.05519794999999998,-0.05810310526315788,0.27631578947368424,4.441985999999999
low_dispersion_momentum,5,1000,-3.5610859999999995,342,80,76,-0.010412532163742688,-0.04451357499999999,-0.0468563947368421,0.2631578947368421,3.6515499999999967
low_dispersion_momentum,5,1500,1.1884999999999957,342,80,76,0.0034751461988303967,0.014856249999999946,0.015638157894736784,0.35526315789473684,3.416600000000002
low_dispersion_momentum,5,2000,2.0537999999999954,342,79,75,0.006005263157894724,0.02599746835443032,0.02738399999999994,0.32,1.8742500000000029
low_dispersion_momentum,5,3000,-1.7293399999999979,342,75,71,-0.005056549707602333,-0.02305786666666664,-0.024356901408450673,0.36619718309859156,2.2633399999999986
low_dispersion_momentum,5,4000,0.6106000000000006,342,73,69,0.001785380116959066,0.008364383561643844,0.008849275362318849,0.4057971014492754,1.8742
low_dispersion_momentum,5,5000,1.314650000000005,342,68,64,0.003844005847953231,0.019333088235294192,0.020541406250000078,0.4375,2.1538999999999984
low_dispersion_momentum,5,7500,8.141499999999999,342,64,60,0.023805555555555552,0.12721093749999998,0.13569166666666665,0.5833333333333334,1.9598499999999994
low_dispersion_momentum,5,10000,4.442350000000003,342,62,58,0.012989327485380125,0.07165080645161295,0.0765922413793104,0.6206896551724138,1.8198499999999962
low_dispersion_momentum,10,500,-3.71465,342,80,74,-0.010861549707602338,-0.046433125,-0.05019797297297297,0.24324324324324326,4.04385
low_dispersion_momentum,10,750,-4.228336,342,80,74,-0.012363555555555555,-0.0528542,-0.05713967567567567,0.28378378378378377,4.254486
low_dispersion_momentum,10,1000,-3.3735860000000004,342,80,74,-0.009864286549707604,-0.04216982500000001,-0.045589000000000005,0.2702702702702703,3.4640499999999976
low_dispersion_momentum,10,1500,1.2203499999999934,342,80,74,0.00356827485380115,0.015254374999999917,0.016491216216216128,0.33783783783783783,3.459350000000003
low_dispersion_momentum,10,2000,2.390599999999994,342,79,73,0.006990058479532146,0.030260759493670807,0.03274794520547937,0.3287671232876712,1.8112500000000027
low_dispersion_momentum,10,3000,-1.7946899999999992,342,75,69,-0.005247631578947366,-0.02392919999999999,-0.026009999999999988,0.36231884057971014,2.3388400000000003
low_dispersion_momentum,10,4000,0.1418999999999989,342,73,67,0.00041491228070175115,0.001943835616438341,0.0021179104477611773,0.40298507462686567,1.8742
low_dispersion_momentum,10,5000,0.939750000000004,342,68,62,0.0027478070175438714,0.01381985294117653,0.015157258064516193,0.41935483870967744,2.153899999999998
low_dispersion_momentum,10,7500,7.833199999999997,342,65,59,0.022904093567251455,0.12051076923076919,0.1327661016949152,0.576271186440678,1.9598500000000003
low_dispersion_momentum,10,10000,4.134050000000002,342,63,57,0.01208786549707603,0.0656198412698413,0.07252719298245618,0.6140350877192983,1.8198499999999962
low_dispersion_momentum,25,500,-5.0604499999999994,342,80,69,-0.014796637426900584,-0.063255625,-0.07333985507246377,0.18840579710144928,5.0866
low_dispersion_momentum,25,750,-5.407136,342,80,69,-0.01581033918128655,-0.0675892,-0.07836428985507247,0.2463768115942029,5.433286000000001
low_dispersion_momentum,25,1000,-4.754736,342,80,69,-0.013902736842105265,-0.059434200000000006,-0.06890921739130436,0.2318840579710145,4.754736
low_dispersion_momentum,25,1500,-1.037700000000004,342,80,69,-0.0030342105263158016,-0.01297125000000005,-0.015039130434782668,0.30434782608695654,3.9678500000000017
low_dispersion_momentum,25,2000,0.6436999999999936,342,79,68,0.0018821637426900397,0.008148101265822704,0.009466176470588141,0.3088235294117647,2.171200000000004
low_dispersion_momentum,25,3000,-0.8883499999999992,342,75,64,-0.0025975146198830385,-0.011844666666666656,-0.013880468749999987,0.359375,1.5055000000000018
low_dispersion_momentum,25,4000,-0.18110000000000084,342,75,64,-0.0005295321637426926,-0.002414666666666678,-0.002829687500000013,0.390625,1.7947
low_dispersion_momentum,25,5000,0.1917500000000055,342,70,59,0.0005606725146198991,0.002739285714285793,0.003250000000000093,0.4067796610169492,2.022599999999998
low_dispersion_momentum,25,7500,6.873699999999999,342,67,56,0.020098538011695904,0.10259253731343282,0.12274464285714283,0.5714285714285714,1.8803500000000009
low_dispersion_momentum,25,10000,3.174550000000001,342,65,54,0.00928230994152047,0.04883923076923078,0.05878796296296298,0.6111111111111112,1.7403499999999967
low_dispersion_momentum,50,500,-5.4369499999999995,342,80,64,-0.01589751461988304,-0.06796187499999999,-0.08495234374999999,0.140625,5.4369499999999995
low_dispersion_momentum,50,750,-6.069035999999998,342,80,64,-0.01774571929824561,-0.07586294999999997,-0.09482868749999997,0.1875,6.069035999999998
low_dispersion_momentum,50,1000,-5.372185999999999,342,80,64,-0.015708146198830406,-0.06715232499999998,-0.08394040624999999,0.1875,5.372185999999999
low_dispersion_momentum,50,1500,-1.8133000000000021,342,80,64,-0.005302046783625738,-0.022666250000000027,-0.028332812500000033,0.265625,3.2038500000000005
low_dispersion_momentum,50,2000,-0.1385000000000041,342,79,63,-0.0004049707602339301,-0.0017531645569620771,-0.0021984126984127632,0.25396825396825395,1.4550500000000017
low_dispersion_momentum,50,3000,-1.0023499999999983,342,76,60,-0.0029308479532163694,-0.013188815789473661,-0.016705833333333305,0.31666666666666665,1.5737999999999996
low_dispersion_momentum,50,4000,-0.23750000000000085,342,76,60,-0.000694444444444447,-0.003125000000000011,-0.0039583333333333475,0.35,1.896850000000001
low_dispersion_momentum,50,5000,-0.26544999999999364,342,71,55,-0.0007761695906432563,-0.0037387323943661077,-0.00482636363636352,0.36363636363636365,2.373549999999998
low_dispersion_momentum,50,7500,3.1689000000000007,342,68,52,0.009265789473684213,0.04660147058823531,0.06094038461538463,0.5384615384615384,1.9598500000000012
low_dispersion_momentum,50,10000,3.4402000000000026,342,68,52,0.010059064327485387,0.05059117647058827,0.06615769230769236,0.5961538461538461,1.8198499999999962
low_dispersion_momentum,100,500,-3.1723999999999974,342,80,52,-0.009276023391812858,-0.03965499999999997,-0.061007692307692256,0.1346153846153846,3.644799999999997
low_dispersion_momentum,100,750,-4.026985999999998,342,80,52,-0.01177481286549707,-0.050337324999999974,-0.07744203846153842,0.17307692307692307,4.420385999999996
low_dispersion_momentum,100,1000,-3.580885999999998,342,80,52,-0.010470426900584789,-0.04476107499999997,-0.06886319230769226,0.17307692307692307,4.321285999999996
low_dispersion_momentum,100,1500,-1.3771500000000025,342,80,52,-0.004026754385964919,-0.01721437500000003,-0.026483653846153896,0.23076923076923078,2.826400000000002
low_dispersion_momentum,100,2000,0.36389999999999556,342,79,51,0.0010640350877192852,0.0046063291139239945,0.0071352941176469715,0.2549019607843137,1.2241500000000023
low_dispersion_momentum,100,3000,0.07025000000000049,342,76,48,0.00020540935672514764,0.0009243421052631644,0.001463541666666677,0.3333333333333333,1.1918999999999982
low_dispersion_momentum,100,4000,1.0594000000000006,342,76,48,0.003097660818713452,0.013939473684210535,0.022070833333333345,0.3333333333333333,1.0573500000000016
low_dispersion_momentum,100,5000,0.7124000000000059,342,73,45,0.002083040935672532,0.009758904109589121,0.015831111111111244,0.35555555555555557,0.9844999999999984
low_dispersion_momentum,100,7500,3.049500000000001,342,72,44,0.00891666666666667,0.04235416666666668,0.0693068181818182,0.5454545454545454,0.8967500000000026
low_dispersion_momentum,100,10000,3.5473000000000003,342,72,44,0.010372222222222224,0.04926805555555556,0.08062045454545455,0.5681818181818182,1.2091000000000043
low_dispersion_momentum,250,500,-3.4597000000000007,342,80,47,-0.010116081871345032,-0.04324625000000001,-0.07361063829787236,0.0425531914893617,3.9321
low_dispersion_momentum,250,750,-4.934836000000001,342,80,47,-0.014429345029239768,-0.06168545000000001,-0.10499651063829789,0.0851063829787234,5.328235999999999
low_dispersion_momentum,250,1000,-2.8553000000000006,342,80,47,-0.008348830409356727,-0.03569125000000001,-0.06075106382978725,0.10638297872340426,3.595699999999999
low_dispersion_momentum,250,1500,-2.1890000000000045,342,80,47,-0.0064005847953216505,-0.027362500000000057,-0.04657446808510648,0.1702127659574468,2.9294000000000033
low_dispersion_momentum,250,2000,-0.7124000000000086,342,79,46,-0.00208304093567254,-0.00901772151898745,-0.015486956521739316,0.21739130434782608,1.3175000000000017
low_dispersion_momentum,250,3000,-0.8204500000000028,342,77,44,-0.0023989766081871427,-0.010655194805194841,-0.018646590909090974,0.2727272727272727,1.8978499999999978
low_dispersion_momentum,250,4000,-0.538150000000003,342,77,44,-0.0015735380116959153,-0.006988961038961078,-0.012230681818181887,0.2727272727272727,1.7752999999999992
low_dispersion_momentum,250,5000,-0.9645999999999982,342,73,40,-0.002820467836257305,-0.013213698630136963,-0.024114999999999956,0.275,2.1760999999999977
low_dispersion_momentum,250,7500,1.317449999999996,342,73,40,0.0038521929824561285,0.01804726027397255,0.0329362499999999,0.5,1.1953500000000012
low_dispersion_momentum,250,10000,2.0813999999999964,342,73,40,0.006085964912280691,0.028512328767123236,0.05203499999999991,0.525,1.2091000000000043
low_dispersion_reversal,5,500,-22.34086,342,76,76,-0.06532415204678363,-0.2939586842105263,-0.2939586842105263,0.02631578947368421,22.34086
low_dispersion_reversal,5,750,-24.500527500000004,342,76,76,-0.07163896929824562,-0.3223753618421053,-0.3223753618421053,0.013157894736842105,24.500527500000004
low_dispersion_reversal,5,1000,-24.488817000000004,342,76,76,-0.07160472807017546,-0.3222212763157895,-0.3222212763157895,0.013157894736842105,24.488817000000004
low_dispersion_reversal,5,1500,-26.663899999999998,342,76,76,-0.07796461988304093,-0.3508407894736842,-0.3508407894736842,0.039473684210526314,26.663899999999998
low_dispersion_reversal,5,2000,-26.614749999999994,342,75,75,-0.07782090643274851,-0.35486333333333325,-0.35486333333333325,0.013333333333333334,26.614749999999994
low_dispersion_reversal,5,3000,-22.884199999999996,342,70,70,-0.06691286549707601,-0.3269171428571428,-0.3269171428571428,0.014285714285714285,22.884199999999996
low_dispersion_reversal,5,4000,-22.136750000000006,342,68,68,-0.06472733918128656,-0.3255404411764707,-0.3255404411764707,0.014705882352941176,22.136750000000006
low_dispersion_reversal,5,5000,-21.832749999999994,342,63,63,-0.06383845029239764,-0.3465515873015872,-0.3465515873015872,0.015873015873015872,21.832749999999994
low_dispersion_reversal,5,7500,-27.478400000000008,342,58,58,-0.08034619883040937,-0.47376551724137944,-0.47376551724137944,0.08620689655172414,27.478400000000008
low_dispersion_reversal,5,10000,-20.606649999999995,342,55,55,-0.0602533625730994,-0.3746663636363635,-0.3746663636363635,0.07272727272727272,20.606649999999995
low_dispersion_reversal,10,500,-22.051209999999998,342,76,75,-0.06447722222222221,-0.29014749999999995,-0.2940161333333333,0.02666666666666667,22.051209999999998
low_dispersion_reversal,10,750,-24.210877500000002,342,76,75,-0.07079203947368422,-0.31856417763157896,-0.32281170000000003,0.013333333333333334,24.210877500000002
low_dispersion_reversal,10,1000,-24.199167000000003,342,76,75,-0.07075779824561404,-0.3184100921052632,-0.32265556000000006,0.013333333333333334,24.199167000000003
low_dispersion_reversal,10,1500,-26.374250000000004,342,76,75,-0.07711769005847954,-0.34702960526315796,-0.35165666666666673,0.04,26.374250000000004
low_dispersion_reversal,10,2000,-26.23155,342,75,74,-0.07670043859649123,-0.34975399999999995,-0.3544804054054054,0.013513513513513514,26.23155
low_dispersion_reversal,10,3000,-22.554949999999995,342,70,69,-0.0659501461988304,-0.3222135714285714,-0.32688333333333325,0.014492753623188406,22.554949999999995
low_dispersion_reversal,10,4000,-21.760900000000007,342,68,67,-0.06362836257309944,-0.32001323529411774,-0.32478955223880607,0.014925373134328358,21.760900000000007
low_dispersion_reversal,10,5000,-21.4569,342,63,62,-0.06273947368421053,-0.3405857142857143,-0.3460790322580645,0.016129032258064516,21.4569
low_dispersion_reversal,10,7500,-27.152150000000006,342,58,57,-0.07939225146198832,-0.4681405172413794,-0.47635350877192995,0.08771929824561403,27.152150000000006
low_dispersion_reversal,10,10000,-20.280399999999997,342,55,54,-0.05929941520467835,-0.36873454545454537,-0.3755629629629629,0.07407407407407407,20.280399999999997
low_dispersion_reversal,25,500,-19.8284795,342,76,74,-0.05797801023391813,-0.2609010460526316,-0.2679524256756757,0.02702702702702703,19.8284795
low_dispersion_reversal,25,750,-22.57833550000001,342,76,74,-0.06601852485380119,-0.2970833618421054,-0.305112641891892,0.013513513513513514,22.57833550000001
low_dispersion_reversal,25,1000,-22.6421845,342,76,74,-0.06620521783625731,-0.2979234802631579,-0.3059754662162162,0.013513513513513514,22.6421845
low_dispersion_reversal,25,1500,-24.817267500000007,342,76,74,-0.07256510964912283,-0.3265429934210527,-0.33536847972972983,0.04054054054054054,24.817267500000007
low_dispersion_reversal,25,2000,-24.702184000000003,342,75,73,-0.07222860818713452,-0.32936245333333336,-0.33838608219178085,0.0136986301369863,24.702184000000003
low_dispersion_reversal,25,3000,-21.5777,342,70,68,-0.06309269005847953,-0.30825285714285716,-0.31731911764705883,0.014705882352941176,21.5777
low_dispersion_reversal,25,4000,-20.881950000000003,342,68,66,-0.061058333333333346,-0.30708750000000007,-0.3163931818181819,0.015151515151515152,20.881950000000003
low_dispersion_reversal,25,5000,-20.62595,342,63,61,-0.060309795321637424,-0.3273960317460317,-0.33813032786885244,0.01639344262295082,20.62595
low_dispersion_reversal,25,7500,-25.941250000000004,342,58,56,-0.07585160818713452,-0.44726293103448284,-0.4632366071428572,0.08928571428571429,25.941250000000004
low_dispersion_reversal,25,10000,-19.164149999999996,342,55,53,-0.05603552631578946,-0.3484390909090908,-0.3615877358490565,0.07547169811320754,19.164149999999996
low_dispersion_reversal,50,500,-19.5439,342,76,74,-0.05714590643274854,-0.25715657894736843,-0.26410675675675677,0.02702702702702703,19.5439
low_dispersion_reversal,50,750,-22.487527500000006,342,76,74,-0.06575300438596493,-0.29588851973684216,-0.30388550675675685,0.013513513513513514,22.487527500000006
low_dispersion_reversal,50,1000,-22.523817000000008,342,76,74,-0.06585911403508775,-0.29636601315789485,-0.3043759054054055,0.013513513513513514,22.523817000000008
low_dispersion_reversal,50,1500,-24.698900000000002,342,76,74,-0.07221900584795322,-0.3249855263157895,-0.33376891891891897,0.04054054054054054,24.763800000000003
low_dispersion_reversal,50,2000,-24.5562,342,75,73,-0.07180175438596491,-0.327416,-0.33638630136986303,0.0136986301369863,24.5562
low_dispersion_reversal,50,3000,-21.27935,342,70,68,-0.062220321637426905,-0.3039907142857143,-0.31293161764705885,0.014705882352941176,21.27935
low_dispersion_reversal,50,4000,-20.633850000000002,342,68,66,-0.06033289473684211,-0.3034389705882353,-0.31263409090909094,0.015151515151515152,20.633850000000002
low_dispersion_reversal,50,5000,-20.37785,342,63,61,-0.0595843567251462,-0.32345793650793647,-0.33406311475409833,0.01639344262295082,20.37785
low_dispersion_reversal,50,7500,-25.693150000000003,342,58,56,-0.07512616959064328,-0.4429853448275863,-0.45880625,0.08928571428571429,25.693150000000003
low_dispersion_reversal,50,10000,-19.011449999999996,342,55,53,-0.055589035087719285,-0.34566272727272723,-0.3587066037735848,0.07547169811320754,19.011449999999996
low_dispersion_reversal,100,500,-18.051149999999996,342,76,73,-0.05278114035087718,-0.23751513157894732,-0.24727602739726023,0.0273972602739726,18.051149999999996
low_dispersion_reversal,100,750,-20.9008775,342,76,73,-0.06111367690058479,-0.27501154605263156,-0.2863133904109589,0.0410958904109589,20.9008775
low_dispersion_reversal,100,1000,-20.937167000000002,342,76,73,-0.06121978654970761,-0.27548903947368425,-0.2868105068493151,0.0136986301369863,20.937167000000002
low_dispersion_reversal,100,1500,-23.01845000000001,342,76,73,-0.06730540935672517,-0.30287434210526326,-0.31532123287671243,0.0410958904109589,23.28925000000001
low_dispersion_reversal,100,2000,-22.9693,342,75,72,-0.06716169590643276,-0.3062573333333333,-0.31901805555555557,0.013888888888888888,22.9693
low_dispersion_reversal,100,3000,-19.651850000000003,342,70,67,-0.057461549707602345,-0.28074071428571434,-0.2933111940298508,0.014925373134328358,19.651850000000003
low_dispersion_reversal,100,4000,-19.009950000000003,342,68,65,-0.05558464912280703,-0.27955808823529416,-0.2924607692307693,0.015384615384615385,19.009950000000003
low_dispersion_reversal,100,5000,-18.660750000000004,342,63,60,-0.05456359649122808,-0.296202380952381,-0.3110125000000001,0.016666666666666666,18.660750000000004
low_dispersion_reversal,100,7500,-24.16435000000001,342,58,55,-0.0706559941520468,-0.4166267241379312,-0.43935181818181834,0.09090909090909091,24.16435000000001
low_dispersion_reversal,100,10000,-17.482649999999992,342,55,52,-0.051118859649122786,-0.3178663636363635,-0.33620480769230754,0.07692307692307693,17.482649999999992
low_dispersion_reversal,250,500,-15.927313199999999,342,76,72,-0.04657109122807017,-0.20956991052631577,-0.22121268333333333,0.027777777777777776,15.927313199999999
low_dispersion_reversal,250,750,-18.1891447,342,76,72,-0.053184633625731,-0.23933085131578946,-0.25262700972222224,0.041666666666666664,18.1891447
low_dispersion_reversal,250,1000,-18.3219314,342,76,72,-0.05357289883040936,-0.2410780447368421,-0.2544712694444444,0.013888888888888888,18.3219314
low_dispersion_reversal,250,1500,-20.451980800000005,342,76,72,-0.05980111345029241,-0.26910501052631586,-0.284055288888889,0.041666666666666664,20.451980800000005
low_dispersion_reversal,250,2000,-20.45169,342,75,71,-0.05980026315789473,-0.27268919999999996,-0.2880519718309859,0.056338028169014086,20.45169
low_dispersion_reversal,250,3000,-16.9979456,342,70,66,-0.04970159532163743,-0.2428277942857143,-0.2575446303030303,0.030303030303030304,16.9979456
low_dispersion_reversal,250,4000,-17.148995600000003,342,68,64,-0.0501432619883041,-0.25219111176470593,-0.26795305625000004,0.015625,17.148995600000003
low_dispersion_reversal,250,5000,-16.998283600000004,342,63,59,-0.049702583625731,-0.2698140253968255,-0.2881065016949153,0.01694915254237288,16.998283600000004
low_dispersion_reversal,250,7500,-23.26800160000001,342,58,54,-0.06803509239766084,-0.4011724413793105,-0.4308889185185187,0.09259259259259259,23.26800160000001
low_dispersion_reversal,250,10000,-17.499978399999996,342,55,51,-0.051169527485380104,-0.31818142545454536,-0.34313683137254897,0.0784313725490196,17.499978399999996
high_dispersion_momentum,5,500,-15.536570399999999,422,96,90,-0.03681651753554502,-0.16183927499999998,-0.17262856,0.13333333333333333,15.536570399999999
high_dispersion_momentum,5,750,-13.929750000000002,422,96,90,-0.03300888625592418,-0.14510156250000003,-0.15477500000000002,0.15555555555555556,13.929750000000002
high_dispersion_momentum,5,1000,-13.167749999999998,422,96,90,-0.0312031990521327,-0.1371640625,-0.14630833333333332,0.16666666666666666,13.167749999999998
high_dispersion_momentum,5,1500,-14.659799999999997,422,94,88,-0.0347388625592417,-0.15595531914893615,-0.16658863636363633,0.13636363636363635,14.659799999999997
high_dispersion_momentum,5,2000,-14.550999999999995,422,90,84,-0.034481042654028425,-0.16167777777777773,-0.17322619047619042,0.11904761904761904,14.550999999999995
high_dispersion_momentum,5,3000,-19.877699999999997,422,88,82,-0.04710355450236966,-0.2258829545454545,-0.24241097560975605,0.14634146341463414,19.877699999999997
high_dispersion_momentum,5,4000,-17.623199999999997,422,86,80,-0.04176113744075829,-0.2049209302325581,-0.22028999999999996,0.1875,17.623199999999997
high_dispersion_momentum,5,5000,-16.288249999999994,422,86,80,-0.03859774881516587,-0.18939825581395342,-0.20360312499999994,0.1625,16.288249999999994
high_dispersion_momentum,5,7500,-12.41725,422,79,73,-0.029424763033175354,-0.15718037974683544,-0.17009931506849313,0.2191780821917808,12.41725
high_dispersion_momentum,5,10000,-12.643699999999995,422,77,71,-0.029961374407582928,-0.16420389610389605,-0.17808028169014078,0.23943661971830985,12.643699999999995
high_dispersion_momentum,10,500,-13.383700000000001,422,96,86,-0.03171492890995261,-0.13941354166666667,-0.15562441860465118,0.13953488372093023,13.383700000000001
high_dispersion_momentum,10,750,-13.0211,422,96,86,-0.03085568720379147,-0.13563645833333335,-0.15140813953488372,0.13953488372093023,13.0211
high_dispersion_momentum,10,1000,-12.060199999999998,422,96,86,-0.028578672985781987,-0.1256270833333333,-0.1402348837209302,0.1511627906976744,12.060199999999998
high_dispersion_momentum,10,1500,-12.940949999999997,422,94,84,-0.030665758293838857,-0.1376696808510638,-0.15405892857142853,0.13095238095238096,12.940949999999997
high_dispersion_momentum,10,2000,-12.733999999999998,422,91,81,-0.030175355450236963,-0.1399340659340659,-0.15720987654320986,0.12345679012345678,12.733999999999998
high_dispersion_momentum,10,3000,-19.127149999999997,422,90,80,-0.04532499999999999,-0.21252388888888885,-0.23908937499999997,0.15,19.127149999999997
high_dispersion_momentum,10,4000,-16.077399999999997,422,88,78,-0.03809810426540284,-0.18269772727272723,-0.20612051282051277,0.19230769230769232,16.077399999999997
high_dispersion_momentum,10,5000,-14.989799999999992,422,88,78,-0.0355208530805687,-0.17033863636363628,-0.19217692307692297,0.16666666666666666,14.989799999999992
high_dispersion_momentum,10,7500,-11.367249999999999,422,81,71,-0.02693661137440758,-0.1403364197530864,-0.1601021126760563,0.22535211267605634,11.367249999999999
high_dispersion_momentum,10,10000,-12.346349999999997,422,79,69,-0.029256753554502364,-0.15628291139240502,-0.17893260869565214,0.2318840579710145,12.346349999999997
high_dispersion_momentum,25,500,-14.845100000000002,422,96,82,-0.03517796208530806,-0.15463645833333337,-0.1810378048780488,0.08536585365853659,14.845100000000002
high_dispersion_momentum,25,750,-14.219450000000002,422,96,82,-0.03369537914691943,-0.14811927083333334,-0.1734079268292683,0.10975609756097561,14.219450000000002
high_dispersion_momentum,25,1000,-13.557949999999998,422,96,82,-0.03212784360189573,-0.1412286458333333,-0.16534085365853657,0.12195121951219512,13.557949999999998
high_dispersion_momentum,25,1500,-13.46455,422,96,82,-0.03190651658767772,-0.14025572916666665,-0.16420182926829266,0.13414634146341464,13.46455
high_dispersion_momentum,25,2000,-13.139449999999997,422,96,82,-0.031136137440758285,-0.1368692708333333,-0.16023719512195117,0.14634146341463414,13.139449999999997
high_dispersion_momentum,25,3000,-18.885849999999994,422,95,81,-0.04475319905213269,-0.1987984210526315,-0.23315864197530858,0.1728395061728395,18.885849999999994
high_dispersion_momentum,25,4000,-16.829949999999997,422,93,79,-0.03988139810426539,-0.18096720430107524,-0.21303734177215186,0.17721518987341772,16.829949999999997
high_dispersion_momentum,25,5000,-15.345949999999995,422,93,79,-0.03636481042654027,-0.1650102150537634,-0.19425253164556955,0.17721518987341772,15.345949999999995
high_dispersion_momentum,25,7500,-11.673850000000002,422,86,72,-0.027663151658767777,-0.13574244186046514,-0.16213680555555557,0.2361111111111111,11.673850000000002
high_dispersion_momentum,25,10000,-12.503649999999997,422,84,70,-0.02962950236966824,-0.14885297619047616,-0.17862357142857138,0.22857142857142856,12.503649999999997
high_dispersion_momentum,50,500,-14.97655,422,98,76,-0.03548945497630332,-0.1528219387755102,-0.19705986842105264,0.06578947368421052,14.97655
high_dispersion_momentum,50,750,-14.4509,422,98,76,-0.034243838862559245,-0.14745816326530614,-0.1901434210526316,0.06578947368421052,14.4509
high_dispersion_momentum,50,1000,-13.789399999999997,422,98,76,-0.032676303317535536,-0.14070816326530608,-0.18143947368421048,0.07894736842105263,13.789399999999997
high_dispersion_momentum,50,1500,-13.12565,422,98,76,-0.031103436018957348,-0.13393520408163265,-0.17270592105263158,0.13157894736842105,13.12565
high_dispersion_momentum,50,2000,-12.395499999999998,422,98,76,-0.029373222748815164,-0.126484693877551,-0.16309868421052628,0.14473684210526316,12.395499999999998
high_dispersion_momentum,50,3000,-18.1195,422,97,75,-0.04293720379146919,-0.18679896907216492,-0.24159333333333333,0.16,18.1195
high_dispersion_momentum,50,4000,-16.210649999999998,422,95,73,-0.0384138625592417,-0.17063842105263155,-0.22206369863013695,0.1917808219178082,16.210649999999998
high_dispersion_momentum,50,5000,-15.016799999999996,422,95,73,-0.03558483412322274,-0.1580715789473684,-0.20570958904109585,0.1780821917808219,15.016799999999996
high_dispersion_momentum,50,7500,-11.555299999999999,422,88,66,-0.027382227488151657,-0.13131022727272726,-0.175080303030303,0.18181818181818182,11.555299999999999
high_dispersion_momentum,50,10000,-12.793400000000002,422,86,64,-0.030316113744075834,-0.14876046511627908,-0.19989687500000003,0.203125,12.793400000000002
high_dispersion_momentum,100,500,-12.805700000000002,422,103,70,-0.030345260663507113,-0.12432718446601944,-0.18293857142857145,0.05714285714285714,12.805700000000002
high_dispersion_momentum,100,750,-12.664649999999998,422,103,70,-0.030011018957345967,-0.12295776699029125,-0.1809235714285714,0.05714285714285714,12.664649999999998
high_dispersion_momentum,100,1000,-12.154499999999995,422,103,70,-0.02880213270142179,-0.11800485436893199,-0.17363571428571423,0.07142857142857142,12.154499999999995
high_dispersion_momentum,100,1500,-11.343400000000003,422,103,70,-0.026880094786729865,-0.11013009708737867,-0.16204857142857146,0.12857142857142856,11.343400000000003
high_dispersion_momentum,100,2000,-10.42185,422,103,70,-0.024696327014218006,-0.10118300970873785,-0.14888357142857142,0.17142857142857143,10.42185
high_dispersion_momentum,100,3000,-14.997850000000003,422,102,69,-0.03553992890995261,-0.14703774509803924,-0.21736014492753628,0.2028985507246377,14.997850000000003
high_dispersion_momentum,100,4000,-12.886800000000003,422,100,67,-0.030537440758293847,-0.12886800000000004,-0.19234029850746273,0.19402985074626866,12.886800000000003
high_dispersion_momentum,100,5000,-12.6258,422,100,67,-0.029918957345971563,-0.126258,-0.188444776119403,0.19402985074626866,12.6258
high_dispersion_momentum,100,7500,-10.7565,422,93,60,-0.025489336492890997,-0.11566129032258066,-0.17927500000000002,0.21666666666666667,10.7565
high_dispersion_momentum,100,10000,-10.0701,422,92,59,-0.023862796208530806,-0.10945760869565217,-0.17067966101694915,0.2033898305084746,10.0701
high_dispersion_momentum,250,500,-12.795049999999998,422,99,65,-0.03032002369668246,-0.12924292929292927,-0.19684692307692306,0.015384615384615385,12.795049999999998
high_dispersion_momentum,250,750,-12.765199999999998,422,99,65,-0.030249289099526063,-0.12894141414141413,-0.1963876923076923,0.015384615384615385,12.765199999999998
high_dispersion_momentum,250,1000,-12.05905,422,99,65,-0.028575947867298578,-0.12180858585858585,-0.18552384615384615,0.03076923076923077,12.05905
high_dispersion_momentum,250,1500,-11.1398,422,99,65,-0.026397630331753554,-0.11252323232323232,-0.17138153846153845,0.09230769230769231,11.1398
high_dispersion_momentum,250,2000,-9.968,422,99,65,-0.02362085308056872,-0.10068686868686869,-0.15335384615384615,0.1076923076923077,9.968
high_dispersion_momentum,250,3000,-15.19175,422,98,64,-0.03599940758293839,-0.15501785714285715,-0.23737109375,0.140625,15.19175
high_dispersion_momentum,250,4000,-13.22685,422,96,62,-0.03134324644549763,-0.1377796875,-0.21333629032258067,0.16129032258064516,13.22685
high_dispersion_momentum,250,5000,-12.915749999999997,422,96,62,-0.03060604265402843,-0.13453906249999997,-0.20831854838709674,0.14516129032258066,12.915749999999997
high_dispersion_momentum,250,7500,-10.648900000000001,422,89,55,-0.025234360189573462,-0.11965056179775282,-0.19361636363636367,0.14545454545454545,10.648900000000001
high_dispersion_momentum,250,10000,-10.469100000000005,422,88,54,-0.02480829383886257,-0.1189670454545455,-0.1938722222222223,0.16666666666666666,10.469100000000005
high_dispersion_reversal,5,500,-29.345180000000003,422,92,92,-0.06953834123222749,-0.318969347826087,-0.318969347826087,0.021739130434782608,29.818680000000004
high_dispersion_reversal,5,750,-28.741149999999998,422,92,92,-0.068106990521327,-0.31240380434782605,-0.31240380434782605,0.03260869565217391,29.407649999999997
high_dispersion_reversal,5,1000,-29.1272,422,92,92,-0.06902180094786729,-0.3166,-0.3166,0.03260869565217391,29.6007
high_dispersion_reversal,5,1500,-25.842650000000003,422,89,89,-0.06123850710900475,-0.2903668539325843,-0.2903668539325843,0.0449438202247191,26.219850000000005
high_dispersion_reversal,5,2000,-24.170799999999996,422,84,84,-0.057276777251184824,-0.28774761904761903,-0.28774761904761903,0.05952380952380952,24.644299999999998
high_dispersion_reversal,5,3000,-19.1333,422,82,82,-0.045339573459715635,-0.23333292682926826,-0.23333292682926826,0.06097560975609756,19.4144
high_dispersion_reversal,5,4000,-18.266550000000006,422,80,80,-0.043285663507109017,-0.22833187500000007,-0.22833187500000007,0.1125,18.643750000000008
high_dispersion_reversal,5,5000,-21.6515248,422,80,80,-0.051306930805687205,-0.27064406,-0.27064406,0.075,22.076774800000003
high_dispersion_reversal,5,7500,-21.433049999999998,422,73,73,-0.050789218009478665,-0.2936034246575342,-0.2936034246575342,0.1506849315068493,22.1312
high_dispersion_reversal,5,10000,-22.42404999999999,422,71,71,-0.053137559241706135,-0.31583169014084495,-0.31583169014084495,0.1267605633802817,23.193099999999994
high_dispersion_reversal,10,500,-28.849729999999997,422,92,92,-0.06836428909952606,-0.3135840217391304,-0.3135840217391304,0.021739130434782608,29.32323
high_dispersion_reversal,10,750,-28.245699999999992,422,92,92,-0.06693293838862557,-0.3070184782608695,-0.3070184782608695,0.03260869565217391,28.91219999999999
high_dispersion_reversal,10,1000,-28.631749999999997,422,92,92,-0.06784774881516586,-0.3112146739130434,-0.3112146739130434,0.03260869565217391,29.105249999999998
high_dispersion_reversal,10,1500,-25.39555,422,89,89,-0.06017902843601896,-0.2853432584269663,-0.2853432584269663,0.056179775280898875,25.772750000000002
high_dispersion_reversal,10,2000,-23.723699999999997,422,84,84,-0.05621729857819904,-0.282425,-0.282425,0.07142857142857142,24.1972
high_dispersion_reversal,10,3000,-18.686200000000003,422,82,82,-0.04428009478672987,-0.22788048780487807,-0.22788048780487807,0.06097560975609756,18.967300000000005
high_dispersion_reversal,10,4000,-17.819450000000007,422,80,80,-0.042226184834123236,-0.2227431250000001,-0.2227431250000001,0.1125,18.19665000000001
high_dispersion_reversal,10,5000,-21.2044248,422,80,80,-0.050247452132701424,-0.26505531000000004,-0.26505531000000004,0.075,21.629674800000004
high_dispersion_reversal,10,7500,-20.985949999999995,422,73,73,-0.04972973933649288,-0.2874787671232876,-0.2874787671232876,0.1506849315068493,21.684099999999997
high_dispersion_reversal,10,10000,-21.976949999999988,422,71,71,-0.05207808056872035,-0.3095345070422533,-0.3095345070422533,0.1267605633802817,22.74599999999999
high_dispersion_reversal,25,500,-27.882429999999996,422,92,92,-0.06607210900473932,-0.3030698913043478,-0.3030698913043478,0.021739130434782608,28.355929999999997
high_dispersion_reversal,25,750,-27.27839999999999,422,92,92,-0.06464075829383883,-0.29650434782608687,-0.29650434782608687,0.03260869565217391,27.94489999999999
high_dispersion_reversal,25,1000,-27.664449999999995,422,92,92,-0.06555556872037914,-0.3007005434782608,-0.3007005434782608,0.03260869565217391,28.137949999999996
high_dispersion_reversal,25,1500,-24.428249999999995,422,89,89,-0.057886848341232214,-0.27447471910112353,-0.27447471910112353,0.056179775280898875,24.805449999999997
high_dispersion_reversal,25,2000,-22.858,422,84,84,-0.05416587677725119,-0.27211904761904765,-0.27211904761904765,0.07142857142857142,23.331500000000002
high_dispersion_reversal,25,3000,-17.9708,422,82,82,-0.04258483412322275,-0.21915609756097562,-0.21915609756097562,0.06097560975609756,18.251900000000003
high_dispersion_reversal,25,4000,-17.104050000000008,422,80,80,-0.040530924170616135,-0.2138006250000001,-0.2138006250000001,0.1125,17.48125000000001
high_dispersion_reversal,25,5000,-20.4890248,422,80,80,-0.04855219146919431,-0.25611280999999997,-0.25611280999999997,0.075,20.9142748
high_dispersion_reversal,25,7500,-20.270549999999997,422,73,73,-0.04803447867298578,-0.27767876712328765,-0.27767876712328765,0.1506849315068493,20.9687
high_dispersion_reversal,25,10000,-21.26154999999999,422,71,71,-0.05038281990521325,-0.2994584507042252,-0.2994584507042252,0.1267605633802817,22.030599999999993
high_dispersion_reversal,50,500,-27.219879999999996,422,92,89,-0.06450208530805686,-0.2958682608695652,-0.3058413483146067,0.0,27.219879999999996
high_dispersion_reversal,50,750,-26.808849999999993,422,92,89,-0.06352808056872036,-0.2914005434782608,-0.3012230337078651,0.011235955056179775,26.819999999999993
high_dispersion_reversal,50,1000,-27.0019,422,92,89,-0.06398554502369667,-0.29349891304347825,-0.30339213483146066,0.02247191011235955,27.06595
high_dispersion_reversal,50,1500,-23.6694,422,89,86,-0.05608862559241706,-0.26594831460674156,-0.2752255813953488,0.05813953488372093,23.6694
high_dispersion_reversal,50,2000,-22.655800000000003,422,84,81,-0.053686729857819915,-0.2697119047619048,-0.27970123456790125,0.06172839506172839,22.719850000000005
high_dispersion_reversal,50,3000,-17.626450000000006,422,82,79,-0.041768838862559256,-0.21495670731707323,-0.22311962025316462,0.05063291139240506,17.626450000000006
high_dispersion_reversal,50,4000,-16.85580000000001,422,80,77,-0.03994265402843604,-0.21069750000000012,-0.21890649350649363,0.09090909090909091,16.939550000000008
high_dispersion_reversal,50,5000,-20.240774800000008,422,80,77,-0.047963921327014235,-0.2530096850000001,-0.2628672051948053,0.05194805194805195,20.43037480000001
high_dispersion_reversal,50,7500,-19.9757,422,73,70,-0.047335781990521325,-0.2736397260273973,-0.2853671428571429,0.12857142857142856,20.4382
high_dispersion_reversal,50,10000,-20.870599999999992,422,71,68,-0.04945639810426539,-0.29395211267605625,-0.306920588235294,0.10294117647058823,21.500099999999993
high_dispersion_reversal,100,500,-24.402429999999992,422,92,89,-0.057825663507108986,-0.265243804347826,-0.27418460674157297,0.0,24.402429999999992
high_dispersion_reversal,100,750,-24.090699999999988,422,92,89,-0.05708696682464452,-0.2618554347826086,-0.27068202247191,0.011235955056179775,24.19679999999999
high_dispersion_reversal,100,1000,-23.790049999999994,422,92,89,-0.0563745260663507,-0.2585874999999999,-0.2673039325842696,0.02247191011235955,23.949049999999993
high_dispersion_reversal,100,1500,-21.089449999999996,422,89,86,-0.04997499999999999,-0.2369601123595505,-0.24522616279069762,0.05813953488372093,21.142699999999994
high_dispersion_reversal,100,2000,-20.53175000000001,422,84,81,-0.04865343601895737,-0.24442559523809534,-0.25347839506172853,0.06172839506172839,20.69075000000001
high_dispersion_reversal,100,3000,-16.04710000000001,422,82,79,-0.03802630331753557,-0.19569634146341477,-0.20312784810126597,0.06329113924050633,16.30240000000001
high_dispersion_reversal,100,4000,-15.376200000000011,422,80,77,-0.036436492890995285,-0.19220250000000014,-0.19969090909090925,0.1038961038961039,15.78980000000001
high_dispersion_reversal,100,5000,-18.46282480000001,422,80,77,-0.043750769668246474,-0.23078531000000013,-0.2397769454545456,0.07792207792207792,18.98227480000001
high_dispersion_reversal,100,7500,-18.2939,422,73,70,-0.04335047393364929,-0.25060136986301373,-0.26134142857142856,0.12857142857142856,19.08625
high_dispersion_reversal,100,10000,-19.479749999999996,422,71,68,-0.046160545023696674,-0.27436267605633796,-0.28646691176470584,0.1323529411764706,20.439099999999996
high_dispersion_reversal,250,500,-18.557930000000006,422,92,87,-0.04397613744075831,-0.20171663043478266,-0.21330954022988513,0.0,18.557930000000006
high_dispersion_reversal,250,750,-18.146900000000002,422,92,87,-0.04300213270142181,-0.19724891304347827,-0.2085850574712644,0.022988505747126436,18.253000000000004
high_dispersion_reversal,250,1000,-18.33995000000001,422,92,87,-0.043459597156398126,-0.19934728260869575,-0.21080402298850584,0.022988505747126436,18.498950000000008
high_dispersion_reversal,250,1500,-16.316700000000008,422,89,84,-0.03866516587677727,-0.18333370786516862,-0.19424642857142865,0.047619047619047616,16.369950000000006
high_dispersion_reversal,250,2000,-16.64410000000001,422,84,79,-0.039440995260663525,-0.19814404761904772,-0.21068481012658238,0.0759493670886076,16.803100000000008
high_dispersion_reversal,250,3000,-11.77900000000001,422,82,77,-0.02791232227488154,-0.14364634146341476,-0.15297402597402612,0.12987012987012986,12.034300000000009
high_dispersion_reversal,250,4000,-11.00835000000001,422,80,75,-0.026086137440758318,-0.13760437500000014,-0.14677800000000013,0.16,11.42195000000001
high_dispersion_reversal,250,5000,-14.34652480000001,422,80,75,-0.03399650426540287,-0.1793315600000001,-0.19128699733333346,0.12,14.865974800000009
high_dispersion_reversal,250,7500,-14.106950000000001,422,73,68,-0.033428791469194315,-0.1932458904109589,-0.20745514705882354,0.16176470588235295,14.899299999999998
high_dispersion_reversal,250,10000,-14.523500000000002,422,71,66,-0.03441587677725119,-0.20455633802816905,-0.22005303030303033,0.13636363636363635,15.482850000000001
top_quartile_dispersion_momentum,5,500,-5.170150000000003,205,50,46,-0.02522024390243904,-0.10340300000000006,-0.11239456521739137,0.08695652173913043,5.170150000000003
top_quartile_dispersion_momentum,5,750,-4.635250000000002,205,50,46,-0.022610975609756105,-0.09270500000000004,-0.10076630434782613,0.10869565217391304,4.635250000000002
top_quartile_dispersion_momentum,5,1000,-4.378400000000002,205,50,46,-0.021358048780487814,-0.08756800000000003,-0.09518260869565222,0.13043478260869565,4.378400000000002
top_quartile_dispersion_momentum,5,1500,-4.6147,205,50,46,-0.022510731707317072,-0.092294,-0.1003195652173913,0.10869565217391304,4.6147
top_quartile_dispersion_momentum,5,2000,-5.503550000000002,205,48,44,-0.02684658536585367,-0.11465729166666672,-0.12508068181818188,0.06818181818181818,5.503550000000002
top_quartile_dispersion_momentum,5,3000,-5.739950000000006,205,46,42,-0.027999756097561,-0.12478152173913055,-0.13666547619047634,0.07142857142857142,5.739950000000006
top_quartile_dispersion_momentum,5,4000,-4.994100000000004,205,44,40,-0.024361463414634167,-0.11350227272727281,-0.1248525000000001,0.15,4.994100000000004
top_quartile_dispersion_momentum,5,5000,-4.395050000000003,205,44,40,-0.02143926829268294,-0.09988750000000007,-0.10987625000000008,0.1,4.395050000000003
top_quartile_dispersion_momentum,5,7500,-3.8091500000000025,205,42,38,-0.018581219512195133,-0.09069404761904767,-0.10024078947368427,0.13157894736842105,3.9883000000000024
top_quartile_dispersion_momentum,5,10000,-0.5920000000000014,205,41,37,-0.002887804878048787,-0.014439024390243936,-0.01600000000000004,0.21621621621621623,2.824449999999999
top_quartile_dispersion_momentum,10,500,-4.675050000000003,205,50,44,-0.022805121951219528,-0.09350100000000007,-0.10625113636363644,0.09090909090909091,4.675050000000003
top_quartile_dispersion_momentum,10,750,-4.296750000000001,205,50,44,-0.02095975609756098,-0.08593500000000003,-0.09765340909090912,0.09090909090909091,4.296750000000001
top_quartile_dispersion_momentum,10,1000,-3.841000000000002,205,50,44,-0.018736585365853667,-0.07682000000000004,-0.08729545454545459,0.11363636363636363,3.841000000000002
top_quartile_dispersion_momentum,10,1500,-3.419450000000001,205,50,44,-0.01668024390243903,-0.06838900000000002,-0.07771477272727276,0.11363636363636363,3.419450000000001
top_quartile_dispersion_momentum,10,2000,-4.407300000000002,205,48,42,-0.021499024390243912,-0.09181875000000005,-0.10493571428571433,0.07142857142857142,4.407300000000002
top_quartile_dispersion_momentum,10,3000,-5.064250000000005,205,47,41,-0.02470365853658539,-0.1077500000000001,-0.12351829268292695,0.07317073170731707,5.064250000000005
top_quartile_dispersion_momentum,10,4000,-4.119800000000003,205,45,39,-0.020096585365853674,-0.09155111111111118,-0.10563589743589752,0.15384615384615385,4.119800000000003
top_quartile_dispersion_momentum,10,5000,-3.619900000000003,205,45,39,-0.01765804878048782,-0.08044222222222229,-0.0928179487179488,0.10256410256410256,3.619900000000003
top_quartile_dispersion_momentum,10,7500,-3.1833000000000027,205,43,37,-0.015528292682926843,-0.07403023255813959,-0.08603513513513521,0.13513513513513514,3.3624500000000026
top_quartile_dispersion_momentum,10,10000,-0.5695000000000014,205,42,36,-0.002778048780487812,-0.013559523809523844,-0.015819444444444483,0.19444444444444445,2.772199999999999
top_quartile_dispersion_momentum,25,500,-4.787150000000004,205,50,42,-0.023351951219512213,-0.09574300000000008,-0.113979761904762,0.023809523809523808,4.787150000000004
top_quartile_dispersion_momentum,25,750,-4.808600000000003,205,50,42,-0.023456585365853672,-0.09617200000000006,-0.11449047619047625,0.07142857142857142,4.808600000000003
top_quartile_dispersion_momentum,25,1000,-4.601850000000003,205,50,42,-0.022448048780487822,-0.09203700000000006,-0.10956785714285722,0.09523809523809523,4.601850000000003
top_quartile_dispersion_momentum,25,1500,-3.934750000000002,205,50,42,-0.0191939024390244,-0.07869500000000004,-0.09368452380952386,0.11904761904761904,3.934750000000002
top_quartile_dispersion_momentum,25,2000,-4.239600000000003,205,50,42,-0.02068097560975611,-0.08479200000000006,-0.10094285714285721,0.11904761904761904,4.239600000000003
top_quartile_dispersion_momentum,25,3000,-4.895700000000003,205,49,41,-0.023881463414634162,-0.09991224489795925,-0.11940731707317082,0.12195121951219512,5.033400000000004
top_quartile_dispersion_momentum,25,4000,-4.348450000000003,205,47,39,-0.02121195121951221,-0.09252021276595751,-0.11149871794871803,0.1282051282051282,4.662900000000004
top_quartile_dispersion_momentum,25,5000,-3.6003500000000033,205,47,39,-0.017562682926829283,-0.07660319148936177,-0.09231666666666676,0.1282051282051282,3.834750000000003
top_quartile_dispersion_momentum,25,7500,-3.213350000000003,205,45,37,-0.0156748780487805,-0.07140777777777783,-0.08684729729729737,0.16216216216216217,3.808200000000003
top_quartile_dispersion_momentum,25,10000,-0.599550000000002,205,44,36,-0.0029246341463414734,-0.01362613636363641,-0.016654166666666723,0.19444444444444445,2.940050000000001
top_quartile_dispersion_momentum,50,500,-5.025100000000004,205,50,41,-0.024512682926829288,-0.10050200000000008,-0.12256341463414643,0.024390243902439025,5.025100000000004
top_quartile_dispersion_momentum,50,750,-5.146550000000002,205,50,41,-0.025105121951219524,-0.10293100000000005,-0.1255256097560976,0.024390243902439025,5.146550000000002
top_quartile_dispersion_momentum,50,1000,-4.939800000000003,205,50,41,-0.02409658536585367,-0.09879600000000005,-0.12048292682926835,0.04878048780487805,4.939800000000003
top_quartile_dispersion_momentum,50,1500,-4.272700000000002,205,50,41,-0.020842439024390255,-0.08545400000000004,-0.10421219512195128,0.0975609756097561,4.272700000000002
top_quartile_dispersion_momentum,50,2000,-4.1792000000000025,205,50,41,-0.020386341463414646,-0.08358400000000005,-0.10193170731707323,0.0975609756097561,4.1792000000000025
top_quartile_dispersion_momentum,50,3000,-4.441450000000005,205,49,40,-0.021665609756097586,-0.09064183673469398,-0.11103625000000013,0.1,4.441450000000005
top_quartile_dispersion_momentum,50,4000,-4.090600000000004,205,47,38,-0.019954146341463433,-0.08703404255319157,-0.10764736842105273,0.15789473684210525,4.090600000000004
top_quartile_dispersion_momentum,50,5000,-3.7385500000000027,205,47,38,-0.018236829268292697,-0.07954361702127666,-0.09838289473684218,0.13157894736842105,3.7385500000000027
top_quartile_dispersion_momentum,50,7500,-3.1529500000000024,205,45,36,-0.015380243902439037,-0.0700655555555556,-0.0875819444444445,0.1111111111111111,3.3850500000000023
top_quartile_dispersion_momentum,50,10000,-0.6880000000000024,205,44,35,-0.0033560975609756216,-0.01563636363636369,-0.019657142857142925,0.2,2.665750000000002
top_quartile_dispersion_momentum,100,500,-4.526900000000004,205,54,39,-0.022082439024390263,-0.08383148148148155,-0.11607435897435907,0.02564102564102564,4.526900000000004
top_quartile_dispersion_momentum,100,750,-4.548350000000002,205,54,39,-0.022187073170731715,-0.08422870370370374,-0.11662435897435902,0.02564102564102564,4.548350000000002
top_quartile_dispersion_momentum,100,1000,-4.142700000000002,205,54,39,-0.02020829268292684,-0.07671666666666671,-0.10622307692307698,0.05128205128205128,4.142700000000002
top_quartile_dispersion_momentum,100,1500,-3.3766000000000007,205,54,39,-0.016471219512195125,-0.06252962962962964,-0.0865794871794872,0.10256410256410256,3.3766000000000007
top_quartile_dispersion_momentum,100,2000,-2.983750000000002,205,54,39,-0.014554878048780497,-0.05525462962962967,-0.0765064102564103,0.15384615384615385,2.983750000000002
top_quartile_dispersion_momentum,100,3000,-3.001200000000003,205,53,38,-0.014640000000000014,-0.05662641509433968,-0.07897894736842113,0.15789473684210525,3.001200000000003
top_quartile_dispersion_momentum,100,4000,-2.6481500000000033,205,51,36,-0.012917804878048797,-0.05192450980392163,-0.07355972222222232,0.16666666666666666,2.6997000000000044
top_quartile_dispersion_momentum,100,5000,-2.7913000000000014,205,51,36,-0.013616097560975617,-0.054731372549019636,-0.07753611111111115,0.16666666666666666,2.7913000000000014
top_quartile_dispersion_momentum,100,7500,-2.1564000000000005,205,49,34,-0.010519024390243905,-0.044008163265306134,-0.06342352941176473,0.17647058823529413,2.5398500000000013
top_quartile_dispersion_momentum,100,10000,-0.44365000000000226,205,48,33,-0.0021641463414634257,-0.00924270833333338,-0.013443939393939463,0.18181818181818182,2.572750000000002
top_quartile_dispersion_momentum,250,500,-3.8477000000000032,205,52,37,-0.018769268292682943,-0.07399423076923083,-0.10399189189189198,0.0,3.8477000000000032
top_quartile_dispersion_momentum,250,750,-3.869150000000001,205,52,37,-0.018873902439024395,-0.0744067307692308,-0.10457162162162166,0.0,3.869150000000001
top_quartile_dispersion_momentum,250,1000,-3.4635000000000025,205,52,37,-0.016895121951219526,-0.06660576923076927,-0.09360810810810817,0.02702702702702703,3.4635000000000025
top_quartile_dispersion_momentum,250,1500,-2.905550000000002,205,52,37,-0.014173414634146352,-0.055875961538461576,-0.07852837837837844,0.08108108108108109,2.905550000000002
top_quartile_dispersion_momentum,250,2000,-2.459450000000002,205,52,37,-0.011997317073170742,-0.047297115384615424,-0.06647162162162168,0.08108108108108109,2.459450000000002
top_quartile_dispersion_momentum,250,3000,-2.425950000000003,205,51,36,-0.011833902439024404,-0.04756764705882359,-0.06738750000000009,0.08333333333333333,2.775300000000003
top_quartile_dispersion_momentum,250,4000,-2.124950000000003,205,49,34,-0.010365609756097575,-0.0433663265306123,-0.062498529411764786,0.14705882352941177,2.6673500000000034
top_quartile_dispersion_momentum,250,5000,-2.1121000000000016,205,49,34,-0.0103029268292683,-0.04310408163265309,-0.062120588235294164,0.11764705882352941,2.6545000000000023
top_quartile_dispersion_momentum,250,7500,-1.6865500000000018,205,47,32,-0.008227073170731717,-0.035884042553191525,-0.052704687500000055,0.09375,2.560850000000002
top_quartile_dispersion_momentum,250,10000,0.02619999999999789,205,46,31,0.0001278048780487702,0.0005695652173912585,0.0008451612903225126,0.16129032258064516,2.5937500000000018
top_quartile_dispersion_reversal,5,500,-11.568300000000002,205,45,45,-0.056430731707317085,-0.2570733333333334,-0.2570733333333334,0.022222222222222223,11.805050000000003
top_quartile_dispersion_reversal,5,750,-11.849100000000004,205,45,45,-0.057800487804878065,-0.2633133333333334,-0.2633133333333334,0.044444444444444446,12.182350000000003
top_quartile_dispersion_reversal,5,1000,-11.785100000000003,205,45,45,-0.05748829268292684,-0.2618911111111112,-0.2618911111111112,0.044444444444444446,12.021850000000004
top_quartile_dispersion_reversal,5,1500,-10.986900000000006,205,44,44,-0.05359463414634149,-0.24970227272727286,-0.24970227272727286,0.022727272727272728,11.175500000000005
top_quartile_dispersion_reversal,5,2000,-8.629650000000003,205,42,42,-0.0420958536585366,-0.20546785714285723,-0.20546785714285723,0.047619047619047616,8.866400000000004
top_quartile_dispersion_reversal,5,3000,-8.032700000000006,205,40,40,-0.039183902439024414,-0.20081750000000015,-0.20081750000000015,0.075,8.173250000000005
top_quartile_dispersion_reversal,5,4000,-7.311550000000007,205,38,38,-0.03566609756097564,-0.19240921052631596,-0.19240921052631596,0.15789473684210525,7.502650000000005
top_quartile_dispersion_reversal,5,5000,-8.651500000000006,205,38,38,-0.04220243902439027,-0.2276710526315791,-0.2276710526315791,0.10526315789473684,8.948450000000005
top_quartile_dispersion_reversal,5,7500,-8.878400000000006,205,36,36,-0.04330926829268296,-0.2466222222222224,-0.2466222222222224,0.1111111111111111,9.387950000000004
top_quartile_dispersion_reversal,5,10000,-12.736250000000004,205,35,35,-0.062128048780487825,-0.36389285714285724,-0.36389285714285724,0.11428571428571428,13.364750000000003
top_quartile_dispersion_reversal,10,500,-11.515100000000002,205,45,45,-0.056171219512195135,-0.2558911111111112,-0.2558911111111112,0.022222222222222223,11.751850000000003
top_quartile_dispersion_reversal,10,750,-11.795900000000003,205,45,45,-0.057540975609756115,-0.2621311111111112,-0.2621311111111112,0.044444444444444446,12.129150000000003
top_quartile_dispersion_reversal,10,1000,-11.731900000000003,205,45,45,-0.057228780487804894,-0.26070888888888893,-0.26070888888888893,0.044444444444444446,11.968650000000004
top_quartile_dispersion_reversal,10,1500,-10.933700000000005,205,44,44,-0.05333512195121954,-0.24849318181818195,-0.24849318181818195,0.022727272727272728,11.122300000000005
top_quartile_dispersion_reversal,10,2000,-8.576450000000003,205,42,42,-0.041836341463414646,-0.20420119047619054,-0.20420119047619054,0.047619047619047616,8.813200000000004
top_quartile_dispersion_reversal,10,3000,-7.979500000000004,205,40,40,-0.03892439024390246,-0.1994875000000001,-0.1994875000000001,0.075,8.120050000000004
top_quartile_dispersion_reversal,10,4000,-7.258350000000006,205,38,38,-0.03540658536585369,-0.19100921052631595,-0.19100921052631595,0.15789473684210525,7.449450000000005
top_quartile_dispersion_reversal,10,5000,-8.598300000000005,205,38,38,-0.04194292682926832,-0.2262710526315791,-0.2262710526315791,0.10526315789473684,8.895250000000004
top_quartile_dispersion_reversal,10,7500,-8.825200000000008,205,36,36,-0.043049756097561016,-0.24514444444444466,-0.24514444444444466,0.1111111111111111,9.334750000000005
top_quartile_dispersion_reversal,10,10000,-12.683050000000007,205,35,35,-0.06186853658536589,-0.36237285714285733,-0.36237285714285733,0.11428571428571428,13.311550000000006
top_quartile_dispersion_reversal,25,500,-11.110550000000003,205,45,45,-0.054197804878048796,-0.24690111111111118,-0.24690111111111118,0.022222222222222223,11.347300000000004
top_quartile_dispersion_reversal,25,750,-11.391350000000003,205,45,45,-0.05556756097560977,-0.25314111111111115,-0.25314111111111115,0.044444444444444446,11.724600000000002
top_quartile_dispersion_reversal,25,1000,-11.327350000000003,205,45,45,-0.05525536585365855,-0.25171888888888894,-0.25171888888888894,0.044444444444444446,11.564100000000003
top_quartile_dispersion_reversal,25,1500,-10.529150000000005,205,44,44,-0.051361707317073194,-0.23929886363636374,-0.23929886363636374,0.022727272727272728,10.717750000000004
top_quartile_dispersion_reversal,25,2000,-8.171900000000003,205,42,42,-0.03986292682926831,-0.19456904761904767,-0.19456904761904767,0.047619047619047616,8.408650000000003
top_quartile_dispersion_reversal,25,3000,-7.725250000000004,205,40,40,-0.037684146341463436,-0.19313125000000012,-0.19313125000000012,0.075,7.865800000000005
top_quartile_dispersion_reversal,25,4000,-7.0041000000000055,205,38,38,-0.034166341463414664,-0.18431842105263171,-0.18431842105263171,0.15789473684210525,7.195200000000004
top_quartile_dispersion_reversal,25,5000,-8.344050000000006,205,38,38,-0.0407026829268293,-0.21958026315789492,-0.21958026315789492,0.10526315789473684,8.641000000000005
top_quartile_dispersion_reversal,25,7500,-8.570950000000007,205,36,36,-0.04180951219512199,-0.23808194444444464,-0.23808194444444464,0.1111111111111111,9.080500000000004
top_quartile_dispersion_reversal,25,10000,-12.428800000000004,205,35,35,-0.06062829268292685,-0.35510857142857155,-0.35510857142857155,0.11428571428571428,13.057300000000003
top_quartile_dispersion_reversal,50,500,-10.669950000000005,205,45,43,-0.05204853658536588,-0.23711000000000013,-0.2481383720930234,0.0,10.669950000000005
top_quartile_dispersion_reversal,50,750,-11.047250000000005,205,45,43,-0.05388902439024393,-0.24549444444444457,-0.25691279069767453,0.023255813953488372,11.058400000000006
top_quartile_dispersion_reversal,50,1000,-10.886750000000005,205,45,43,-0.05310609756097563,-0.24192777777777788,-0.25318023255813965,0.023255813953488372,10.950800000000006
top_quartile_dispersion_reversal,50,1500,-10.040400000000004,205,44,42,-0.04897756097560978,-0.22819090909090917,-0.23905714285714294,0.023809523809523808,10.040400000000004
top_quartile_dispersion_reversal,50,2000,-7.9372000000000025,205,42,40,-0.03871804878048782,-0.18898095238095244,-0.19843000000000005,0.025,8.001250000000004
top_quartile_dispersion_reversal,50,3000,-7.444600000000003,205,40,38,-0.036315121951219526,-0.18611500000000009,-0.19591052631578956,0.05263157894736842,7.444600000000003
top_quartile_dispersion_reversal,50,4000,-6.771500000000003,205,38,36,-0.03303170731707319,-0.17819736842105272,-0.1880972222222223,0.1388888888888889,6.915550000000003
top_quartile_dispersion_reversal,50,5000,-8.111450000000003,205,38,36,-0.03956804878048782,-0.21345921052631586,-0.22531805555555565,0.08333333333333333,8.361350000000003
top_quartile_dispersion_reversal,50,7500,-8.291750000000006,205,36,34,-0.04044756097560978,-0.23032638888888904,-0.24387500000000017,0.08823529411764706,8.754250000000006
top_quartile_dispersion_reversal,50,10000,-12.10155,205,35,33,-0.05903195121951219,-0.3457585714285714,-0.36671363636363635,0.09090909090909091,12.731050000000002
top_quartile_dispersion_reversal,100,500,-10.277550000000007,205,45,44,-0.050134390243902476,-0.22839000000000015,-0.23358068181818198,0.0,10.277550000000007
top_quartile_dispersion_reversal,100,750,-10.654850000000007,205,45,44,-0.05197487804878052,-0.2367744444444446,-0.24215568181818198,0.022727272727272728,10.760950000000006
top_quartile_dispersion_reversal,100,1000,-10.494350000000006,205,45,44,-0.05119195121951223,-0.2332077777777779,-0.23850795454545468,0.022727272727272728,10.653350000000007
top_quartile_dispersion_reversal,100,1500,-9.648000000000007,205,44,43,-0.04706341463414637,-0.21927272727272742,-0.22437209302325598,0.023255813953488372,9.701250000000007
top_quartile_dispersion_reversal,100,2000,-7.647900000000002,205,42,41,-0.03730682926829269,-0.1820928571428572,-0.18653414634146345,0.024390243902439025,7.806900000000002
top_quartile_dispersion_reversal,100,3000,-7.205600000000006,205,40,39,-0.03514926829268295,-0.18014000000000013,-0.1847589743589745,0.07692307692307693,7.521200000000005
top_quartile_dispersion_reversal,100,4000,-6.532500000000006,205,38,37,-0.031865853658536614,-0.17190789473684226,-0.17655405405405422,0.13513513513513514,7.006400000000004
top_quartile_dispersion_reversal,100,5000,-7.872450000000005,205,38,37,-0.03840219512195124,-0.2071697368421054,-0.21276891891891905,0.08108108108108109,8.452200000000003
top_quartile_dispersion_reversal,100,7500,-8.099350000000006,205,36,35,-0.03950902439024393,-0.22498194444444464,-0.2314100000000002,0.08571428571428572,8.891700000000004
top_quartile_dispersion_reversal,100,10000,-11.90915,205,35,34,-0.05809341463414634,-0.3402614285714286,-0.3502691176470588,0.08823529411764706,12.8685
top_quartile_dispersion_reversal,250,500,-8.028050000000006,205,45,43,-0.03916121951219515,-0.17840111111111123,-0.18669883720930247,0.0,8.028050000000006
top_quartile_dispersion_reversal,250,750,-8.40535000000001,205,45,43,-0.04100170731707321,-0.18678555555555576,-0.1954732558139537,0.023255813953488372,8.511450000000009
top_quartile_dispersion_reversal,250,1000,-8.244850000000003,205,45,43,-0.040218780487804896,-0.18321888888888896,-0.19174069767441868,0.023255813953488372,8.403850000000004
top_quartile_dispersion_reversal,250,1500,-7.437750000000005,205,44,42,-0.03628170731707319,-0.16903977272727283,-0.17708928571428584,0.023809523809523808,7.491000000000005
top_quartile_dispersion_reversal,250,2000,-5.5915000000000035,205,42,40,-0.027275609756097576,-0.13313095238095246,-0.1397875000000001,0.075,5.750500000000004
top_quartile_dispersion_reversal,250,3000,-5.404050000000004,205,40,38,-0.026361219512195142,-0.13510125000000012,-0.14221184210526328,0.13157894736842105,5.719650000000003
top_quartile_dispersion_reversal,250,4000,-4.730950000000005,205,38,36,-0.023077804878048808,-0.12449868421052646,-0.13141527777777792,0.16666666666666666,5.204850000000003
top_quartile_dispersion_reversal,250,5000,-6.0709000000000035,205,38,36,-0.02961414634146343,-0.15976052631578957,-0.1686361111111112,0.1111111111111111,6.650650000000002
top_quartile_dispersion_reversal,250,7500,-5.9294000000000056,205,36,34,-0.02892390243902442,-0.16470555555555572,-0.17439411764705898,0.08823529411764706,6.721750000000004
top_quartile_dispersion_reversal,250,10000,-9.167250000000005,205,35,33,-0.044718292682926854,-0.2619214285714287,-0.2777954545454547,0.09090909090909091,10.126600000000003
low_vol_consensus_momentum,5,500,-12.192420400000005,396,100,91,-0.030788940404040416,-0.12192420400000005,-0.13398264175824182,0.2087912087912088,12.218570400000006
low_vol_consensus_momentum,5,750,-9.212699999999998,396,100,91,-0.023264393939393935,-0.09212699999999999,-0.10123846153846151,0.26373626373626374,9.23885
low_vol_consensus_momentum,5,1000,-10.080185999999998,396,100,91,-0.025455015151515145,-0.10080185999999998,-0.1107712747252747,0.24175824175824176,10.080185999999998
low_vol_consensus_momentum,5,1500,-9.863949999999999,396,98,89,-0.024908964646464644,-0.10065255102040815,-0.11083089887640449,0.2247191011235955,9.863949999999999
low_vol_consensus_momentum,5,2000,-10.273799999999998,396,94,85,-0.025943939393939387,-0.10929574468085104,-0.12086823529411762,0.15294117647058825,10.274199999999999
low_vol_consensus_momentum,5,3000,-11.775349999999989,396,90,81,-0.029735732323232296,-0.1308372222222221,-0.14537469135802455,0.1728395061728395,12.251599999999991
low_vol_consensus_momentum,5,4000,-9.970649999999996,396,88,79,-0.02517840909090908,-0.11330284090909086,-0.12621075949367083,0.22784810126582278,10.340999999999998
low_vol_consensus_momentum,5,5000,-8.522999999999993,396,86,77,-0.021522727272727252,-0.09910465116279062,-0.11068831168831159,0.24675324675324675,8.999249999999995
low_vol_consensus_momentum,5,7500,-2.03845,396,77,68,-0.00514760101010101,-0.026473376623376624,-0.029977205882352944,0.3382352941176471,7.197399999999998
low_vol_consensus_momentum,5,10000,-4.6204499999999955,396,74,65,-0.01166780303030302,-0.062438513513513455,-0.07108384615384608,0.38461538461538464,6.638249999999999
low_vol_consensus_momentum,10,500,-11.209950000000005,396,100,88,-0.028307954545454556,-0.11209950000000005,-0.1273857954545455,0.2159090909090909,11.236100000000006
low_vol_consensus_momentum,10,750,-9.823049999999997,396,100,88,-0.02480568181818181,-0.09823049999999997,-0.11162556818181814,0.25,9.849199999999998
low_vol_consensus_momentum,10,1000,-10.690535999999998,396,100,88,-0.026996303030303027,-0.10690535999999998,-0.12148336363636361,0.22727272727272727,10.690535999999998
low_vol_consensus_momentum,10,1500,-9.91385,396,98,86,-0.025034974747474747,-0.10116173469387756,-0.11527732558139535,0.20930232558139536,9.91385
low_vol_consensus_momentum,10,2000,-9.828999999999999,396,95,83,-0.024820707070707066,-0.10346315789473683,-0.11842168674698794,0.1566265060240964,9.8294
low_vol_consensus_momentum,10,3000,-11.95134999999999,396,92,80,-0.030180176767676745,-0.12990597826086947,-0.1493918749999999,0.1625,12.427599999999993
low_vol_consensus_momentum,10,4000,-10.549999999999994,396,90,78,-0.026641414141414126,-0.11722222222222214,-0.13525641025641016,0.21794871794871795,10.920349999999996
low_vol_consensus_momentum,10,5000,-8.749149999999993,396,88,76,-0.022093813131313114,-0.09942215909090901,-0.11512039473684202,0.23684210526315788,9.225399999999995
low_vol_consensus_momentum,10,7500,-2.03845,396,80,68,-0.00514760101010101,-0.025480625,-0.029977205882352944,0.3382352941176471,7.197399999999998
low_vol_consensus_momentum,10,10000,-4.6204499999999955,396,77,65,-0.01166780303030302,-0.0600058441558441,-0.07108384615384608,0.38461538461538464,6.638249999999999
low_vol_consensus_momentum,25,500,-11.91455,396,100,82,-0.030087247474747475,-0.1191455,-0.14529939024390245,0.15853658536585366,11.940700000000001
low_vol_consensus_momentum,25,750,-10.311699999999997,396,100,82,-0.026039646464646456,-0.10311699999999996,-0.1257524390243902,0.23170731707317074,10.337849999999998
low_vol_consensus_momentum,25,1000,-11.126085999999997,396,100,82,-0.02809617676767676,-0.11126085999999998,-0.13568397560975606,0.2073170731707317,11.126085999999997
low_vol_consensus_momentum,25,1500,-9.478750000000002,396,100,82,-0.023936237373737377,-0.09478750000000001,-0.11559451219512197,0.21951219512195122,9.478750000000002
low_vol_consensus_momentum,25,2000,-8.8617,396,99,81,-0.022378030303030306,-0.08951212121212122,-0.10940370370370371,0.18518518518518517,8.872250000000001
low_vol_consensus_momentum,25,3000,-11.080449999999988,396,96,78,-0.027980934343434315,-0.11542135416666655,-0.14205705128205112,0.19230769230769232,11.55669999999999
low_vol_consensus_momentum,25,4000,-9.929499999999994,396,94,76,-0.025074494949494933,-0.10563297872340419,-0.13065131578947362,0.21052631578947367,10.299849999999996
low_vol_consensus_momentum,25,5000,-7.927799999999992,396,92,74,-0.02001969696969695,-0.0861717391304347,-0.10713243243243233,0.25675675675675674,8.404049999999994
low_vol_consensus_momentum,25,7500,-1.4677999999999982,396,84,66,-0.003706565656565652,-0.017473809523809503,-0.022239393939393913,0.36363636363636365,6.655299999999997
low_vol_consensus_momentum,25,10000,-4.653149999999994,396,81,63,-0.011750378787878773,-0.05744629629629622,-0.07385952380952371,0.38095238095238093,6.511849999999998
low_vol_consensus_momentum,50,500,-12.134100000000002,396,102,74,-0.03064166666666667,-0.11896176470588238,-0.16397432432432435,0.12162162162162163,12.134100000000002
low_vol_consensus_momentum,50,750,-10.964999999999996,396,102,74,-0.02768939393939393,-0.10749999999999997,-0.14817567567567563,0.16216216216216217,10.964999999999996
low_vol_consensus_momentum,50,1000,-11.734935999999998,396,102,74,-0.02963367676767676,-0.11504839215686272,-0.15858021621621618,0.14864864864864866,11.734935999999998
low_vol_consensus_momentum,50,1500,-9.829700000000003,396,102,74,-0.024822474747474753,-0.09636960784313728,-0.13283378378378383,0.1891891891891892,9.829700000000003
low_vol_consensus_momentum,50,2000,-8.76115,396,101,73,-0.022124116161616164,-0.0867440594059406,-0.12001575342465755,0.136986301369863,8.76115
low_vol_consensus_momentum,50,3000,-9.921499999999991,396,99,71,-0.025054292929292905,-0.10021717171717162,-0.1397394366197182,0.15492957746478872,10.112899999999993
low_vol_consensus_momentum,50,4000,-8.806649999999994,396,97,69,-0.022239015151515138,-0.09079020618556695,-0.1276326086956521,0.2028985507246377,8.945099999999995
low_vol_consensus_momentum,50,5000,-7.253749999999994,396,95,67,-0.01831755050505049,-0.07635526315789468,-0.10826492537313424,0.23880597014925373,7.584349999999995
low_vol_consensus_momentum,50,7500,-2.6584999999999983,396,87,59,-0.006713383838383834,-0.030557471264367798,-0.04505932203389828,0.3050847457627119,6.871999999999998
low_vol_consensus_momentum,50,10000,-4.349149999999997,396,85,57,-0.010982702020202012,-0.05116647058823526,-0.07630087719298241,0.3684210526315789,6.6347999999999985
low_vol_consensus_momentum,100,500,-10.0629,396,106,63,-0.025411363636363638,-0.09493301886792453,-0.15972857142857144,0.09523809523809523,10.0629
low_vol_consensus_momentum,100,750,-9.401099999999998,396,106,63,-0.02374015151515151,-0.08868962264150941,-0.14922380952380948,0.12698412698412698,9.401099999999998
low_vol_consensus_momentum,100,1000,-10.417186,396,106,63,-0.02630602525252525,-0.0982753396226415,-0.1653521587301587,0.1111111111111111,10.417186
low_vol_consensus_momentum,100,1500,-8.711850000000002,396,106,63,-0.021999621212121217,-0.08218726415094342,-0.13828333333333337,0.15873015873015872,8.711850000000002
low_vol_consensus_momentum,100,2000,-7.130400000000001,396,105,62,-0.01800606060606061,-0.06790857142857143,-0.11500645161290324,0.16129032258064516,7.130400000000001
low_vol_consensus_momentum,100,3000,-8.033099999999996,396,103,60,-0.02028560606060605,-0.07799126213592229,-0.13388499999999992,0.18333333333333332,8.224499999999997
low_vol_consensus_momentum,100,4000,-6.778049999999996,396,101,58,-0.01711628787878787,-0.06710940594059402,-0.11686293103448268,0.1896551724137931,6.9164999999999965
low_vol_consensus_momentum,100,5000,-6.3804499999999935,396,99,56,-0.01611224747474746,-0.06444898989898984,-0.11393660714285703,0.23214285714285715,6.571849999999994
low_vol_consensus_momentum,100,7500,-3.971099999999999,396,93,50,-0.0100280303030303,-0.04269999999999999,-0.07942199999999998,0.32,5.0836999999999986
low_vol_consensus_momentum,100,10000,-3.4546,396,92,49,-0.008723737373737375,-0.03755,-0.07050204081632654,0.32653061224489793,4.673900000000001
low_vol_consensus_momentum,250,500,-10.457500000000003,396,102,56,-0.02640782828282829,-0.1025245098039216,-0.1867410714285715,0.0,10.457500000000003
low_vol_consensus_momentum,250,750,-10.621199999999998,396,102,56,-0.026821212121212117,-0.10412941176470586,-0.18966428571428567,0.03571428571428571,10.621199999999998
low_vol_consensus_momentum,250,1000,-10.1628,396,102,56,-0.025663636363636364,-0.09963529411764707,-0.18147857142857143,0.03571428571428571,10.1628
low_vol_consensus_momentum,250,1500,-10.654450000000002,396,102,56,-0.026905176767676772,-0.10445539215686277,-0.19025803571428576,0.07142857142857142,10.654450000000002
low_vol_consensus_momentum,250,2000,-9.230950000000004,396,101,55,-0.023310479797979806,-0.09139554455445548,-0.16783545454545462,0.03636363636363636,9.230950000000004
low_vol_consensus_momentum,250,3000,-9.329299999999996,396,100,54,-0.023558838383838376,-0.09329299999999996,-0.17276481481481476,0.07407407407407407,9.520699999999998
low_vol_consensus_momentum,250,4000,-8.571699999999996,396,98,52,-0.021645707070707062,-0.0874663265306122,-0.16484038461538456,0.11538461538461539,8.710149999999997
low_vol_consensus_momentum,250,5000,-8.283999999999995,396,96,50,-0.020919191919191907,-0.08629166666666661,-0.1656799999999999,0.14,8.475399999999997
low_vol_consensus_momentum,250,7500,-5.823800000000002,396,91,45,-0.014706565656565663,-0.06399780219780223,-0.12941777777777783,0.2222222222222222,6.936400000000001
low_vol_consensus_momentum,250,10000,-5.147750000000002,396,90,44,-0.012999368686868693,-0.057197222222222247,-0.11699431818181823,0.2727272727272727,6.3670500000000025
low_vol_consensus_reversal,5,500,-33.841789999999996,396,96,96,-0.08545906565656565,-0.3525186458333333,-0.3525186458333333,0.010416666666666666,34.07854
low_vol_consensus_reversal,5,750,-35.92752749999999,396,96,96,-0.09072607954545452,-0.3742450781249999,-0.3742450781249999,0.020833333333333332,36.26077749999999
low_vol_consensus_reversal,5,1000,-34.37006699999999,396,96,96,-0.08679309848484847,-0.3580215312499999,-0.3580215312499999,0.020833333333333332,34.60681699999999
low_vol_consensus_reversal,5,1500,-31.10185,396,93,93,-0.07854002525252525,-0.3344284946236559,-0.3344284946236559,0.043010752688172046,31.29045
low_vol_consensus_reversal,5,2000,-29.49755,396,88,88,-0.07448876262626263,-0.33519943181818185,-0.33519943181818185,0.022727272727272728,29.7343
low_vol_consensus_reversal,5,3000,-22.142799999999998,396,83,83,-0.05591616161616161,-0.26678072289156624,-0.26678072289156624,0.04819277108433735,22.28335
low_vol_consensus_reversal,5,4000,-22.546849999999992,396,81,81,-0.05693648989898988,-0.2783561728395061,-0.2783561728395061,0.07407407407407407,22.735449999999993
low_vol_consensus_reversal,5,5000,-25.252824799999996,396,79,79,-0.06376975959595958,-0.31965601012658224,-0.31965601012658224,0.05063291139240506,25.441424799999997
low_vol_consensus_reversal,5,7500,-29.27775,396,69,69,-0.07393371212121212,-0.42431521739130434,-0.42431521739130434,0.13043478260869565,29.466350000000002
low_vol_consensus_reversal,5,10000,-23.920849999999994,396,65,65,-0.06040618686868685,-0.36801307692307683,-0.36801307692307683,0.12307692307692308,24.061399999999995
low_vol_consensus_reversal,10,500,-33.640789999999996,396,96,96,-0.08495148989898989,-0.3504248958333333,-0.3504248958333333,0.010416666666666666,33.877539999999996
low_vol_consensus_reversal,10,750,-35.726527499999996,396,96,96,-0.09021850378787878,-0.37215132812499996,-0.37215132812499996,0.020833333333333332,36.059777499999996
low_vol_consensus_reversal,10,1000,-34.16906699999999,396,96,96,-0.0862855227272727,-0.3559277812499999,-0.3559277812499999,0.020833333333333332,34.40581699999999
low_vol_consensus_reversal,10,1500,-30.949199999999998,396,93,93,-0.07815454545454545,-0.33278709677419355,-0.33278709677419355,0.043010752688172046,31.1378
low_vol_consensus_reversal,10,2000,-29.344900000000003,396,88,88,-0.07410328282828284,-0.33346477272727276,-0.33346477272727276,0.022727272727272728,29.581650000000003
low_vol_consensus_reversal,10,3000,-22.04,396,83,83,-0.055656565656565654,-0.26554216867469876,-0.26554216867469876,0.04819277108433735,22.18055
low_vol_consensus_reversal,10,4000,-22.44404999999999,396,81,81,-0.056676893939393916,-0.2770870370370369,-0.2770870370370369,0.07407407407407407,22.63264999999999
low_vol_consensus_reversal,10,5000,-25.150024799999997,396,79,79,-0.06351016363636362,-0.31835474430379745,-0.31835474430379745,0.05063291139240506,25.338624799999998
low_vol_consensus_reversal,10,7500,-29.224550000000004,396,69,69,-0.07379936868686869,-0.42354420289855077,-0.42354420289855077,0.13043478260869565,29.413150000000005
low_vol_consensus_reversal,10,10000,-23.867649999999994,396,65,65,-0.06027184343434342,-0.3671946153846153,-0.3671946153846153,0.12307692307692308,24.008199999999995
low_vol_consensus_reversal,25,500,-31.167579999999997,396,96,95,-0.0787060101010101,-0.32466229166666666,-0.32807978947368416,0.010526315789473684,31.404329999999998
low_vol_consensus_reversal,25,750,-34.037277499999995,396,96,95,-0.08595272095959594,-0.3545549739583333,-0.3582871315789473,0.021052631578947368,34.370527499999994
low_vol_consensus_reversal,25,1000,-32.527817,396,96,95,-0.08214095202020202,-0.3388314270833333,-0.3423980736842105,0.021052631578947368,32.764567
low_vol_consensus_reversal,25,1500,-29.30795,396,93,92,-0.07400997474747475,-0.31513924731182796,-0.3185646739130435,0.043478260869565216,29.496550000000003
low_vol_consensus_reversal,25,2000,-27.754450000000006,396,88,87,-0.07008699494949497,-0.3153914772727273,-0.3190166666666667,0.022988505747126436,27.991200000000006
low_vol_consensus_reversal,25,3000,-20.750799999999998,396,83,82,-0.052401010101010094,-0.2500096385542168,-0.2530585365853658,0.04878048780487805,20.89135
low_vol_consensus_reversal,25,4000,-21.106849999999998,396,81,80,-0.05330012626262626,-0.26057839506172836,-0.26383562499999996,0.075,21.29545
low_vol_consensus_reversal,25,5000,-23.8608248,396,79,78,-0.06025460808080808,-0.30203575696202534,-0.30590801025641023,0.05128205128205128,24.0494248
low_vol_consensus_reversal,25,7500,-27.555400000000002,396,69,68,-0.06958434343434344,-0.39935362318840584,-0.40522647058823535,0.1323529411764706,27.744000000000003
low_vol_consensus_reversal,25,10000,-22.293149999999994,396,65,64,-0.056295833333333316,-0.3429715384615384,-0.3483304687499999,0.125,22.433699999999995
low_vol_consensus_reversal,50,500,-30.601579999999995,396,96,94,-0.07727671717171716,-0.3187664583333333,-0.3255487234042553,0.0,30.601579999999995
low_vol_consensus_reversal,50,750,-33.56777749999999,396,96,94,-0.08476711489898987,-0.34966434895833326,-0.35710401595744673,0.010638297872340425,33.56777749999999
low_vol_consensus_reversal,50,1000,-31.961816999999996,396,96,94,-0.08071165909090908,-0.33293559375,-0.340019329787234,0.010638297872340425,31.961816999999996
low_vol_consensus_reversal,50,1500,-28.6938,396,93,91,-0.0724590909090909,-0.30853548387096774,-0.3153164835164835,0.03296703296703297,28.6938
low_vol_consensus_reversal,50,2000,-27.597950000000004,396,88,86,-0.06969179292929294,-0.3136130681818182,-0.32090639534883725,0.011627906976744186,27.597950000000004
low_vol_consensus_reversal,50,3000,-20.79715,396,83,81,-0.052518055555555554,-0.2505680722891566,-0.2567549382716049,0.037037037037037035,20.79715
low_vol_consensus_reversal,50,4000,-21.201249999999995,396,81,79,-0.05353851010101009,-0.26174382716049377,-0.26837025316455687,0.06329113924050633,21.201249999999995
low_vol_consensus_reversal,50,5000,-23.9552248,396,79,77,-0.06049299191919192,-0.30323069367088606,-0.3111068155844156,0.03896103896103896,23.9552248
low_vol_consensus_reversal,50,7500,-27.6498,396,69,67,-0.06982272727272727,-0.4007217391304348,-0.41268358208955225,0.11940298507462686,27.6498
low_vol_consensus_reversal,50,10000,-22.339499999999997,396,65,63,-0.05641287878787878,-0.34368461538461537,-0.3545952380952381,0.1111111111111111,22.339499999999997
low_vol_consensus_reversal,100,500,-27.873779999999993,396,96,94,-0.07038833333333332,-0.2903518749999999,-0.29652957446808503,0.010638297872340425,27.873779999999993
low_vol_consensus_reversal,100,750,-30.83997749999999,396,96,94,-0.07787873106060603,-0.3212497656249999,-0.3280848670212765,0.02127659574468085,30.83997749999999
low_vol_consensus_reversal,100,1000,-29.23401699999999,396,96,94,-0.07382327525252523,-0.30452101041666657,-0.31100018085106373,0.010638297872340425,29.23401699999999
low_vol_consensus_reversal,100,1500,-26.64690000000001,396,93,91,-0.06729015151515154,-0.286525806451613,-0.292823076923077,0.03296703296703297,26.797100000000007
low_vol_consensus_reversal,100,2000,-25.80695000000001,396,88,86,-0.06516906565656569,-0.2932607954545456,-0.3000808139534885,0.011627906976744186,25.80695000000001
low_vol_consensus_reversal,100,3000,-19.156300000000005,396,83,81,-0.048374494949494966,-0.23079879518072297,-0.23649753086419759,0.037037037037037035,19.156300000000005
low_vol_consensus_reversal,100,4000,-19.560400000000005,396,81,79,-0.049394949494949505,-0.2414864197530865,-0.24760000000000007,0.06329113924050633,19.560400000000005
low_vol_consensus_reversal,100,5000,-22.314374800000003,396,79,77,-0.05634943131313132,-0.2824604405063292,-0.28979707532467536,0.06493506493506493,22.314374800000003
low_vol_consensus_reversal,100,7500,-26.19725,396,69,67,-0.06615467171717172,-0.37967028985507245,-0.3910037313432836,0.11940298507462686,26.19725
low_vol_consensus_reversal,100,10000,-21.02884999999999,396,65,63,-0.05310315656565654,-0.3235207692307691,-0.3337912698412697,0.14285714285714285,21.02884999999999
low_vol_consensus_reversal,250,500,-23.284043200000003,396,96,95,-0.0587980888888889,-0.2425421166666667,-0.2450951915789474,0.010526315789473684,23.284043200000003
low_vol_consensus_reversal,250,750,-25.756744700000006,396,96,95,-0.0650422845959596,-0.2682994239583334,-0.2711236284210527,0.021052631578947368,25.756744700000006
low_vol_consensus_reversal,250,1000,-24.20013140000001,396,96,95,-0.06111144292929296,-0.25208470208333345,-0.254738225263158,0.010526315789473684,24.20013140000001
low_vol_consensus_reversal,250,1500,-22.39598080000001,396,93,92,-0.0565555070707071,-0.24081699784946248,-0.2434345739130436,0.03260869565217391,22.39598080000001
low_vol_consensus_reversal,250,2000,-22.632890000000007,396,88,87,-0.05715376262626264,-0.2571919318181819,-0.2601481609195403,0.05747126436781609,22.632890000000007
low_vol_consensus_reversal,250,3000,-16.283095600000003,396,83,82,-0.04111892828282829,-0.19618187469879522,-0.19857433658536588,0.06097560975609756,16.283095600000003
low_vol_consensus_reversal,250,4000,-16.735195600000004,396,81,80,-0.04226059494949496,-0.2066073530864198,-0.20918994500000004,0.0625,16.735195600000004
low_vol_consensus_reversal,250,5000,-19.588258400000008,396,79,78,-0.04946529898989901,-0.24795263797468364,-0.2511315179487181,0.0641025641025641,19.588258400000008
low_vol_consensus_reversal,250,7500,-24.390501600000004,396,69,68,-0.061592175757575765,-0.35348553043478265,-0.3586838470588236,0.11764705882352941,24.390501600000004
low_vol_consensus_reversal,250,10000,-19.8931784,396,65,64,-0.05023529898989899,-0.3060488984615385,-0.3108309125,0.140625,19.8931784
high_vol_consensus_momentum,5,500,-7.24015,368,76,75,-0.019674320652173914,-0.09526513157894737,-0.09653533333333333,0.16,7.24015
high_vol_consensus_momentum,5,750,-9.132885999999997,368,76,75,-0.024817624999999992,-0.12016955263157891,-0.1217718133333333,0.14666666666666667,9.132885999999997
high_vol_consensus_momentum,5,1000,-6.64865,368,76,75,-0.018066983695652173,-0.08748223684210527,-0.08864866666666667,0.17333333333333334,6.894849999999996
high_vol_consensus_momentum,5,1500,-3.607350000000002,368,76,75,-0.009802581521739136,-0.0474651315789474,-0.04809800000000003,0.25333333333333335,5.064749999999999
high_vol_consensus_momentum,5,2000,-2.2234000000000025,368,75,74,-0.006041847826086963,-0.029645333333333367,-0.03004594594594598,0.28378378378378377,4.0772
high_vol_consensus_momentum,5,3000,-9.831690000000005,368,73,72,-0.02671654891304349,-0.13468068493150692,-0.13655125000000007,0.3333333333333333,10.466640000000003
high_vol_consensus_momentum,5,4000,-7.041950000000005,368,71,70,-0.019135733695652187,-0.09918239436619726,-0.1005992857142858,0.35714285714285715,8.249800000000006
high_vol_consensus_momentum,5,5000,-6.450600000000001,368,68,67,-0.01752880434782609,-0.09486176470588237,-0.09627761194029853,0.3283582089552239,8.473750000000003
high_vol_consensus_momentum,5,7500,-2.2373000000000003,368,66,65,-0.0060796195652173925,-0.03389848484848485,-0.034420000000000006,0.4307692307692308,4.693050000000003
high_vol_consensus_momentum,5,10000,-3.5809000000000024,368,65,64,-0.009730706521739137,-0.05509076923076927,-0.05595156250000004,0.4375,6.2492500000000035
high_vol_consensus_momentum,10,500,-5.8884000000000025,368,76,72,-0.016001086956521745,-0.07747894736842109,-0.08178333333333337,0.1527777777777778,5.8884000000000025
high_vol_consensus_momentum,10,750,-7.4263860000000035,368,76,72,-0.020180396739130444,-0.09771560526315794,-0.10314425000000005,0.1527777777777778,7.4263860000000035
high_vol_consensus_momentum,10,1000,-4.743250000000001,368,76,72,-0.012889266304347828,-0.06241118421052633,-0.06587847222222223,0.18055555555555555,4.989449999999997
high_vol_consensus_momentum,10,1500,-1.8067500000000047,368,76,72,-0.004909646739130448,-0.023773026315789536,-0.025093750000000067,0.25,3.2641500000000017
high_vol_consensus_momentum,10,2000,-0.5144000000000051,368,75,71,-0.0013978260869565355,-0.006858666666666734,-0.007245070422535283,0.29577464788732394,2.3682000000000025
high_vol_consensus_momentum,10,3000,-8.970490000000005,368,73,69,-0.024376331521739146,-0.12288342465753432,-0.13000710144927544,0.34782608695652173,9.667840000000004
high_vol_consensus_momentum,10,4000,-5.385500000000006,368,71,67,-0.014634510869565232,-0.07585211267605642,-0.08038059701492546,0.373134328358209,6.655750000000006
high_vol_consensus_momentum,10,5000,-5.300900000000001,368,68,64,-0.014404619565217394,-0.0779544117647059,-0.08282656250000002,0.328125,7.227550000000003
high_vol_consensus_momentum,10,7500,-1.4955999999999978,368,66,62,-0.004064130434782603,-0.022660606060606027,-0.024122580645161255,0.43548387096774194,3.8315
high_vol_consensus_momentum,10,10000,-3.5918500000000027,368,65,61,-0.009760461956521747,-0.05525923076923081,-0.058882786885245945,0.4262295081967213,6.004150000000003
high_vol_consensus_momentum,25,500,-7.991000000000002,368,76,69,-0.021714673913043485,-0.10514473684210529,-0.11581159420289859,0.10144927536231885,7.991000000000002
high_vol_consensus_momentum,25,750,-9.314886,368,76,69,-0.025312190217391305,-0.12256428947368421,-0.13499834782608694,0.10144927536231885,9.314886
high_vol_consensus_momentum,25,1000,-7.1866,368,76,69,-0.019528804347826088,-0.09456052631578948,-0.1041536231884058,0.13043478260869565,7.1866
high_vol_consensus_momentum,25,1500,-5.023500000000001,368,76,69,-0.013650815217391308,-0.06609868421052634,-0.07280434782608697,0.2028985507246377,5.023500000000001
high_vol_consensus_momentum,25,2000,-3.6340500000000056,368,76,69,-0.009875135869565232,-0.047816447368421125,-0.05266739130434791,0.2608695652173913,3.7369500000000038
high_vol_consensus_momentum,25,3000,-8.693750000000009,368,74,67,-0.023624320652173937,-0.11748310810810822,-0.1297574626865673,0.3283582089552239,8.935650000000006
high_vol_consensus_momentum,25,4000,-7.081550000000007,368,74,67,-0.019243342391304367,-0.09569662162162172,-0.10569477611940309,0.34328358208955223,7.949300000000006
high_vol_consensus_momentum,25,5000,-7.2264,368,71,64,-0.01963695652173913,-0.10178028169014085,-0.1129125,0.296875,8.273750000000001
high_vol_consensus_momentum,25,7500,-3.3323500000000013,368,69,62,-0.009055298913043481,-0.0482949275362319,-0.05374758064516131,0.4032258064516129,4.493050000000004
high_vol_consensus_momentum,25,10000,-4.675950000000004,368,68,61,-0.012706385869565228,-0.06876397058823536,-0.07665491803278694,0.4098360655737705,6.049250000000004
high_vol_consensus_momentum,50,500,-8.2794,368,76,66,-0.022498369565217394,-0.10893947368421053,-0.12544545454545455,0.07575757575757576,8.2794
high_vol_consensus_momentum,50,750,-9.554935999999998,368,76,66,-0.025964499999999995,-0.12572284210526313,-0.14477175757575755,0.07575757575757576,9.554935999999998
high_vol_consensus_momentum,50,1000,-7.426649999999999,368,76,66,-0.020181114130434778,-0.0977190789473684,-0.11252499999999999,0.10606060606060606,7.426649999999999
high_vol_consensus_momentum,50,1500,-5.109250000000002,368,76,66,-0.013883831521739136,-0.06722697368421056,-0.07741287878787882,0.19696969696969696,5.109250000000002
high_vol_consensus_momentum,50,2000,-3.7728500000000054,368,76,66,-0.01025230978260871,-0.04964276315789481,-0.05716439393939402,0.25757575757575757,3.7728500000000054
high_vol_consensus_momentum,50,3000,-9.200350000000004,368,74,64,-0.025000951086956533,-0.1243290540540541,-0.14375546875000006,0.3125,9.200350000000004
high_vol_consensus_momentum,50,4000,-7.641500000000006,368,74,64,-0.02076494565217393,-0.1032635135135136,-0.11939843750000009,0.328125,8.181300000000006
high_vol_consensus_momentum,50,5000,-8.0285,368,71,61,-0.02181657608695652,-0.11307746478873239,-0.13161475409836065,0.2786885245901639,8.747900000000001
high_vol_consensus_momentum,50,7500,-5.727899999999999,368,69,59,-0.01556494565217391,-0.08301304347826086,-0.09708305084745761,0.3728813559322034,6.507450000000003
high_vol_consensus_momentum,50,10000,-5.004050000000002,368,69,59,-0.013597961956521744,-0.07252246376811597,-0.08481440677966105,0.3898305084745763,5.996300000000004
high_vol_consensus_momentum,100,500,-5.915199999999998,368,77,59,-0.016073913043478254,-0.07682077922077919,-0.10025762711864403,0.0847457627118644,5.915199999999998
high_vol_consensus_momentum,100,750,-7.2905359999999995,368,77,59,-0.019811239130434782,-0.0946822857142857,-0.12356840677966101,0.0847457627118644,7.2905359999999995
high_vol_consensus_momentum,100,1000,-5.318199999999997,368,77,59,-0.014451630434782602,-0.06906753246753243,-0.09013898305084742,0.11864406779661017,5.318199999999997
high_vol_consensus_momentum,100,1500,-4.008700000000002,368,77,59,-0.010893206521739135,-0.05206103896103899,-0.0679440677966102,0.1864406779661017,4.008700000000002
high_vol_consensus_momentum,100,2000,-2.927550000000003,368,77,59,-0.007955298913043488,-0.03802012987012991,-0.04961949152542378,0.2542372881355932,2.9504500000000005
high_vol_consensus_momentum,100,3000,-6.894500000000005,368,75,57,-0.018735054347826102,-0.09192666666666674,-0.12095614035087729,0.3333333333333333,6.995900000000004
high_vol_consensus_momentum,100,4000,-5.049350000000004,368,75,57,-0.013721059782608706,-0.06732466666666671,-0.08858508771929832,0.3157894736842105,5.510650000000005
high_vol_consensus_momentum,100,5000,-5.532949999999999,368,74,56,-0.015035190217391302,-0.07476959459459458,-0.09880267857142855,0.2857142857142857,6.120500000000002
high_vol_consensus_momentum,100,7500,-3.735899999999999,368,72,54,-0.010151902173913041,-0.05188749999999999,-0.06918333333333332,0.3888888888888889,4.383600000000003
high_vol_consensus_momentum,100,10000,-3.0682,368,72,54,-0.0083375,-0.04261388888888889,-0.05681851851851852,0.3888888888888889,4.704599999999999
high_vol_consensus_momentum,250,500,-5.797250000000002,368,77,56,-0.01575339673913044,-0.07528896103896106,-0.10352232142857146,0.05357142857142857,5.797250000000002
high_vol_consensus_momentum,250,750,-7.078836000000002,368,77,56,-0.019235967391304353,-0.09193293506493509,-0.12640778571428574,0.05357142857142857,7.078836000000002
high_vol_consensus_momentum,250,1000,-4.75155,368,77,56,-0.012911820652173913,-0.06170844155844156,-0.08484910714285714,0.08928571428571429,4.75155
high_vol_consensus_momentum,250,1500,-2.674350000000004,368,77,56,-0.00726725543478262,-0.03473181818181823,-0.04775625000000007,0.17857142857142858,2.77935
high_vol_consensus_momentum,250,2000,-1.4494500000000063,368,77,56,-0.0039387228260869735,-0.018824025974026055,-0.025883035714285827,0.26785714285714285,1.9080500000000038
high_vol_consensus_momentum,250,3000,-6.682900000000007,368,75,54,-0.018160054347826107,-0.08910533333333343,-0.12375740740740754,0.3148148148148148,6.713750000000004
high_vol_consensus_momentum,250,4000,-5.193300000000006,368,75,54,-0.014112228260869582,-0.06924400000000008,-0.09617222222222234,0.2962962962962963,5.530700000000004
high_vol_consensus_momentum,250,5000,-5.596350000000001,368,73,52,-0.015207472826086959,-0.0766623287671233,-0.1076221153846154,0.25,6.0600000000000005
high_vol_consensus_momentum,250,7500,-3.5076500000000026,368,71,50,-0.009531657608695659,-0.0494035211267606,-0.07015300000000005,0.36,3.964400000000002
high_vol_consensus_momentum,250,10000,-3.2399500000000026,368,71,50,-0.008804211956521747,-0.045633098591549334,-0.06479900000000005,0.36,4.51325
high_vol_consensus_reversal,5,500,-17.844249999999995,368,72,72,-0.04848980978260868,-0.24783680555555548,-0.24783680555555548,0.041666666666666664,18.080999999999996
high_vol_consensus_reversal,5,750,-17.314149999999998,368,72,72,-0.04704932065217391,-0.24047430555555552,-0.24047430555555552,0.027777777777777776,17.684499999999996
high_vol_consensus_reversal,5,1000,-19.245950000000004,368,72,72,-0.052298777173913055,-0.2673048611111112,-0.2673048611111112,0.027777777777777776,19.572700000000005
high_vol_consensus_reversal,5,1500,-21.404699999999995,368,72,72,-0.0581649456521739,-0.2972874999999999,-0.2972874999999999,0.041666666666666664,21.593299999999996
high_vol_consensus_reversal,5,2000,-21.288,368,71,71,-0.05784782608695652,-0.29983098591549295,-0.29983098591549295,0.056338028169014086,21.61475
high_vol_consensus_reversal,5,3000,-19.874700000000004,368,69,69,-0.054007336956521754,-0.2880391304347827,-0.2880391304347827,0.028985507246376812,20.097000000000005
high_vol_consensus_reversal,5,4000,-17.85645,368,67,67,-0.04852296195652173,-0.2665141791044776,-0.2665141791044776,0.05970149253731343,18.08215
high_vol_consensus_reversal,5,5000,-18.23145,368,64,64,-0.04954198369565217,-0.28486640625,-0.28486640625,0.046875,18.563
high_vol_consensus_reversal,5,7500,-19.633700000000005,368,62,62,-0.053352445652173924,-0.31667258064516135,-0.31667258064516135,0.11290322580645161,20.177850000000007
high_vol_consensus_reversal,5,10000,-19.10985,368,61,61,-0.051928940217391306,-0.3132762295081967,-0.3132762295081967,0.08196721311475409,19.642650000000003
high_vol_consensus_reversal,10,500,-17.260149999999992,368,72,71,-0.04690258152173911,-0.23972430555555546,-0.24310070422535202,0.04225352112676056,17.496899999999993
high_vol_consensus_reversal,10,750,-16.73005,368,72,71,-0.045462092391304346,-0.23236180555555552,-0.2356345070422535,0.028169014084507043,17.100399999999997
high_vol_consensus_reversal,10,1000,-18.66185,368,72,71,-0.05071154891304348,-0.2591923611111111,-0.26284295774647887,0.028169014084507043,18.9886
high_vol_consensus_reversal,10,1500,-20.820599999999992,368,72,71,-0.05657771739130433,-0.2891749999999999,-0.2932478873239435,0.056338028169014086,21.009199999999993
high_vol_consensus_reversal,10,2000,-20.610349999999997,368,71,70,-0.05600638586956521,-0.2902866197183098,-0.2944335714285714,0.07142857142857142,20.937099999999997
high_vol_consensus_reversal,10,3000,-19.20115,368,69,68,-0.05217703804347826,-0.27827753623188406,-0.28236985294117645,0.029411764705882353,19.47155
high_vol_consensus_reversal,10,4000,-17.1363,368,67,66,-0.04656603260869565,-0.25576567164179104,-0.2596409090909091,0.06060606060606061,17.362
high_vol_consensus_reversal,10,5000,-17.5113,368,64,63,-0.04758505434782608,-0.2736140625,-0.27795714285714285,0.047619047619047616,17.84285
high_vol_consensus_reversal,10,7500,-18.913549999999997,368,62,61,-0.05139551630434782,-0.30505725806451606,-0.3100581967213114,0.11475409836065574,19.4577
high_vol_consensus_reversal,10,10000,-18.389699999999998,368,61,60,-0.04997201086956521,-0.3014704918032787,-0.30649499999999996,0.08333333333333333,18.9706
high_vol_consensus_reversal,25,500,-16.5433295,368,72,71,-0.04495469972826087,-0.22976846527777775,-0.23300464084507042,0.04225352112676056,16.7800795
high_vol_consensus_reversal,25,750,-15.819458000000001,368,72,71,-0.042987657608695655,-0.21971469444444447,-0.22280926760563383,0.028169014084507043,16.189808
high_vol_consensus_reversal,25,1000,-17.778817499999995,368,72,71,-0.04831200407608694,-0.24692802083333326,-0.2504058802816901,0.028169014084507043,18.105567499999996
high_vol_consensus_reversal,25,1500,-19.937567499999993,368,72,71,-0.05417817255434781,-0.2769106597222221,-0.28081080985915485,0.056338028169014086,20.126167499999994
high_vol_consensus_reversal,25,2000,-19.805733999999998,368,71,70,-0.05381992934782608,-0.278954,-0.2829390571428571,0.07142857142857142,20.132483999999998
high_vol_consensus_reversal,25,3000,-18.797699999999995,368,69,68,-0.05108070652173912,-0.27243043478260864,-0.2764367647058823,0.029411764705882353,19.068099999999998
high_vol_consensus_reversal,25,4000,-16.879149999999996,368,67,66,-0.045867255434782594,-0.25192761194029845,-0.2557446969696969,0.06060606060606061,17.104849999999995
high_vol_consensus_reversal,25,5000,-17.25415,368,64,63,-0.04688627717391304,-0.26959609375,-0.2738753968253968,0.047619047619047616,17.5857
high_vol_consensus_reversal,25,7500,-18.656399999999998,368,62,61,-0.05069673913043478,-0.3009096774193548,-0.30584262295081965,0.11475409836065574,19.20055
high_vol_consensus_reversal,25,10000,-18.132549999999995,368,61,60,-0.04927323369565216,-0.2972549180327868,-0.3022091666666666,0.08333333333333333,18.713449999999998
high_vol_consensus_reversal,50,500,-16.1622,368,72,69,-0.04391902173913043,-0.22447499999999998,-0.23423478260869562,0.028985507246376812,16.1622
high_vol_consensus_reversal,50,750,-15.728600000000002,368,72,69,-0.04274076086956522,-0.2184527777777778,-0.22795072463768118,0.014492753623188406,15.860350000000002
high_vol_consensus_reversal,50,1000,-17.563899999999993,368,72,69,-0.047727989130434766,-0.24394305555555545,-0.25454927536231875,0.028985507246376812,17.748549999999994
high_vol_consensus_reversal,50,1500,-19.674499999999995,368,72,69,-0.05346331521739129,-0.27325694444444437,-0.28513768115942023,0.07246376811594203,19.753399999999996
high_vol_consensus_reversal,50,2000,-19.614049999999995,368,71,68,-0.05329904891304347,-0.27625422535211264,-0.2884419117647058,0.07352941176470588,19.798699999999997
high_vol_consensus_reversal,50,3000,-18.10865,368,69,66,-0.049208288043478265,-0.26244420289855075,-0.27437348484848484,0.030303030303030304,18.238500000000002
high_vol_consensus_reversal,50,4000,-16.288400000000003,368,67,64,-0.044261956521739136,-0.24311044776119406,-0.25450625000000004,0.046875,16.420150000000003
high_vol_consensus_reversal,50,5000,-16.663399999999996,368,64,61,-0.045280978260869555,-0.26036562499999993,-0.2731704918032786,0.03278688524590164,16.900999999999996
high_vol_consensus_reversal,50,7500,-18.019049999999996,368,62,59,-0.048964809782608684,-0.29062983870967735,-0.305407627118644,0.1016949152542373,18.469249999999995
high_vol_consensus_reversal,50,10000,-17.542549999999995,368,61,58,-0.04766997282608694,-0.2875827868852458,-0.3024577586206896,0.06896551724137931,18.077549999999995
high_vol_consensus_reversal,100,500,-14.579799999999999,368,72,68,-0.039619021739130435,-0.20249722222222222,-0.21440882352941174,0.014705882352941176,14.579799999999999
high_vol_consensus_reversal,100,750,-14.1516,368,72,68,-0.0384554347826087,-0.19655,-0.20811176470588236,0.029411764705882353,14.3783
high_vol_consensus_reversal,100,1000,-15.4932,368,72,68,-0.04210108695652174,-0.21518333333333334,-0.22784117647058824,0.029411764705882353,15.7728
high_vol_consensus_reversal,100,1500,-17.46099999999999,368,72,68,-0.04744836956521737,-0.24251388888888878,-0.25677941176470576,0.07352941176470588,17.634849999999993
high_vol_consensus_reversal,100,2000,-17.694099999999995,368,71,67,-0.04808179347826086,-0.24921267605633796,-0.26409104477611933,0.07462686567164178,17.973699999999997
high_vol_consensus_reversal,100,3000,-16.54265,368,69,65,-0.04495285326086956,-0.23974855072463766,-0.25450230769230764,0.046153846153846156,16.7409
high_vol_consensus_reversal,100,4000,-14.825750000000005,368,67,63,-0.040287364130434794,-0.2212798507462687,-0.23532936507936517,0.06349206349206349,15.052450000000004
high_vol_consensus_reversal,100,5000,-14.809200000000004,368,64,60,-0.040242391304347834,-0.23139375000000006,-0.24682000000000007,0.03333333333333333,15.141750000000005
high_vol_consensus_reversal,100,7500,-16.261,368,62,58,-0.0441875,-0.2622741935483871,-0.28036206896551724,0.10344827586206896,16.80615
high_vol_consensus_reversal,100,10000,-15.933549999999999,368,61,57,-0.0432976902173913,-0.261205737704918,-0.27953596491228067,0.07017543859649122,16.563499999999998
high_vol_consensus_reversal,250,500,-11.201200000000002,368,72,64,-0.030438043478260873,-0.15557222222222225,-0.17501875000000003,0.015625,11.201200000000002
high_vol_consensus_reversal,250,750,-10.579300000000005,368,72,64,-0.02874809782608697,-0.14693472222222229,-0.16530156250000008,0.046875,10.806000000000004
high_vol_consensus_reversal,250,1000,-12.461750000000002,368,72,64,-0.03386345108695653,-0.17307986111111115,-0.19471484375000003,0.03125,12.741350000000002
high_vol_consensus_reversal,250,1500,-14.372700000000002,368,72,64,-0.03905625000000001,-0.19962083333333336,-0.22457343750000003,0.0625,14.546550000000002
high_vol_consensus_reversal,250,2000,-14.4629,368,71,63,-0.03930135869565217,-0.20370281690140843,-0.22956984126984126,0.07936507936507936,14.7425
high_vol_consensus_reversal,250,3000,-12.493850000000002,368,69,61,-0.03395067934782609,-0.18107028985507248,-0.20481721311475412,0.11475409836065574,13.002750000000002
high_vol_consensus_reversal,250,4000,-11.422150000000004,368,67,59,-0.03103845108695653,-0.1704798507462687,-0.19359576271186446,0.13559322033898305,11.648850000000003
high_vol_consensus_reversal,250,5000,-11.75655,368,64,56,-0.03194714673913044,-0.18369609375,-0.20993839285714286,0.08928571428571429,12.089100000000002
high_vol_consensus_reversal,250,7500,-12.984450000000002,368,62,54,-0.03528383152173914,-0.20942661290322584,-0.24045277777777782,0.14814814814814814,13.666100000000004
high_vol_consensus_reversal,250,10000,-12.130299999999997,368,61,53,-0.032962771739130425,-0.19885737704918027,-0.22887358490566032,0.07547169811320754,13.070899999999996
high_vol_ratio_momentum,5,500,-7.64575,393,86,84,-0.019454834605597965,-0.08890406976744186,-0.09102083333333333,0.16666666666666666,7.64575
high_vol_ratio_momentum,5,750,-10.006085999999996,393,86,84,-0.025460778625954188,-0.11634983720930228,-0.11912007142857138,0.14285714285714285,10.006085999999996
high_vol_ratio_momentum,5,1000,-9.000086,393,86,84,-0.022900982188295164,-0.10465216279069767,-0.10714388095238095,0.15476190476190477,9.000086
high_vol_ratio_momentum,5,1500,-3.9641500000000005,393,86,84,-0.010086895674300256,-0.046094767441860474,-0.04719226190476191,0.23809523809523808,5.9606499999999984
high_vol_ratio_momentum,5,2000,-2.5729500000000023,393,84,82,-0.006546946564885502,-0.03063035714285717,-0.031377439024390275,0.2682926829268293,4.966150000000001
high_vol_ratio_momentum,5,3000,-10.817540000000005,393,80,78,-0.02752554707379136,-0.13521925000000007,-0.13868641025641032,0.3076923076923077,11.219090000000003
high_vol_ratio_momentum,5,4000,-7.924700000000004,393,78,76,-0.020164631043257008,-0.101598717948718,-0.10427236842105268,0.32894736842105265,8.899150000000004
high_vol_ratio_momentum,5,5000,-7.194300000000003,393,75,73,-0.018306106870229016,-0.09592400000000004,-0.09855205479452059,0.3013698630136986,8.984050000000003
high_vol_ratio_momentum,5,7500,-0.7578999999999991,393,72,70,-0.0019284987277353668,-0.010526388888888877,-0.010827142857142844,0.4,3.9544500000000005
high_vol_ratio_momentum,5,10000,-3.8468000000000018,393,69,67,-0.009788295165394407,-0.05575072463768119,-0.057414925373134355,0.40298507462686567,6.434950000000002
high_vol_ratio_momentum,10,500,-6.294000000000002,393,86,81,-0.016015267175572525,-0.07318604651162794,-0.07770370370370373,0.16049382716049382,6.294000000000002
high_vol_ratio_momentum,10,750,-8.299586000000001,393,86,81,-0.021118539440203567,-0.09650681395348838,-0.10246402469135804,0.14814814814814814,8.299586000000001
high_vol_ratio_momentum,10,1000,-7.094685999999999,393,86,81,-0.01805263613231552,-0.0824963488372093,-0.0875887160493827,0.16049382716049382,7.094685999999999
high_vol_ratio_momentum,10,1500,-2.1635500000000025,393,86,81,-0.005505216284987284,-0.02515755813953491,-0.026710493827160526,0.2345679012345679,4.16005
high_vol_ratio_momentum,10,2000,-0.8639500000000055,393,84,79,-0.002198346055979658,-0.010285119047619114,-0.01093607594936716,0.27848101265822783,3.257150000000003
high_vol_ratio_momentum,10,3000,-9.956340000000004,393,80,75,-0.025334198473282454,-0.12445425000000006,-0.13275120000000007,0.32,10.420290000000003
high_vol_ratio_momentum,10,4000,-6.268250000000006,393,78,73,-0.015949745547073808,-0.08036217948717957,-0.08586643835616448,0.3424657534246575,7.305100000000007
high_vol_ratio_momentum,10,5000,-6.044600000000002,393,75,70,-0.015380661577608147,-0.08059466666666669,-0.08635142857142859,0.3,7.7378500000000034
high_vol_ratio_momentum,10,7500,-0.01619999999999938,393,72,67,-4.122137404579995e-05,-0.0002249999999999914,-0.00024179104477611016,0.40298507462686567,3.9544500000000005
high_vol_ratio_momentum,10,10000,-3.8577500000000016,393,69,64,-0.009816157760814253,-0.05590942028985509,-0.060277343750000024,0.390625,6.1898500000000025
high_vol_ratio_momentum,25,500,-8.629300000000002,393,86,77,-0.02195750636132316,-0.10034069767441864,-0.1120688311688312,0.1038961038961039,8.629300000000002
high_vol_ratio_momentum,25,750,-10.005085999999999,393,86,77,-0.02545823409669211,-0.11633820930232557,-0.1299361818181818,0.1038961038961039,10.005085999999999
high_vol_ratio_momentum,25,1000,-9.251835999999996,393,86,77,-0.023541567430025435,-0.10757948837209297,-0.12015371428571422,0.11688311688311688,9.251835999999996
high_vol_ratio_momentum,25,1500,-5.248999999999999,393,86,77,-0.013356234096692109,-0.061034883720930216,-0.06816883116883116,0.19480519480519481,5.574349999999997
high_vol_ratio_momentum,25,2000,-3.904100000000004,393,85,76,-0.00993409669211197,-0.04593058823529417,-0.051369736842105315,0.25,4.625900000000003
high_vol_ratio_momentum,25,3000,-9.548300000000008,393,81,72,-0.024295928753180682,-0.11788024691358034,-0.1326152777777779,0.3055555555555556,9.556800000000006
high_vol_ratio_momentum,25,4000,-7.884800000000007,393,81,72,-0.020063104325699764,-0.0973432098765433,-0.10951111111111121,0.3194444444444444,8.519150000000007
high_vol_ratio_momentum,25,5000,-7.838799999999999,393,78,69,-0.019946055979643763,-0.10049743589743589,-0.11360579710144926,0.2753623188405797,8.652750000000001
high_vol_ratio_momentum,25,7500,-1.7734500000000013,393,75,66,-0.004512595419847332,-0.023646000000000018,-0.026870454545454565,0.3787878787878788,3.87495
high_vol_ratio_momentum,25,10000,-4.862350000000003,393,72,63,-0.012372391857506368,-0.06753263888888893,-0.07718015873015878,0.38095238095238093,6.155450000000004
high_vol_ratio_momentum,50,500,-8.962149999999996,393,87,74,-0.02280445292620864,-0.10301321839080455,-0.12111013513513508,0.08108108108108109,8.962149999999996
high_vol_ratio_momentum,50,750,-10.656935999999996,393,87,74,-0.027116885496183196,-0.12249351724137927,-0.1440126486486486,0.06756756756756757,10.656935999999996
high_vol_ratio_momentum,50,1000,-10.006885999999994,393,87,74,-0.025462814249363853,-0.11502167816091947,-0.1352281891891891,0.08108108108108109,10.006885999999994
high_vol_ratio_momentum,50,1500,-5.6465499999999995,393,87,74,-0.014367811704834605,-0.06490287356321839,-0.07630472972972972,0.17567567567567569,5.840899999999996
high_vol_ratio_momentum,50,2000,-4.302900000000005,393,86,73,-0.010948854961832073,-0.05003372093023261,-0.05894383561643842,0.2328767123287671,4.63705
high_vol_ratio_momentum,50,3000,-10.366700000000005,393,82,69,-0.02637837150127228,-0.1264231707317074,-0.15024202898550731,0.2753623188405797,10.366700000000005
high_vol_ratio_momentum,50,4000,-8.704750000000008,393,82,69,-0.022149491094147603,-0.10615548780487814,-0.1261557971014494,0.2898550724637681,9.011150000000008
high_vol_ratio_momentum,50,5000,-9.194849999999999,393,79,66,-0.02339656488549618,-0.11639050632911391,-0.13931590909090907,0.24242424242424243,9.680850000000001
high_vol_ratio_momentum,50,7500,-6.2113999999999985,393,76,63,-0.01580508905852417,-0.08172894736842103,-0.09859365079365077,0.3333333333333333,6.743850000000002
high_vol_ratio_momentum,50,10000,-5.2699500000000015,393,75,62,-0.013409541984732829,-0.07026600000000002,-0.08499919354838711,0.3548387096774194,6.182000000000004
high_vol_ratio_momentum,100,500,-6.782649999999997,393,88,66,-0.017258651399491086,-0.07707556818181814,-0.10276742424242419,0.07575757575757576,6.782649999999997
high_vol_ratio_momentum,100,750,-8.161535999999998,393,88,66,-0.020767267175572514,-0.09274472727272726,-0.12365963636363633,0.07575757575757576,8.161535999999998
high_vol_ratio_momentum,100,1000,-7.564235999999996,393,88,66,-0.019247419847328234,-0.08595722727272723,-0.1146096363636363,0.09090909090909091,7.564235999999996
high_vol_ratio_momentum,100,1500,-4.366699999999999,393,88,66,-0.011111195928753178,-0.0496215909090909,-0.0661621212121212,0.16666666666666666,4.739999999999997
high_vol_ratio_momentum,100,2000,-3.3301000000000025,393,87,65,-0.008473536895674306,-0.0382770114942529,-0.05123230769230773,0.23076923076923078,3.7914000000000003
high_vol_ratio_momentum,100,3000,-7.881550000000004,393,83,61,-0.020054834605597975,-0.09495843373493981,-0.1292057377049181,0.29508196721311475,7.881550000000004
high_vol_ratio_momentum,100,4000,-5.9851000000000045,393,83,61,-0.015229262086514006,-0.07210963855421693,-0.09811639344262303,0.2786885245901639,6.213000000000005
high_vol_ratio_momentum,100,5000,-6.519999999999998,393,82,60,-0.016590330788804064,-0.07951219512195119,-0.10866666666666663,0.25,6.874150000000001
high_vol_ratio_momentum,100,7500,-4.091899999999999,393,79,57,-0.010411959287531804,-0.051796202531645553,-0.0717877192982456,0.3508771929824561,4.492500000000003
high_vol_ratio_momentum,100,10000,-3.2066,393,78,56,-0.008159287531806616,-0.04111025641025641,-0.05726071428571428,0.35714285714285715,4.748049999999999
high_vol_ratio_momentum,250,500,-6.675750000000001,393,88,63,-0.016986641221374048,-0.07586079545454547,-0.10596428571428572,0.047619047619047616,6.675750000000001
high_vol_ratio_momentum,250,750,-8.111236,393,88,63,-0.020639277353689568,-0.09217313636363636,-0.12874977777777777,0.047619047619047616,8.111236
high_vol_ratio_momentum,250,1000,-5.5786,393,88,63,-0.014194910941475826,-0.06339318181818182,-0.08854920634920635,0.07936507936507936,5.5786
high_vol_ratio_momentum,250,1500,-3.552850000000004,393,88,63,-0.00904033078880408,-0.040373295454545495,-0.056394444444444504,0.15873015873015872,3.5540999999999996
high_vol_ratio_momentum,250,2000,-2.267650000000006,393,87,62,-0.005770101781170499,-0.0260649425287357,-0.036575000000000094,0.24193548387096775,2.6210500000000034
high_vol_ratio_momentum,250,3000,-7.543450000000005,393,84,59,-0.019194529262086528,-0.08980297619047625,-0.1278550847457628,0.288135593220339,7.543450000000005
high_vol_ratio_momentum,250,4000,-6.002550000000006,393,84,59,-0.01527366412213742,-0.07145892857142863,-0.10173813559322044,0.2711864406779661,6.219350000000004
high_vol_ratio_momentum,250,5000,-6.4569,393,82,57,-0.01642977099236641,-0.07874268292682927,-0.11327894736842105,0.22807017543859648,6.79995
high_vol_ratio_momentum,250,7500,-3.737150000000002,393,79,54,-0.009509287531806621,-0.04730569620253167,-0.06920648148148152,0.3333333333333333,4.073300000000002
high_vol_ratio_momentum,250,10000,-3.3584500000000017,393,78,53,-0.008545674300254458,-0.043057051282051305,-0.0633669811320755,0.33962264150943394,4.5567
high_vol_ratio_reversal,5,500,-21.178659999999997,393,81,81,-0.05388972010178116,-0.2614649382716049,-0.2614649382716049,0.037037037037037035,21.415409999999998
high_vol_ratio_reversal,5,750,-20.128043999999996,393,81,81,-0.05121639694656487,-0.2484943703703703,-0.2484943703703703,0.024691358024691357,20.461293999999995
high_vol_ratio_reversal,5,1000,-21.9961,393,81,81,-0.05596972010178117,-0.2715567901234568,-0.2715567901234568,0.024691358024691357,22.26255
high_vol_ratio_reversal,5,1500,-23.910650000000004,393,81,81,-0.06084134860050892,-0.29519320987654324,-0.29519320987654324,0.037037037037037035,24.099250000000005
high_vol_ratio_reversal,5,2000,-23.68675,393,79,79,-0.06027162849872773,-0.2998322784810127,-0.2998322784810127,0.05063291139240506,23.953200000000002
high_vol_ratio_reversal,5,3000,-21.057250000000007,393,75,75,-0.053580788804071265,-0.2807633333333334,-0.2807633333333334,0.02666666666666667,21.197800000000008
high_vol_ratio_reversal,5,4000,-19.135150000000003,393,73,73,-0.048689949109414765,-0.2621253424657535,-0.2621253424657535,0.0547945205479452,19.323750000000004
high_vol_ratio_reversal,5,5000,-19.719650000000005,393,70,70,-0.05017722646310434,-0.2817092857142858,-0.2817092857142858,0.04285714285714286,19.990900000000007
high_vol_ratio_reversal,5,7500,-23.386950000000006,393,67,67,-0.05950877862595421,-0.3490589552238807,-0.3490589552238807,0.08955223880597014,23.870800000000006
high_vol_ratio_reversal,5,10000,-20.319800000000004,393,64,64,-0.051704325699745556,-0.31749687500000007,-0.31749687500000007,0.078125,20.755600000000005
high_vol_ratio_reversal,10,500,-20.594559999999998,393,81,80,-0.05240346055979643,-0.2542538271604938,-0.257432,0.0375,20.83131
high_vol_ratio_reversal,10,750,-19.543943999999993,393,81,80,-0.049730137404580134,-0.24128325925925917,-0.2442992999999999,0.025,19.877193999999992
high_vol_ratio_reversal,10,1000,-21.412000000000003,393,81,80,-0.05448346055979644,-0.26434567901234574,-0.26765000000000005,0.025,21.678450000000005
high_vol_ratio_reversal,10,1500,-23.32655,393,81,80,-0.05935508905852418,-0.2879820987654321,-0.291581875,0.05,23.515150000000002
high_vol_ratio_reversal,10,2000,-23.0091,393,79,78,-0.05854732824427481,-0.29125443037974685,-0.29498846153846153,0.0641025641025641,23.275550000000003
high_vol_ratio_reversal,10,3000,-20.383700000000005,393,75,74,-0.05186692111959289,-0.27178266666666673,-0.2754554054054055,0.02702702702702703,20.524250000000006
high_vol_ratio_reversal,10,4000,-18.415,393,73,72,-0.04685750636132315,-0.25226027397260276,-0.2557638888888889,0.05555555555555555,18.6036
high_vol_ratio_reversal,10,5000,-18.9995,393,70,69,-0.048344783715012725,-0.2714214285714286,-0.2753550724637681,0.043478260869565216,19.270750000000003
high_vol_ratio_reversal,10,7500,-22.666800000000006,393,67,66,-0.05767633587786261,-0.3383104477611941,-0.3434363636363637,0.09090909090909091,23.150650000000006
high_vol_ratio_reversal,10,10000,-19.599649999999997,393,64,63,-0.049871882951653936,-0.30624453124999995,-0.3111055555555555,0.07936507936507936,20.035449999999997
high_vol_ratio_reversal,25,500,-18.361279499999995,393,81,79,-0.04672081297709922,-0.2266824629629629,-0.23242125949367082,0.0379746835443038,18.598029499999996
high_vol_ratio_reversal,25,750,-17.900851999999993,393,81,79,-0.04554924173027988,-0.2209981728395061,-0.22659306329113915,0.02531645569620253,18.234101999999993
high_vol_ratio_reversal,25,1000,-19.844467499999997,393,81,79,-0.0504948282442748,-0.24499342592592588,-0.25119579113924045,0.02531645569620253,20.1109175
high_vol_ratio_reversal,25,1500,-21.759017499999995,393,81,79,-0.05536645674300253,-0.26862984567901227,-0.27543060126582275,0.05063291139240506,21.947617499999996
high_vol_ratio_reversal,25,2000,-21.519983999999997,393,79,77,-0.05475822900763358,-0.27240486075949366,-0.27948031168831167,0.06493506493506493,21.786434
high_vol_ratio_reversal,25,3000,-19.446700000000003,393,75,73,-0.04948269720101782,-0.25928933333333337,-0.2663931506849316,0.0273972602739726,19.587250000000004
high_vol_ratio_reversal,25,4000,-17.5763,393,73,71,-0.04472340966921119,-0.24077123287671232,-0.24755352112676057,0.056338028169014086,17.7649
high_vol_ratio_reversal,25,5000,-18.2088,393,70,68,-0.04633282442748091,-0.2601257142857143,-0.2677764705882353,0.04411764705882353,18.480050000000002
high_vol_ratio_reversal,25,7500,-21.446550000000006,393,67,65,-0.05457137404580154,-0.32009776119402994,-0.32994692307692314,0.09230769230769231,21.930400000000006
high_vol_ratio_reversal,25,10000,-18.379399999999993,393,64,62,-0.04676692111959286,-0.2871781249999999,-0.2964419354838709,0.08064516129032258,18.815199999999994
high_vol_ratio_reversal,50,500,-17.980149999999995,393,81,77,-0.04575101781170482,-0.2219771604938271,-0.2335084415584415,0.025974025974025976,17.980149999999995
high_vol_ratio_reversal,50,750,-17.809994,393,81,77,-0.04531805089058524,-0.21987646913580247,-0.23129862337662338,0.012987012987012988,17.881444
high_vol_ratio_reversal,50,1000,-19.62954999999999,393,81,77,-0.049947964376590305,-0.24234012345679,-0.25492922077922064,0.025974025974025976,19.75389999999999
high_vol_ratio_reversal,50,1500,-21.495949999999997,393,81,77,-0.05469707379134859,-0.26538209876543206,-0.27916818181818176,0.06493506493506493,21.514549999999996
high_vol_ratio_reversal,50,2000,-21.3283,393,79,75,-0.05427048346055979,-0.2699784810126582,-0.2843773333333333,0.06666666666666667,21.45265
high_vol_ratio_reversal,50,3000,-18.757650000000005,393,75,71,-0.047729389312977114,-0.25010200000000005,-0.26419225352112685,0.028169014084507043,18.757650000000005
high_vol_ratio_reversal,50,4000,-16.985550000000003,393,73,69,-0.043220229007633594,-0.23267876712328772,-0.24616739130434787,0.043478260869565216,17.057000000000002
high_vol_ratio_reversal,50,5000,-17.618049999999997,393,70,66,-0.0448296437659033,-0.25168642857142853,-0.2669401515151515,0.030303030303030304,17.79535
high_vol_ratio_reversal,50,7500,-20.8092,393,67,63,-0.05294961832061069,-0.3105850746268657,-0.33030476190476193,0.07936507936507936,21.1991
high_vol_ratio_reversal,50,10000,-17.789399999999993,393,64,60,-0.045265648854961815,-0.2779593749999999,-0.29648999999999986,0.06666666666666667,18.179299999999994
high_vol_ratio_reversal,100,500,-16.4508,393,81,76,-0.04185954198473283,-0.2030962962962963,-0.21645789473684213,0.013157894736842105,16.4508
high_vol_ratio_reversal,100,750,-16.286044,393,81,76,-0.0414403155216285,-0.20106227160493828,-0.21429005263157896,0.02631578947368421,16.452444
high_vol_ratio_reversal,100,1000,-17.611899999999995,393,81,76,-0.044813994910941464,-0.2174308641975308,-0.23173552631578942,0.02631578947368421,17.831199999999995
high_vol_ratio_reversal,100,1500,-19.3355,393,81,76,-0.04919974554707379,-0.23870987654320988,-0.2544144736842105,0.06578947368421052,19.44905
high_vol_ratio_reversal,100,2000,-19.461399999999994,393,79,74,-0.049520101781170466,-0.2463468354430379,-0.2629918918918918,0.06756756756756757,19.680699999999995
high_vol_ratio_reversal,100,3000,-17.2447,393,75,70,-0.04387964376590331,-0.22992933333333335,-0.24635285714285718,0.04285714285714286,17.2528
high_vol_ratio_reversal,100,4000,-15.575950000000002,393,73,68,-0.03963346055979644,-0.2133691780821918,-0.22905808823529417,0.058823529411764705,15.742350000000002
high_vol_ratio_reversal,100,5000,-15.816900000000004,393,70,65,-0.040246564885496196,-0.22595571428571434,-0.24333692307692315,0.03076923076923077,16.089150000000004
high_vol_ratio_reversal,100,7500,-19.10419999999999,393,67,62,-0.04861119592875316,-0.2851373134328357,-0.308132258064516,0.08064516129032258,19.58904999999999
high_vol_ratio_reversal,100,10000,-16.233449999999998,393,64,59,-0.04130648854961831,-0.25364765624999996,-0.27514322033898303,0.06779661016949153,16.718299999999996
high_vol_ratio_reversal,250,500,-13.95241,393,81,73,-0.0355023155216285,-0.17225197530864197,-0.19112890410958905,0.0136986301369863,13.95241
high_vol_ratio_reversal,250,750,-12.809994000000005,393,81,73,-0.032595404580152684,-0.15814807407407414,-0.17547936986301377,0.0410958904109589,12.976394000000004
high_vol_ratio_reversal,250,1000,-14.628700000000002,393,81,73,-0.03722315521628499,-0.18060123456790125,-0.20039315068493155,0.0273972602739726,14.848000000000003
high_vol_ratio_reversal,250,1500,-16.295450000000006,393,81,73,-0.0414642493638677,-0.20117839506172847,-0.2232253424657535,0.0547945205479452,16.409000000000006
high_vol_ratio_reversal,250,2000,-16.27845,393,79,71,-0.04142099236641221,-0.20605632911392405,-0.22927394366197182,0.07042253521126761,16.49775
high_vol_ratio_reversal,250,3000,-13.244150000000001,393,75,67,-0.03370012722646311,-0.17658866666666667,-0.19767388059701493,0.1044776119402985,13.608550000000003
high_vol_ratio_reversal,250,4000,-12.268600000000003,393,73,65,-0.031217811704834612,-0.16806301369863016,-0.18874769230769234,0.12307692307692308,12.435000000000002
high_vol_ratio_reversal,250,5000,-12.812500000000004,393,70,62,-0.03260178117048347,-0.18303571428571433,-0.20665322580645168,0.08064516129032258,13.084750000000003
high_vol_ratio_reversal,250,7500,-16.30545,393,67,59,-0.04148969465648855,-0.24336492537313434,-0.2763635593220339,0.11864406779661017,16.85475
high_vol_ratio_reversal,250,10000,-13.2923,393,64,56,-0.033822646310432566,-0.2076921875,-0.23736249999999998,0.07142857142857142,14.004499999999998
low_vol_ratio_momentum,5,500,-11.786820400000005,371,90,82,-0.031770405390835595,-0.13096467111111118,-0.14374171219512202,0.2073170731707317,11.812970400000006
low_vol_ratio_momentum,5,750,-8.339499999999997,371,90,82,-0.022478436657681934,-0.09266111111111108,-0.10170121951219509,0.2804878048780488,8.374649999999999
low_vol_ratio_momentum,5,1000,-7.728750000000001,371,90,82,-0.020832210242587603,-0.085875,-0.09425304878048782,0.2682926829268293,8.074950000000001
low_vol_ratio_momentum,5,1500,-9.507150000000003,371,88,80,-0.02562574123989219,-0.10803579545454549,-0.11883937500000004,0.2375,9.507150000000003
low_vol_ratio_momentum,5,2000,-9.924249999999999,371,85,77,-0.026749999999999996,-0.11675588235294117,-0.12888636363636363,0.15584415584415584,9.92465
low_vol_ratio_momentum,5,3000,-10.789499999999993,371,83,75,-0.029082210242587583,-0.1299939759036144,-0.1438599999999999,0.18666666666666668,11.265749999999995
low_vol_ratio_momentum,5,4000,-9.087899999999994,371,81,73,-0.024495687331536373,-0.11219629629629622,-0.12449178082191772,0.2465753424657534,9.458249999999996
low_vol_ratio_momentum,5,5000,-7.779299999999991,371,79,71,-0.020968463611859816,-0.09847215189873407,-0.10956760563380269,0.2676056338028169,8.255549999999992
low_vol_ratio_momentum,5,7500,-3.517849999999999,371,71,63,-0.00948207547169811,-0.04954718309859153,-0.05583888888888887,0.36507936507936506,7.074449999999997
low_vol_ratio_momentum,5,10000,-4.354549999999996,371,70,62,-0.01173733153638813,-0.062207857142857086,-0.07023467741935478,0.41935483870967744,6.558749999999998
low_vol_ratio_momentum,10,500,-10.804350000000005,371,90,79,-0.029122237196765512,-0.12004833333333338,-0.13676392405063298,0.21518987341772153,10.830500000000006
low_vol_ratio_momentum,10,750,-8.94985,371,90,79,-0.024123584905660377,-0.09944277777777777,-0.1132892405063291,0.26582278481012656,8.976
low_vol_ratio_momentum,10,1000,-8.3391,371,90,79,-0.02247735849056604,-0.09265666666666666,-0.10555822784810127,0.25316455696202533,8.3391
low_vol_ratio_momentum,10,1500,-9.557050000000004,371,88,77,-0.02576024258760109,-0.10860284090909095,-0.12411753246753252,0.22077922077922077,9.557050000000004
low_vol_ratio_momentum,10,2000,-9.47945,371,86,75,-0.025551078167115902,-0.11022616279069768,-0.12639266666666665,0.16,9.47985
low_vol_ratio_momentum,10,3000,-10.965499999999992,371,85,74,-0.029556603773584884,-0.12900588235294108,-0.14818243243243231,0.17567567567567569,11.441749999999994
low_vol_ratio_momentum,10,4000,-9.667249999999996,371,83,72,-0.026057277628032335,-0.116472891566265,-0.13426736111111104,0.2361111111111111,10.037599999999998
low_vol_ratio_momentum,10,5000,-8.005449999999993,371,81,70,-0.021578032345013456,-0.09883271604938262,-0.11436357142857133,0.2571428571428571,8.481699999999995
low_vol_ratio_momentum,10,7500,-3.517849999999999,371,74,63,-0.00948207547169811,-0.0475385135135135,-0.05583888888888887,0.36507936507936506,7.074449999999997
low_vol_ratio_momentum,10,10000,-4.354549999999996,371,73,62,-0.01173733153638813,-0.05965136986301364,-0.07023467741935478,0.41935483870967744,6.558749999999998
low_vol_ratio_momentum,25,500,-11.276250000000003,371,90,74,-0.030394204851752028,-0.1252916666666667,-0.1523817567567568,0.16216216216216217,11.302400000000004
low_vol_ratio_momentum,25,750,-9.6215,371,90,74,-0.025933962264150942,-0.10690555555555555,-0.13002027027027027,0.24324324324324326,9.64765
low_vol_ratio_momentum,25,1000,-9.06085,371,90,74,-0.024422776280323452,-0.10067611111111112,-0.12244391891891893,0.22972972972972974,9.06085
low_vol_ratio_momentum,25,1500,-9.253250000000005,371,90,74,-0.02494137466307279,-0.10281388888888894,-0.12504391891891897,0.22972972972972974,9.253250000000005
low_vol_ratio_momentum,25,2000,-8.591650000000001,371,90,74,-0.023158086253369275,-0.0954627777777778,-0.11610337837837839,0.1891891891891892,8.602200000000002
low_vol_ratio_momentum,25,3000,-10.225899999999992,371,89,73,-0.0275630727762803,-0.11489775280898867,-0.1400808219178081,0.2054794520547945,10.702149999999994
low_vol_ratio_momentum,25,4000,-9.126249999999995,371,87,71,-0.024599056603773574,-0.10489942528735627,-0.12853873239436614,0.22535211267605634,9.496599999999997
low_vol_ratio_momentum,25,5000,-7.3153999999999915,371,85,69,-0.019718059299191352,-0.08606352941176461,-0.10602028985507234,0.2753623188405797,7.791649999999993
low_vol_ratio_momentum,25,7500,-3.0266999999999986,371,78,62,-0.008158221024258757,-0.03880384615384613,-0.04881774193548385,0.3870967741935484,6.611849999999997
low_vol_ratio_momentum,25,10000,-4.466749999999996,371,77,61,-0.01203975741239891,-0.058009740259740206,-0.0732254098360655,0.4098360655737705,6.511849999999999
low_vol_ratio_momentum,50,500,-11.451350000000003,371,91,66,-0.030866172506738555,-0.125839010989011,-0.1735053030303031,0.12121212121212122,11.451350000000003
low_vol_ratio_momentum,50,750,-9.862999999999998,371,91,66,-0.026584905660377352,-0.10838461538461536,-0.1494393939393939,0.18181818181818182,9.862999999999998
low_vol_ratio_momentum,50,1000,-9.1547,371,91,66,-0.024675741239892184,-0.1006010989010989,-0.13870757575757575,0.18181818181818182,9.1547
low_vol_ratio_momentum,50,1500,-9.292400000000004,371,91,66,-0.02504690026954179,-0.10211428571428575,-0.14079393939393947,0.21212121212121213,9.292400000000004
low_vol_ratio_momentum,50,2000,-8.231100000000001,371,91,66,-0.02218625336927224,-0.09045164835164837,-0.12471363636363639,0.15151515151515152,8.231100000000001
low_vol_ratio_momentum,50,3000,-8.755149999999993,371,91,66,-0.02359878706199459,-0.09621043956043948,-0.1326537878787878,0.18181818181818182,8.946549999999995
low_vol_ratio_momentum,50,4000,-7.743399999999994,371,89,64,-0.02087169811320753,-0.0870044943820224,-0.12099062499999991,0.234375,7.881849999999995
low_vol_ratio_momentum,50,5000,-6.0873999999999935,371,87,62,-0.016408086253369255,-0.06997011494252867,-0.09818387096774182,0.27419354838709675,7.343249999999997
low_vol_ratio_momentum,50,7500,-2.1749999999999985,371,80,55,-0.005862533692722368,-0.027187499999999983,-0.039545454545454516,0.34545454545454546,6.749049999999999
low_vol_ratio_momentum,50,10000,-4.083249999999998,371,79,54,-0.011006064690026948,-0.05168670886075947,-0.0756157407407407,0.4074074074074074,6.511849999999999
low_vol_ratio_momentum,100,500,-9.195450000000003,371,95,56,-0.024785579514824806,-0.09679421052631582,-0.16420446428571434,0.10714285714285714,9.195450000000003
low_vol_ratio_momentum,100,750,-8.5301,371,95,56,-0.022992183288409702,-0.08979052631578946,-0.15232321428571427,0.14285714285714285,8.5301
low_vol_ratio_momentum,100,1000,-8.17115,371,95,56,-0.02202466307277628,-0.0860121052631579,-0.14591339285714286,0.14285714285714285,8.17115
low_vol_ratio_momentum,100,1500,-8.353850000000003,371,95,56,-0.022517115902964967,-0.08793526315789477,-0.14917589285714292,0.17857142857142858,8.353850000000003
low_vol_ratio_momentum,100,2000,-6.72785,371,95,56,-0.018134366576819407,-0.07081947368421053,-0.12014017857142857,0.17857142857142858,6.72785
low_vol_ratio_momentum,100,3000,-7.046049999999995,371,95,56,-0.0189920485175202,-0.074168947368421,-0.12582232142857133,0.21428571428571427,7.2374499999999955
low_vol_ratio_momentum,100,4000,-5.842299999999994,371,93,54,-0.015747439353099715,-0.06282043010752682,-0.10819074074074063,0.2222222222222222,5.980749999999994
low_vol_ratio_momentum,100,5000,-5.3933999999999935,371,91,52,-0.01453746630727761,-0.0592681318681318,-0.10371923076923065,0.2692307692307692,5.584799999999994
low_vol_ratio_momentum,100,7500,-3.615099999999999,371,86,47,-0.009744204851752019,-0.04203604651162789,-0.07691702127659572,0.3617021276595745,4.889249999999997
low_vol_ratio_momentum,100,10000,-3.3162000000000007,371,86,47,-0.008938544474393533,-0.03856046511627908,-0.07055744680851066,0.3617021276595745,4.5958000000000006
low_vol_ratio_momentum,250,500,-9.579000000000002,371,91,49,-0.02581940700808626,-0.1052637362637363,-0.1954897959183674,0.0,9.579000000000002
low_vol_ratio_momentum,250,750,-9.588799999999999,371,91,49,-0.025845822102425874,-0.10537142857142856,-0.19568979591836733,0.04081632653061224,9.588799999999999
low_vol_ratio_momentum,250,1000,-9.33575,371,91,49,-0.025163746630727766,-0.10259065934065935,-0.19052551020408165,0.04081632653061224,9.33575
low_vol_ratio_momentum,250,1500,-9.775950000000003,371,91,49,-0.026350269541778985,-0.10742802197802202,-0.19950918367346945,0.08163265306122448,9.775950000000003
low_vol_ratio_momentum,250,2000,-8.412750000000003,371,91,49,-0.02267587601078168,-0.09244780219780223,-0.17168877551020414,0.04081632653061224,8.412750000000003
low_vol_ratio_momentum,250,3000,-8.468749999999998,371,91,49,-0.02282681940700808,-0.09306318681318679,-0.1728316326530612,0.08163265306122448,8.66015
low_vol_ratio_momentum,250,4000,-7.762449999999998,371,89,47,-0.02092304582210242,-0.08721853932584267,-0.1651585106382978,0.1276595744680851,7.900899999999998
low_vol_ratio_momentum,250,5000,-7.423449999999995,371,87,45,-0.02000929919137465,-0.08532701149425283,-0.16496555555555545,0.15555555555555556,7.614849999999996
low_vol_ratio_momentum,250,7500,-5.594300000000002,371,83,41,-0.015078975741239899,-0.06740120481927714,-0.1364463414634147,0.24390243902439024,6.767200000000001
low_vol_ratio_momentum,250,10000,-5.029250000000003,371,83,41,-0.013555929919137474,-0.060593373493975936,-0.12266463414634153,0.2926829268292683,6.308850000000003
low_vol_ratio_reversal,5,500,-30.507379999999998,371,87,87,-0.08223013477088949,-0.35065954022988505,-0.35065954022988505,0.011494252873563218,30.74413
low_vol_ratio_reversal,5,750,-33.11363349999999,371,87,87,-0.08925507681940699,-0.38061647701149415,-0.38061647701149415,0.022988505747126436,33.44688349999999
low_vol_ratio_reversal,5,1000,-31.619916999999994,371,87,87,-0.08522888679245282,-0.3634473218390804,-0.3634473218390804,0.022988505747126436,31.856666999999995
low_vol_ratio_reversal,5,1500,-28.595899999999997,371,84,84,-0.07707789757412398,-0.3404273809523809,-0.3404273809523809,0.047619047619047616,28.784499999999998
low_vol_ratio_reversal,5,2000,-27.0988,371,80,80,-0.07304258760107817,-0.338735,-0.338735,0.025,27.33555
low_vol_ratio_reversal,5,3000,-20.960249999999995,371,77,77,-0.05649663072776279,-0.2722110389610389,-0.2722110389610389,0.05194805194805195,21.100799999999996
low_vol_ratio_reversal,5,4000,-21.268149999999995,371,75,75,-0.057326549865229094,-0.2835753333333333,-0.2835753333333333,0.08,21.456749999999996
low_vol_ratio_reversal,5,5000,-23.764624799999996,371,73,73,-0.06405559245283018,-0.325542805479452,-0.325542805479452,0.0547945205479452,23.953224799999997
low_vol_ratio_reversal,5,7500,-25.524500000000007,371,64,64,-0.06879919137466309,-0.3988203125000001,-0.3988203125000001,0.15625,25.713100000000008
low_vol_ratio_reversal,5,10000,-22.710899999999995,371,62,62,-0.061215363881401606,-0.36630483870967734,-0.36630483870967734,0.12903225806451613,22.851449999999996
low_vol_ratio_reversal,10,500,-30.306379999999997,371,87,87,-0.08168835579514824,-0.3483491954022988,-0.3483491954022988,0.011494252873563218,30.543129999999998
low_vol_ratio_reversal,10,750,-32.91263349999999,371,87,87,-0.08871329784366574,-0.37830613218390796,-0.37830613218390796,0.022988505747126436,33.24588349999999
low_vol_ratio_reversal,10,1000,-31.418917,371,87,87,-0.08468710781671158,-0.3611369770114943,-0.3611369770114943,0.022988505747126436,31.655667
low_vol_ratio_reversal,10,1500,-28.44325,371,84,84,-0.07666644204851751,-0.33861011904761906,-0.33861011904761906,0.047619047619047616,28.63185
low_vol_ratio_reversal,10,2000,-26.94615,371,80,80,-0.0726311320754717,-0.33682687499999997,-0.33682687499999997,0.025,27.1829
low_vol_ratio_reversal,10,3000,-20.857449999999996,371,77,77,-0.05621954177897573,-0.27087597402597396,-0.27087597402597396,0.05194805194805195,20.997999999999998
low_vol_ratio_reversal,10,4000,-21.165349999999993,371,75,75,-0.05704946091644203,-0.28220466666666655,-0.28220466666666655,0.08,21.353949999999994
low_vol_ratio_reversal,10,5000,-23.661824799999994,371,73,73,-0.06377850350404311,-0.32413458630136976,-0.32413458630136976,0.0547945205479452,23.850424799999995
low_vol_ratio_reversal,10,7500,-25.471300000000006,371,64,64,-0.068655795148248,-0.3979890625000001,-0.3979890625000001,0.15625,25.659900000000007
low_vol_ratio_reversal,10,10000,-22.657699999999995,371,62,62,-0.06107196765498651,-0.3654467741935483,-0.3654467741935483,0.12903225806451613,22.798249999999996
low_vol_ratio_reversal,25,500,-29.349629999999994,371,87,87,-0.07910951482479783,-0.33735206896551717,-0.33735206896551717,0.011494252873563218,29.586379999999995
low_vol_ratio_reversal,25,750,-31.95588349999999,371,87,87,-0.08613445687331533,-0.3673090057471263,-0.3673090057471263,0.022988505747126436,32.28913349999999
low_vol_ratio_reversal,25,1000,-30.462166999999997,371,87,87,-0.08210826684636117,-0.3501398505747126,-0.3501398505747126,0.022988505747126436,30.698916999999998
low_vol_ratio_reversal,25,1500,-27.486500000000003,371,84,84,-0.07408760107816713,-0.32722023809523815,-0.32722023809523815,0.047619047619047616,27.675100000000004
low_vol_ratio_reversal,25,2000,-26.040200000000002,371,80,80,-0.07018921832884098,-0.32550250000000003,-0.32550250000000003,0.025,26.276950000000003
low_vol_ratio_reversal,25,3000,-20.101799999999997,371,77,77,-0.05418274932614554,-0.2610623376623376,-0.2610623376623376,0.05194805194805195,20.24235
low_vol_ratio_reversal,25,4000,-20.409699999999994,371,75,75,-0.055012668463611844,-0.2721293333333332,-0.2721293333333332,0.08,20.598299999999995
low_vol_ratio_reversal,25,5000,-22.9061748,371,73,73,-0.061741711051212934,-0.31378321643835616,-0.31378321643835616,0.0547945205479452,23.0947748
low_vol_ratio_reversal,25,7500,-24.76525,371,64,64,-0.06675269541778976,-0.38695703125,-0.38695703125,0.15625,24.953850000000003
low_vol_ratio_reversal,25,10000,-22.046299999999995,371,62,62,-0.05942398921832883,-0.35558548387096767,-0.35558548387096767,0.12903225806451613,22.186849999999996
low_vol_ratio_reversal,50,500,-28.783629999999995,371,87,86,-0.07758390835579514,-0.3308463218390804,-0.3346933720930232,0.0,28.783629999999995
low_vol_ratio_reversal,50,750,-31.48638349999999,371,87,86,-0.08486895822102423,-0.3619124540229884,-0.3661207383720929,0.011627906976744186,31.48638349999999
low_vol_ratio_reversal,50,1000,-29.896167,371,87,86,-0.08058266037735849,-0.34363410344827583,-0.34762984883720927,0.011627906976744186,29.896167
low_vol_ratio_reversal,50,1500,-26.87235,371,84,83,-0.0724322102425876,-0.3199089285714286,-0.3237632530120482,0.03614457831325301,26.87695
low_vol_ratio_reversal,50,2000,-25.8837,371,80,79,-0.06976738544474394,-0.32354625000000004,-0.32764177215189877,0.012658227848101266,25.8837
low_vol_ratio_reversal,50,3000,-20.148149999999994,371,77,76,-0.05430768194070079,-0.2616642857142856,-0.2651072368421052,0.039473684210526314,20.148149999999994
low_vol_ratio_reversal,50,4000,-20.50409999999999,371,75,74,-0.05526711590296493,-0.27338799999999985,-0.2770824324324323,0.06756756756756757,20.50409999999999
low_vol_ratio_reversal,50,5000,-23.000574799999995,371,73,72,-0.06199615849056603,-0.3150763671232876,-0.3194524277777777,0.041666666666666664,23.000574799999995
low_vol_ratio_reversal,50,7500,-24.859650000000002,371,64,63,-0.06700714285714286,-0.38843203125000003,-0.3945976190476191,0.14285714285714285,24.859650000000002
low_vol_ratio_reversal,50,10000,-22.092649999999995,371,62,61,-0.059548921832884086,-0.35633306451612895,-0.36217459016393433,0.11475409836065574,22.092649999999995
low_vol_ratio_reversal,100,500,-26.00277999999999,371,87,86,-0.07008835579514822,-0.2988825287356321,-0.3023579069767441,0.011627906976744186,26.00277999999999
low_vol_ratio_reversal,100,750,-28.70553349999999,371,87,86,-0.07737340566037733,-0.3299486609195401,-0.33378527325581386,0.023255813953488372,28.70553349999999
low_vol_ratio_reversal,100,1000,-27.115316999999994,371,87,86,-0.07308710781671157,-0.3116703103448275,-0.31529438372093016,0.011627906976744186,27.115316999999994
low_vol_ratio_reversal,100,1500,-24.772400000000005,371,84,83,-0.06677196765498654,-0.29490952380952384,-0.2984626506024097,0.03614457831325301,24.982900000000004
low_vol_ratio_reversal,100,2000,-24.039650000000005,371,80,79,-0.0647969002695418,-0.30049562500000004,-0.30429936708860766,0.012658227848101266,24.039650000000005
low_vol_ratio_reversal,100,3000,-18.454250000000002,371,77,76,-0.049741913746630735,-0.23966558441558444,-0.24281907894736846,0.039473684210526314,18.454250000000002
low_vol_ratio_reversal,100,4000,-18.8102,371,75,74,-0.050701347708894874,-0.2508026666666666,-0.25419189189189184,0.06756756756756757,18.8102
low_vol_ratio_reversal,100,5000,-21.3066748,371,73,72,-0.05743039029649596,-0.29187225753424656,-0.2959260388888889,0.06944444444444445,21.3066748
low_vol_ratio_reversal,100,7500,-23.354050000000004,371,64,63,-0.06294892183288411,-0.36490703125000007,-0.37069920634920644,0.14285714285714285,23.354050000000004
low_vol_ratio_reversal,100,10000,-20.728949999999994,371,62,61,-0.0558731805929919,-0.33433790322580637,-0.3398188524590163,0.14754098360655737,20.728949999999994
low_vol_ratio_reversal,250,500,-20.532833200000002,371,87,86,-0.055344563881401625,-0.23600957701149428,-0.23875387441860468,0.011627906976744186,20.532833200000002
low_vol_ratio_reversal,250,750,-23.5260507,371,87,86,-0.06341253557951482,-0.27041437586206896,-0.2735587290697674,0.023255813953488372,23.5260507
low_vol_ratio_reversal,250,1000,-22.033181400000007,371,87,86,-0.059388629110512146,-0.25325495862068975,-0.25619978372093033,0.011627906976744186,22.033181400000007
low_vol_ratio_reversal,250,1500,-20.4732308,371,84,83,-0.055183910512129376,-0.2437289380952381,-0.2466654313253012,0.03614457831325301,20.4732308
low_vol_ratio_reversal,250,2000,-20.817339999999998,371,80,79,-0.05611142857142857,-0.26021675,-0.2635106329113924,0.06329113924050633,20.817339999999998
low_vol_ratio_reversal,250,3000,-15.532795600000002,371,77,76,-0.041867373584905665,-0.2017246181818182,-0.20437888947368424,0.06578947368421052,15.532795600000002
low_vol_ratio_reversal,250,4000,-15.888745600000004,371,75,74,-0.04282680754716982,-0.21184994133333337,-0.21471277837837843,0.06756756756756757,15.888745600000004
low_vol_ratio_reversal,250,5000,-18.532308400000005,371,73,72,-0.04995231374663074,-0.2538672383561644,-0.2573931722222223,0.06944444444444445,18.532308400000005
low_vol_ratio_reversal,250,7500,-21.069501600000006,371,64,63,-0.05679110943396228,-0.3292109625000001,-0.33443653333333345,0.14285714285714285,21.069501600000006
low_vol_ratio_reversal,250,10000,-18.731178399999997,371,62,61,-0.05048835148247978,-0.30211578064516126,-0.3070684983606557,0.14754098360655737,18.731178399999997
strong_signal_high_vol,5,500,-4.135450000000004,114,25,25,-0.03627587719298249,-0.16541800000000018,-0.16541800000000018,0.08,4.228500000000004
strong_signal_high_vol,5,750,-4.800250000000003,114,25,25,-0.0421074561403509,-0.19201000000000013,-0.19201000000000013,0.08,4.946550000000002
strong_signal_high_vol,5,1000,-4.552600000000002,114,25,25,-0.03993508771929826,-0.18210400000000007,-0.18210400000000007,0.12,4.698900000000001
strong_signal_high_vol,5,1500,-4.0755000000000035,114,25,25,-0.03575000000000003,-0.16302000000000014,-0.16302000000000014,0.16,4.221800000000003
strong_signal_high_vol,5,2000,-2.354650000000002,114,24,24,-0.020654824561403527,-0.09811041666666676,-0.09811041666666676,0.20833333333333334,3.109900000000002
strong_signal_high_vol,5,3000,-2.024950000000004,114,24,24,-0.01776271929824565,-0.08437291666666684,-0.08437291666666684,0.20833333333333334,3.218150000000003
strong_signal_high_vol,5,4000,-2.9238500000000025,114,24,24,-0.02564780701754388,-0.12182708333333343,-0.12182708333333343,0.20833333333333334,4.213400000000002
strong_signal_high_vol,5,5000,-2.3259500000000015,114,24,24,-0.02040307017543861,-0.0969145833333334,-0.0969145833333334,0.20833333333333334,3.663850000000001
strong_signal_high_vol,5,7500,-1.6611999999999996,114,24,24,-0.0145719298245614,-0.06921666666666665,-0.06921666666666665,0.25,3.16945
strong_signal_high_vol,5,10000,-0.6821500000000005,114,24,24,-0.005983771929824566,-0.028422916666666687,-0.028422916666666687,0.2916666666666667,2.8042000000000002
strong_signal_high_vol,10,500,-2.8937000000000035,114,25,23,-0.025383333333333365,-0.11574800000000014,-0.12581304347826103,0.08695652173913043,2.986750000000003
strong_signal_high_vol,10,750,-3.309500000000002,114,25,23,-0.029030701754385983,-0.13238000000000008,-0.14389130434782618,0.08695652173913043,3.4558000000000013
strong_signal_high_vol,10,1000,-2.862950000000002,114,25,23,-0.025113596491228088,-0.11451800000000008,-0.12447608695652182,0.13043478260869565,3.009250000000001
strong_signal_high_vol,10,1500,-2.384900000000003,114,25,23,-0.02092017543859652,-0.09539600000000012,-0.10369130434782622,0.17391304347826086,2.5312000000000023
strong_signal_high_vol,10,2000,-0.8614000000000026,114,24,22,-0.0075561403508772156,-0.03589166666666677,-0.039154545454545574,0.22727272727272727,1.6166500000000021
strong_signal_high_vol,10,3000,-1.3266500000000023,114,24,22,-0.011637280701754406,-0.05527708333333343,-0.060302272727272836,0.22727272727272727,2.5198500000000017
strong_signal_high_vol,10,4000,-1.430300000000002,114,24,22,-0.012546491228070193,-0.05959583333333341,-0.06501363636363645,0.22727272727272727,2.719850000000001
strong_signal_high_vol,10,5000,-1.0797500000000009,114,24,22,-0.009471491228070183,-0.04498958333333337,-0.049079545454545494,0.22727272727272727,2.41765
strong_signal_high_vol,10,7500,-0.6634499999999994,114,24,22,-0.005819736842105258,-0.027643749999999977,-0.030156818181818156,0.2727272727272727,2.1717
strong_signal_high_vol,10,10000,-0.4370500000000007,114,24,22,-0.0038337719298245677,-0.018210416666666698,-0.019865909090909125,0.2727272727272727,2.5591000000000004
strong_signal_high_vol,25,500,-3.883200000000004,114,25,24,-0.03406315789473688,-0.15532800000000016,-0.16180000000000017,0.08333333333333333,3.9762500000000034
strong_signal_high_vol,25,750,-3.836200000000003,114,25,24,-0.03365087719298248,-0.1534480000000001,-0.1598416666666668,0.08333333333333333,3.982500000000002
strong_signal_high_vol,25,1000,-3.6389500000000026,114,25,24,-0.031920614035087745,-0.1455580000000001,-0.15162291666666677,0.125,3.785250000000002
strong_signal_high_vol,25,1500,-3.212300000000003,114,25,24,-0.02817807017543862,-0.12849200000000013,-0.13384583333333347,0.16666666666666666,3.3586000000000023
strong_signal_high_vol,25,2000,-2.154650000000003,114,25,24,-0.018900438596491254,-0.08618600000000011,-0.08977708333333345,0.20833333333333334,2.9099000000000026
strong_signal_high_vol,25,3000,-1.8249500000000036,114,25,24,-0.016008333333333364,-0.07299800000000015,-0.07603958333333348,0.20833333333333334,3.018150000000003
strong_signal_high_vol,25,4000,-2.723850000000003,114,25,24,-0.023893421052631605,-0.10895400000000013,-0.11349375000000013,0.20833333333333334,4.0134000000000025
strong_signal_high_vol,25,5000,-2.1259500000000013,114,25,24,-0.018648684210526328,-0.08503800000000006,-0.08858125000000006,0.20833333333333334,3.4638500000000008
strong_signal_high_vol,25,7500,-1.4612,114,25,24,-0.012817543859649123,-0.058448,-0.06088333333333334,0.25,2.9694500000000006
strong_signal_high_vol,25,10000,-0.4821500000000013,114,25,24,-0.004229385964912292,-0.019286000000000053,-0.020089583333333386,0.2916666666666667,2.604200000000001
strong_signal_high_vol,50,500,-3.830250000000004,114,25,24,-0.03359868421052635,-0.15321000000000015,-0.15959375000000017,0.08333333333333333,3.9233000000000033
strong_signal_high_vol,50,750,-3.783250000000003,114,25,24,-0.03318640350877196,-0.1513300000000001,-0.15763541666666678,0.08333333333333333,3.929550000000002
strong_signal_high_vol,50,1000,-3.5860000000000025,114,25,24,-0.03145614035087722,-0.1434400000000001,-0.14941666666666678,0.125,3.7323000000000017
strong_signal_high_vol,50,1500,-3.159350000000003,114,25,24,-0.027713596491228096,-0.12637400000000013,-0.13163958333333345,0.20833333333333334,3.305650000000002
strong_signal_high_vol,50,2000,-2.101700000000003,114,25,24,-0.018435964912280726,-0.08406800000000011,-0.08757083333333344,0.25,2.8584000000000027
strong_signal_high_vol,50,3000,-1.7720000000000036,114,25,24,-0.015543859649122839,-0.07088000000000014,-0.07383333333333349,0.25,2.966650000000003
strong_signal_high_vol,50,4000,-2.670900000000003,114,25,24,-0.02342894736842108,-0.10683600000000013,-0.11128750000000014,0.25,3.9619000000000026
strong_signal_high_vol,50,5000,-2.0730000000000017,114,25,24,-0.018184210526315806,-0.08292000000000006,-0.08637500000000008,0.25,3.412350000000001
strong_signal_high_vol,50,7500,-1.40825,114,25,24,-0.012353070175438597,-0.05633,-0.05867708333333333,0.25,2.9694500000000006
strong_signal_high_vol,50,10000,-0.42920000000000125,114,25,24,-0.0037649122807017653,-0.01716800000000005,-0.017883333333333386,0.2916666666666667,2.604200000000001
strong_signal_high_vol,100,500,-1.9490500000000033,114,26,20,-0.017096929824561433,-0.07496346153846166,-0.09745250000000016,0.1,2.0421000000000027
strong_signal_high_vol,100,750,-1.8023500000000032,114,26,20,-0.015810087719298274,-0.06932115384615398,-0.09011750000000016,0.1,1.9486500000000024
strong_signal_high_vol,100,1000,-1.7081000000000035,114,26,20,-0.014983333333333364,-0.06569615384615399,-0.08540500000000018,0.15,1.8544000000000027
strong_signal_high_vol,100,1500,-1.1824500000000033,114,26,20,-0.010372368421052661,-0.04547884615384628,-0.05912250000000017,0.25,1.3287500000000025
strong_signal_high_vol,100,2000,-0.3800500000000028,114,26,20,-0.003333771929824586,-0.0146173076923078,-0.019002500000000137,0.3,1.1367500000000017
strong_signal_high_vol,100,3000,0.7037999999999973,114,26,20,0.006173684210526292,0.027069230769230665,0.03518999999999987,0.35,0.4908500000000018
strong_signal_high_vol,100,4000,0.20349999999999696,114,26,20,0.001785087719298219,0.00782692307692296,0.010174999999999847,0.3,1.0875000000000017
strong_signal_high_vol,100,5000,0.5067499999999985,114,26,20,0.004445175438596478,0.019490384615384555,0.025337499999999923,0.3,0.8326000000000005
strong_signal_high_vol,100,7500,0.6679499999999998,114,26,20,0.005859210526315788,0.025690384615384608,0.03339749999999999,0.3,0.8932500000000008
strong_signal_high_vol,100,10000,1.5908499999999992,114,26,20,0.013954824561403501,0.06118653846153843,0.07954249999999996,0.3,0.5841500000000006
strong_signal_high_vol,250,500,-2.785700000000002,114,26,20,-0.02443596491228072,-0.10714230769230777,-0.1392850000000001,0.0,2.785700000000002
strong_signal_high_vol,250,750,-2.591950000000001,114,26,20,-0.02273640350877194,-0.09969038461538465,-0.12959750000000006,0.0,2.591950000000001
strong_signal_high_vol,250,1000,-2.195800000000001,114,26,20,-0.019261403508771938,-0.0844538461538462,-0.10979000000000005,0.05,2.195800000000001
strong_signal_high_vol,250,1500,-1.670150000000001,114,26,20,-0.014650438596491237,-0.0642365384615385,-0.08350750000000004,0.15,1.670150000000001
strong_signal_high_vol,250,2000,-0.5646500000000021,114,26,20,-0.0049530701754386145,-0.021717307692307772,-0.028232500000000105,0.2,1.2275000000000014
strong_signal_high_vol,250,3000,-0.33965000000000223,114,26,20,-0.0029793859649123004,-0.013063461538461624,-0.016982500000000112,0.25,1.3872000000000013
strong_signal_high_vol,250,4000,-1.0399500000000013,114,26,20,-0.009122368421052643,-0.03999807692307697,-0.051997500000000065,0.2,2.1838500000000005
strong_signal_high_vol,250,5000,-0.7367000000000001,114,26,20,-0.006462280701754387,-0.02833461538461539,-0.03683500000000001,0.2,1.9289499999999993
strong_signal_high_vol,250,7500,-0.1278499999999999,114,26,20,-0.0011214912280701746,-0.004917307692307689,-0.006392499999999995,0.2,1.4885999999999997
strong_signal_high_vol,250,10000,0.5005499999999996,114,26,20,0.004390789473684207,0.019251923076923062,0.02502749999999998,0.2,1.5805999999999998
strong_signal_high_vol_reversal,5,500,-5.119450000000001,114,20,20,-0.04490745614035089,-0.25597250000000005,-0.25597250000000005,0.0,5.119450000000001
strong_signal_high_vol_reversal,5,750,-4.323800000000001,114,20,20,-0.03792807017543861,-0.21619000000000005,-0.21619000000000005,0.0,4.323800000000001
strong_signal_high_vol_reversal,5,1000,-5.519450000000002,114,20,20,-0.048416228070175454,-0.27597250000000006,-0.27597250000000006,0.0,5.519450000000002
strong_signal_high_vol_reversal,5,1500,-5.585950000000002,114,20,20,-0.04899956140350879,-0.2792975000000001,-0.2792975000000001,0.0,5.585950000000002
strong_signal_high_vol_reversal,5,2000,-6.0100500000000014,114,19,19,-0.05271973684210528,-0.31631842105263164,-0.31631842105263164,0.0,6.0100500000000014
strong_signal_high_vol_reversal,5,3000,-5.977850000000003,114,19,19,-0.05243728070175441,-0.31462368421052644,-0.31462368421052644,0.0,5.977850000000003
strong_signal_high_vol_reversal,5,4000,-5.4406500000000015,114,19,19,-0.04772500000000001,-0.2863500000000001,-0.2863500000000001,0.05263157894736842,5.4406500000000015
strong_signal_high_vol_reversal,5,5000,-6.639850000000003,114,19,19,-0.05824429824561406,-0.34946578947368434,-0.34946578947368434,0.0,6.639850000000003
strong_signal_high_vol_reversal,5,7500,-6.5153500000000015,114,19,19,-0.057152192982456156,-0.3429131578947369,-0.3429131578947369,0.10526315789473684,6.5153500000000015
strong_signal_high_vol_reversal,5,10000,-7.786050000000002,114,19,19,-0.06829868421052633,-0.409792105263158,-0.409792105263158,0.05263157894736842,7.786050000000002
strong_signal_high_vol_reversal,10,500,-4.773650000000002,114,20,20,-0.04187412280701756,-0.23868250000000008,-0.23868250000000008,0.0,4.773650000000002
strong_signal_high_vol_reversal,10,750,-3.978000000000001,114,20,20,-0.03489473684210527,-0.19890000000000005,-0.19890000000000005,0.0,3.978000000000001
strong_signal_high_vol_reversal,10,1000,-5.173650000000002,114,20,20,-0.04538289473684212,-0.2586825000000001,-0.2586825000000001,0.0,5.173650000000002
strong_signal_high_vol_reversal,10,1500,-5.240150000000002,114,20,20,-0.045966228070175454,-0.26200750000000006,-0.26200750000000006,0.05,5.240150000000002
strong_signal_high_vol_reversal,10,2000,-5.664250000000002,114,19,19,-0.049686403508771945,-0.2981184210526317,-0.2981184210526317,0.05263157894736842,5.664250000000002
strong_signal_high_vol_reversal,10,3000,-5.632050000000002,114,19,19,-0.049403947368421075,-0.29642368421052645,-0.29642368421052645,0.0,5.632050000000002
strong_signal_high_vol_reversal,10,4000,-5.094850000000001,114,19,19,-0.04469166666666668,-0.26815000000000005,-0.26815000000000005,0.05263157894736842,5.094850000000001
strong_signal_high_vol_reversal,10,5000,-6.294050000000002,114,19,19,-0.05521096491228072,-0.33126578947368435,-0.33126578947368435,0.0,6.294050000000002
strong_signal_high_vol_reversal,10,7500,-6.169550000000001,114,19,19,-0.054118859649122816,-0.32471315789473687,-0.32471315789473687,0.10526315789473684,6.169550000000001
strong_signal_high_vol_reversal,10,10000,-7.440250000000002,114,19,19,-0.065265350877193,-0.39159210526315796,-0.39159210526315796,0.05263157894736842,7.440250000000002
strong_signal_high_vol_reversal,25,500,-4.622800000000001,114,20,20,-0.04055087719298246,-0.23114000000000004,-0.23114000000000004,0.0,4.622800000000001
strong_signal_high_vol_reversal,25,750,-3.827150000000001,114,20,20,-0.03357149122807018,-0.19135750000000004,-0.19135750000000004,0.0,3.827150000000001
strong_signal_high_vol_reversal,25,1000,-5.0228,114,20,20,-0.04405964912280702,-0.25114000000000003,-0.25114000000000003,0.0,5.0228
strong_signal_high_vol_reversal,25,1500,-5.0893000000000015,114,20,20,-0.044642982456140366,-0.25446500000000005,-0.25446500000000005,0.05,5.0893000000000015
strong_signal_high_vol_reversal,25,2000,-5.564200000000001,114,19,19,-0.04880877192982457,-0.2928526315789474,-0.2928526315789474,0.05263157894736842,5.564200000000001
strong_signal_high_vol_reversal,25,3000,-5.532000000000002,114,19,19,-0.0485263157894737,-0.2911578947368422,-0.2911578947368422,0.0,5.532000000000002
strong_signal_high_vol_reversal,25,4000,-4.9948,114,19,19,-0.0438140350877193,-0.2628842105263158,-0.2628842105263158,0.05263157894736842,4.9948
strong_signal_high_vol_reversal,25,5000,-6.194000000000003,114,19,19,-0.05433333333333336,-0.3260000000000001,-0.3260000000000001,0.0,6.194000000000003
strong_signal_high_vol_reversal,25,7500,-6.069500000000001,114,19,19,-0.05324122807017544,-0.31944736842105265,-0.31944736842105265,0.10526315789473684,6.069500000000001
strong_signal_high_vol_reversal,25,10000,-7.3402,114,19,19,-0.06438771929824562,-0.3863263157894737,-0.3863263157894737,0.05263157894736842,7.3402
strong_signal_high_vol_reversal,50,500,-4.141000000000001,114,20,19,-0.03632456140350878,-0.20705000000000004,-0.21794736842105267,0.0,4.141000000000001
strong_signal_high_vol_reversal,50,750,-3.3453500000000016,114,20,19,-0.029345175438596504,-0.16726750000000007,-0.17607105263157904,0.0,3.3453500000000016
strong_signal_high_vol_reversal,50,1000,-4.541000000000002,114,20,19,-0.03983333333333335,-0.2270500000000001,-0.2390000000000001,0.05263157894736842,4.541000000000002
strong_signal_high_vol_reversal,50,1500,-4.607500000000002,114,20,19,-0.040416666666666684,-0.23037500000000008,-0.24250000000000008,0.10526315789473684,4.607500000000002
strong_signal_high_vol_reversal,50,2000,-5.133250000000002,114,19,18,-0.04502850877192984,-0.27017105263157903,-0.28518055555555566,0.1111111111111111,5.133250000000002
strong_signal_high_vol_reversal,50,3000,-5.1010500000000025,114,19,18,-0.04474605263157897,-0.26847631578947384,-0.2833916666666668,0.05555555555555555,5.1010500000000025
strong_signal_high_vol_reversal,50,4000,-4.5638499999999995,114,19,18,-0.04003377192982456,-0.24020263157894733,-0.2535472222222222,0.05555555555555555,4.5638499999999995
strong_signal_high_vol_reversal,50,5000,-5.763050000000002,114,19,18,-0.050553070175438614,-0.3033184210526317,-0.3201694444444445,0.0,5.763050000000002
strong_signal_high_vol_reversal,50,7500,-5.591950000000001,114,19,18,-0.049052192982456146,-0.2943131578947369,-0.3106638888888889,0.1111111111111111,5.591950000000001
strong_signal_high_vol_reversal,50,10000,-6.8626499999999995,114,19,18,-0.060198684210526314,-0.36119210526315787,-0.3812583333333333,0.05555555555555555,6.8626499999999995
strong_signal_high_vol_reversal,100,500,-3.3431000000000015,114,20,19,-0.02932543859649124,-0.16715500000000008,-0.17595263157894744,0.0,3.3431000000000015
strong_signal_high_vol_reversal,100,750,-2.6467500000000013,114,20,19,-0.023217105263157907,-0.13233750000000005,-0.13930263157894743,0.0,2.6467500000000013
strong_signal_high_vol_reversal,100,1000,-3.348700000000001,114,20,19,-0.02937456140350878,-0.16743500000000006,-0.17624736842105268,0.05263157894736842,3.348700000000001
strong_signal_high_vol_reversal,100,1500,-3.3662000000000005,114,20,19,-0.0295280701754386,-0.16831000000000002,-0.17716842105263161,0.10526315789473684,3.3662000000000005
strong_signal_high_vol_reversal,100,2000,-4.091950000000001,114,19,18,-0.03589429824561404,-0.21536578947368423,-0.2273305555555556,0.1111111111111111,4.091950000000001
strong_signal_high_vol_reversal,100,3000,-4.554150000000002,114,19,18,-0.03994868421052633,-0.23969210526315798,-0.25300833333333345,0.05555555555555555,4.554150000000002
strong_signal_high_vol_reversal,100,4000,-4.116700000000001,114,19,18,-0.036111403508771935,-0.21666842105263162,-0.2287055555555556,0.1111111111111111,4.116700000000001
strong_signal_high_vol_reversal,100,5000,-5.017550000000001,114,19,18,-0.044013596491228074,-0.26408157894736844,-0.27875277777777785,0.0,5.017550000000001
strong_signal_high_vol_reversal,100,7500,-4.9426000000000005,114,19,18,-0.0433561403508772,-0.26013684210526317,-0.27458888888888894,0.1111111111111111,4.9426000000000005
strong_signal_high_vol_reversal,100,10000,-6.36235,114,19,18,-0.05581008771929825,-0.3348605263157895,-0.3534638888888889,0.05555555555555555,6.36235
strong_signal_high_vol_reversal,250,500,-3.010700000000002,114,20,19,-0.026409649122807036,-0.1505350000000001,-0.15845789473684221,0.0,3.010700000000002
strong_signal_high_vol_reversal,250,750,-2.215050000000002,114,20,19,-0.019430263157894753,-0.1107525000000001,-0.11658157894736852,0.05263157894736842,2.215050000000002
strong_signal_high_vol_reversal,250,1000,-3.4107000000000025,114,20,19,-0.0299184210526316,-0.17053500000000013,-0.1795105263157896,0.05263157894736842,3.4107000000000025
strong_signal_high_vol_reversal,250,1500,-3.3713500000000014,114,20,19,-0.0295732456140351,-0.16856750000000006,-0.1774394736842106,0.05263157894736842,3.3713500000000014
strong_signal_high_vol_reversal,250,2000,-4.048450000000002,114,19,18,-0.03551271929824563,-0.21307631578947378,-0.22491388888888897,0.05555555555555555,4.048450000000002
strong_signal_high_vol_reversal,250,3000,-4.069100000000002,114,19,18,-0.035693859649122826,-0.21416315789473697,-0.22606111111111124,0.05555555555555555,4.069100000000002
strong_signal_high_vol_reversal,250,4000,-3.5319000000000003,114,19,18,-0.030981578947368422,-0.18588947368421055,-0.19621666666666668,0.2222222222222222,3.5319000000000003
strong_signal_high_vol_reversal,250,5000,-4.731100000000002,114,19,18,-0.041500877192982476,-0.24900526315789487,-0.262838888888889,0.05555555555555555,4.731100000000002
strong_signal_high_vol_reversal,250,7500,-4.238200000000001,114,19,18,-0.03717719298245615,-0.22306315789473688,-0.2354555555555556,0.1111111111111111,4.238200000000001
strong_signal_high_vol_reversal,250,10000,-4.93695,114,19,18,-0.043306578947368425,-0.25983947368421056,-0.27427500000000005,0.05555555555555555,4.93695
strong_signal_low_vol,5,500,-2.1870000000000043,90,33,32,-0.024300000000000047,-0.0662727272727274,-0.06834375000000013,0.125,2.1870000000000043
strong_signal_low_vol,5,750,-1.399900000000004,90,33,32,-0.015554444444444489,-0.04242121212121224,-0.04374687500000012,0.21875,2.0110000000000032
strong_signal_low_vol,5,1000,-1.1484000000000036,90,33,32,-0.01276000000000004,-0.03480000000000011,-0.035887500000000114,0.21875,1.8096000000000034
strong_signal_low_vol,5,1500,-3.1806000000000045,90,31,30,-0.03534000000000005,-0.10260000000000015,-0.10602000000000016,0.16666666666666666,3.1806000000000045
strong_signal_low_vol,5,2000,-3.3921500000000036,90,31,30,-0.037690555555555595,-0.10942419354838721,-0.11307166666666678,0.1,3.3921500000000036
strong_signal_low_vol,5,3000,-4.040250000000004,90,30,29,-0.04489166666666671,-0.13467500000000013,-0.13931896551724152,0.10344827586206896,4.040250000000004
strong_signal_low_vol,5,4000,-3.5119000000000025,90,30,29,-0.03902111111111114,-0.11706333333333342,-0.12110000000000008,0.20689655172413793,3.5462000000000025
strong_signal_low_vol,5,5000,-2.4891000000000014,90,28,27,-0.027656666666666684,-0.08889642857142863,-0.09218888888888895,0.14814814814814814,2.4891000000000014
strong_signal_low_vol,5,7500,-2.189750000000004,90,25,24,-0.024330555555555602,-0.08759000000000017,-0.0912395833333335,0.16666666666666666,2.6178500000000025
strong_signal_low_vol,5,10000,-0.6747000000000022,90,25,24,-0.007496666666666691,-0.02698800000000009,-0.028112500000000092,0.25,2.4257999999999997
strong_signal_low_vol,10,500,-2.1177500000000045,90,33,31,-0.023530555555555607,-0.06417424242424256,-0.0683145161290324,0.12903225806451613,2.1177500000000045
strong_signal_low_vol,10,750,-1.6872500000000044,90,33,31,-0.01874722222222227,-0.05112878787878801,-0.05442741935483885,0.1935483870967742,2.0110000000000032
strong_signal_low_vol,10,1000,-1.435750000000004,90,33,31,-0.015952777777777823,-0.043507575757575884,-0.04631451612903239,0.1935483870967742,1.8096000000000034
strong_signal_low_vol,10,1500,-2.909100000000005,90,31,29,-0.032323333333333384,-0.09384193548387113,-0.10031379310344844,0.1724137931034483,2.909100000000005
strong_signal_low_vol,10,2000,-3.120650000000003,90,31,29,-0.03467388888888892,-0.10066612903225816,-0.10760862068965528,0.10344827586206896,3.120650000000003
strong_signal_low_vol,10,3000,-4.040250000000004,90,31,29,-0.04489166666666671,-0.13033064516129045,-0.13931896551724152,0.10344827586206896,4.040250000000004
strong_signal_low_vol,10,4000,-3.5119000000000025,90,31,29,-0.03902111111111114,-0.11328709677419363,-0.12110000000000008,0.20689655172413793,3.5462000000000025
strong_signal_low_vol,10,5000,-2.4891000000000014,90,29,27,-0.027656666666666684,-0.08583103448275867,-0.09218888888888895,0.14814814814814814,2.4891000000000014
strong_signal_low_vol,10,7500,-2.189750000000004,90,26,24,-0.024330555555555602,-0.084221153846154,-0.0912395833333335,0.16666666666666666,2.6178500000000025
strong_signal_low_vol,10,10000,-0.6747000000000022,90,26,24,-0.007496666666666691,-0.025950000000000084,-0.028112500000000092,0.25,2.4257999999999997
strong_signal_low_vol,25,500,-2.304650000000004,90,33,28,-0.025607222222222267,-0.06983787878787891,-0.08230892857142871,0.03571428571428571,2.304650000000004
strong_signal_low_vol,25,750,-2.073900000000004,90,33,28,-0.023043333333333377,-0.06284545454545466,-0.07406785714285728,0.17857142857142858,2.137900000000004
strong_signal_low_vol,25,1000,-1.8725000000000045,90,33,28,-0.020805555555555605,-0.05674242424242438,-0.06687500000000016,0.17857142857142858,1.9365000000000046
strong_signal_low_vol,25,1500,-2.2164000000000046,90,33,28,-0.024626666666666717,-0.06716363636363651,-0.07915714285714302,0.25,2.473100000000005
strong_signal_low_vol,25,2000,-2.2797500000000035,90,33,28,-0.025330555555555596,-0.06908333333333344,-0.08141964285714298,0.17857142857142858,2.6330500000000034
strong_signal_low_vol,25,3000,-3.3475500000000036,90,33,28,-0.03719500000000004,-0.10144090909090919,-0.11955535714285727,0.17857142857142858,3.7008500000000035
strong_signal_low_vol,25,4000,-3.017800000000002,90,33,28,-0.033531111111111137,-0.0914484848484849,-0.1077785714285715,0.17857142857142858,3.467800000000002
strong_signal_low_vol,25,5000,-1.8459500000000015,90,31,26,-0.020510555555555574,-0.05954677419354844,-0.07099807692307698,0.19230769230769232,2.2476000000000016
strong_signal_low_vol,25,7500,-1.7455000000000038,90,28,23,-0.01939444444444449,-0.062339285714285854,-0.07589130434782625,0.21739130434782608,2.526900000000002
strong_signal_low_vol,25,10000,-0.8338000000000024,90,28,23,-0.009264444444444471,-0.029778571428571515,-0.036252173913043584,0.21739130434782608,2.5886000000000005
strong_signal_low_vol,50,500,-2.407050000000003,90,33,27,-0.026745000000000033,-0.07294090909090918,-0.08915000000000012,0.037037037037037035,2.407050000000003
strong_signal_low_vol,50,750,-2.2763000000000027,90,33,27,-0.02529222222222225,-0.06897878787878796,-0.08430740740740751,0.1111111111111111,2.2763000000000027
strong_signal_low_vol,50,1000,-2.074900000000003,90,33,27,-0.023054444444444478,-0.06287575757575767,-0.07684814814814826,0.1111111111111111,2.074900000000003
strong_signal_low_vol,50,1500,-2.418800000000003,90,33,27,-0.02687555555555559,-0.07329696969696979,-0.08958518518518531,0.18518518518518517,2.418800000000003
strong_signal_low_vol,50,2000,-2.0838000000000023,90,33,27,-0.02315333333333336,-0.06314545454545462,-0.07717777777777786,0.1111111111111111,2.0838000000000023
strong_signal_low_vol,50,3000,-2.7577500000000024,90,33,27,-0.030641666666666692,-0.08356818181818189,-0.10213888888888897,0.1111111111111111,2.7577500000000024
strong_signal_low_vol,50,4000,-2.6244000000000014,90,33,27,-0.029160000000000016,-0.07952727272727277,-0.09720000000000005,0.18518518518518517,2.6587000000000014
strong_signal_low_vol,50,5000,-1.8485999999999998,90,31,25,-0.02054,-0.05963225806451612,-0.073944,0.16,1.8485999999999998
strong_signal_low_vol,50,7500,-1.5495500000000024,90,28,22,-0.01721722222222225,-0.05534107142857152,-0.07043409090909102,0.13636363636363635,2.166150000000002
strong_signal_low_vol,50,10000,-0.7867000000000014,90,28,22,-0.008741111111111127,-0.028096428571428623,-0.03575909090909097,0.22727272727272727,2.3143000000000007
strong_signal_low_vol,100,500,-2.1697500000000036,90,34,24,-0.024108333333333374,-0.06381617647058835,-0.09040625000000015,0.041666666666666664,2.1697500000000036
strong_signal_low_vol,100,750,-2.2333000000000034,90,34,24,-0.024814444444444483,-0.06568529411764716,-0.09305416666666681,0.041666666666666664,2.2333000000000034
strong_signal_low_vol,100,1000,-2.0319000000000034,90,34,24,-0.022576666666666703,-0.05976176470588245,-0.08466250000000014,0.041666666666666664,2.0319000000000034
strong_signal_low_vol,100,1500,-2.4703000000000035,90,34,24,-0.027447777777777817,-0.07265588235294128,-0.10292916666666681,0.125,2.4703000000000035
strong_signal_low_vol,100,2000,-1.2659500000000026,90,34,24,-0.01406611111111114,-0.03723382352941184,-0.052747916666666776,0.20833333333333334,1.3072500000000022
strong_signal_low_vol,100,3000,-1.734050000000003,90,34,24,-0.019267222222222255,-0.051001470588235384,-0.07225208333333345,0.20833333333333334,1.7753500000000026
strong_signal_low_vol,100,4000,-1.7971000000000021,90,34,24,-0.019967777777777803,-0.05285588235294124,-0.07487916666666676,0.20833333333333334,1.935100000000002
strong_signal_low_vol,100,5000,-1.5115500000000002,90,32,22,-0.016795,-0.047235937500000005,-0.06870681818181819,0.22727272727272727,1.6012
strong_signal_low_vol,100,7500,-1.0227000000000026,90,31,21,-0.011363333333333362,-0.03299032258064524,-0.048700000000000125,0.23809523809523808,1.6806000000000016
strong_signal_low_vol,100,10000,-0.4087000000000023,90,31,21,-0.004541111111111136,-0.013183870967742008,-0.01946190476190487,0.23809523809523808,2.040000000000001
strong_signal_low_vol,250,500,-2.187850000000003,90,34,23,-0.02430944444444448,-0.0643485294117648,-0.0951239130434784,0.0,2.187850000000003
strong_signal_low_vol,250,750,-2.3046500000000023,90,34,23,-0.025607222222222246,-0.06778382352941183,-0.10020217391304358,0.0,2.3046500000000023
strong_signal_low_vol,250,1000,-2.1032500000000027,90,34,23,-0.023369444444444474,-0.06186029411764714,-0.09144565217391316,0.0,2.1032500000000027
strong_signal_low_vol,250,1500,-2.5416500000000024,90,34,23,-0.02824055555555558,-0.07475441176470596,-0.11050652173913054,0.08695652173913043,2.5416500000000024
strong_signal_low_vol,250,2000,-1.3906500000000024,90,34,23,-0.015451666666666693,-0.040901470588235365,-0.060463043478260974,0.08695652173913043,1.3906500000000024
strong_signal_low_vol,250,3000,-1.8587500000000023,90,34,23,-0.020652777777777805,-0.054669117647058896,-0.08081521739130446,0.08695652173913043,1.8587500000000023
strong_signal_low_vol,250,4000,-1.9218000000000015,90,34,23,-0.02135333333333335,-0.05652352941176475,-0.0835565217391305,0.17391304347826086,1.956100000000002
strong_signal_low_vol,250,5000,-1.63625,90,32,21,-0.018180555555555554,-0.0511328125,-0.07791666666666666,0.14285714285714285,1.63625
strong_signal_low_vol,250,7500,-1.1474000000000022,90,31,20,-0.012748888888888914,-0.03701290322580652,-0.05737000000000011,0.1,1.7640000000000016
strong_signal_low_vol,250,10000,-0.42680000000000184,90,31,20,-0.004742222222222243,-0.01376774193548393,-0.02134000000000009,0.2,1.954400000000001
strong_signal_low_vol_reversal,5,500,-9.7301,90,33,33,-0.10811222222222222,-0.29485151515151514,-0.29485151515151514,0.0,9.7301
strong_signal_low_vol_reversal,5,750,-10.685400000000001,90,33,33,-0.11872666666666667,-0.32380000000000003,-0.32380000000000003,0.0,10.685400000000001
strong_signal_low_vol_reversal,5,1000,-9.979700000000005,90,33,33,-0.11088555555555561,-0.30241515151515164,-0.30241515151515164,0.0,9.979700000000005
strong_signal_low_vol_reversal,5,1500,-7.335550000000005,90,31,31,-0.08150611111111117,-0.23663064516129048,-0.23663064516129048,0.06451612903225806,7.567550000000005
strong_signal_low_vol_reversal,5,2000,-6.259100000000004,90,31,31,-0.0695455555555556,-0.20190645161290335,-0.20190645161290335,0.0,6.259100000000004
strong_signal_low_vol_reversal,5,3000,-5.6028500000000045,90,30,30,-0.06225388888888894,-0.18676166666666683,-0.18676166666666683,0.06666666666666667,5.6028500000000045
strong_signal_low_vol_reversal,5,4000,-5.096850000000006,90,30,30,-0.05663166666666673,-0.1698950000000002,-0.1698950000000002,0.13333333333333333,5.096850000000006
strong_signal_low_vol_reversal,5,5000,-6.229650000000005,90,28,28,-0.06921833333333338,-0.22248750000000017,-0.22248750000000017,0.07142857142857142,6.229650000000005
strong_signal_low_vol_reversal,5,7500,-6.085850000000004,90,25,25,-0.0676205555555556,-0.24343400000000018,-0.24343400000000018,0.12,6.085850000000004
strong_signal_low_vol_reversal,5,10000,-8.401700000000003,90,25,25,-0.09335222222222227,-0.33606800000000014,-0.33606800000000014,0.16,8.401700000000003
strong_signal_low_vol_reversal,10,500,-9.62855,90,33,33,-0.10698388888888889,-0.29177424242424244,-0.29177424242424244,0.0,9.62855
strong_signal_low_vol_reversal,10,750,-10.583850000000002,90,33,33,-0.11759833333333335,-0.3207227272727273,-0.3207227272727273,0.0,10.583850000000002
strong_signal_low_vol_reversal,10,1000,-9.878150000000003,90,33,33,-0.10975722222222226,-0.2993378787878789,-0.2993378787878789,0.0,9.878150000000003
strong_signal_low_vol_reversal,10,1500,-7.282350000000005,90,31,31,-0.08091500000000006,-0.23491451612903244,-0.23491451612903244,0.06451612903225806,7.514350000000006
strong_signal_low_vol_reversal,10,2000,-6.205900000000003,90,31,31,-0.06895444444444448,-0.20019032258064526,-0.20019032258064526,0.0,6.205900000000003
strong_signal_low_vol_reversal,10,3000,-5.549650000000004,90,30,30,-0.06166277777777782,-0.18498833333333348,-0.18498833333333348,0.06666666666666667,5.549650000000004
strong_signal_low_vol_reversal,10,4000,-5.043650000000007,90,30,30,-0.05604055555555563,-0.1681216666666669,-0.1681216666666669,0.13333333333333333,5.043650000000007
strong_signal_low_vol_reversal,10,5000,-6.176450000000005,90,28,28,-0.06862722222222228,-0.2205875000000002,-0.2205875000000002,0.07142857142857142,6.176450000000005
strong_signal_low_vol_reversal,10,7500,-6.032650000000004,90,25,25,-0.06702944444444449,-0.24130600000000016,-0.24130600000000016,0.12,6.032650000000004
strong_signal_low_vol_reversal,10,10000,-8.348500000000003,90,25,25,-0.09276111111111114,-0.3339400000000001,-0.3339400000000001,0.16,8.348500000000003
strong_signal_low_vol_reversal,25,500,-9.375699999999998,90,33,33,-0.10417444444444443,-0.28411212121212115,-0.28411212121212115,0.0,9.375699999999998
strong_signal_low_vol_reversal,25,750,-10.331,90,33,33,-0.11478888888888888,-0.31306060606060604,-0.31306060606060604,0.0,10.331
strong_signal_low_vol_reversal,25,1000,-9.625300000000003,90,33,33,-0.10694777777777781,-0.29167575757575764,-0.29167575757575764,0.0,9.625300000000003
strong_signal_low_vol_reversal,25,1500,-7.029500000000004,90,31,31,-0.0781055555555556,-0.22675806451612918,-0.22675806451612918,0.06451612903225806,7.261500000000004
strong_signal_low_vol_reversal,25,2000,-5.953050000000003,90,31,31,-0.06614500000000004,-0.19203387096774202,-0.19203387096774202,0.0,5.953050000000003
strong_signal_low_vol_reversal,25,3000,-5.447100000000004,90,30,30,-0.06052333333333338,-0.18157000000000015,-0.18157000000000015,0.06666666666666667,5.447100000000004
strong_signal_low_vol_reversal,25,4000,-4.941100000000006,90,30,30,-0.05490111111111118,-0.16470333333333353,-0.16470333333333353,0.13333333333333333,4.941100000000006
strong_signal_low_vol_reversal,25,5000,-6.0739000000000045,90,28,28,-0.06748777777777783,-0.21692500000000017,-0.21692500000000017,0.07142857142857142,6.0739000000000045
strong_signal_low_vol_reversal,25,7500,-5.930100000000004,90,25,25,-0.06589000000000005,-0.23720400000000016,-0.23720400000000016,0.12,5.930100000000004
strong_signal_low_vol_reversal,25,10000,-8.245950000000002,90,25,25,-0.0916216666666667,-0.3298380000000001,-0.3298380000000001,0.16,8.245950000000002
strong_signal_low_vol_reversal,50,500,-9.27855,90,33,33,-0.10309499999999999,-0.2811681818181818,-0.2811681818181818,0.0,9.27855
strong_signal_low_vol_reversal,50,750,-10.23385,90,33,33,-0.11370944444444445,-0.31011666666666665,-0.31011666666666665,0.0,10.23385
strong_signal_low_vol_reversal,50,1000,-9.528150000000004,90,33,33,-0.10586833333333337,-0.2887318181818183,-0.2887318181818183,0.0,9.528150000000004
strong_signal_low_vol_reversal,50,1500,-6.932350000000004,90,31,31,-0.07702611111111116,-0.22362419354838722,-0.22362419354838722,0.06451612903225806,7.164350000000004
strong_signal_low_vol_reversal,50,2000,-5.855900000000003,90,31,31,-0.06506555555555558,-0.1889000000000001,-0.1889000000000001,0.0,5.855900000000003
strong_signal_low_vol_reversal,50,3000,-5.400200000000003,90,30,30,-0.06000222222222226,-0.1800066666666668,-0.1800066666666668,0.06666666666666667,5.400200000000003
strong_signal_low_vol_reversal,50,4000,-4.894200000000005,90,30,30,-0.05438000000000005,-0.16314000000000017,-0.16314000000000017,0.13333333333333333,4.894200000000005
strong_signal_low_vol_reversal,50,5000,-6.027000000000004,90,28,28,-0.0669666666666667,-0.21525000000000014,-0.21525000000000014,0.07142857142857142,6.027000000000004
strong_signal_low_vol_reversal,50,7500,-5.883200000000003,90,25,25,-0.06536888888888892,-0.23532800000000012,-0.23532800000000012,0.12,5.883200000000003
strong_signal_low_vol_reversal,50,10000,-8.199050000000002,90,25,25,-0.09110055555555557,-0.3279620000000001,-0.3279620000000001,0.16,8.199050000000002
strong_signal_low_vol_reversal,100,500,-7.876600000000004,90,33,33,-0.08751777777777782,-0.2386848484848486,-0.2386848484848486,0.0,7.876600000000004
strong_signal_low_vol_reversal,100,750,-8.831900000000001,90,33,33,-0.09813222222222223,-0.2676333333333334,-0.2676333333333334,0.0,8.831900000000001
strong_signal_low_vol_reversal,100,1000,-8.126200000000006,90,33,33,-0.09029111111111118,-0.24624848484848502,-0.24624848484848502,0.0,8.126200000000006
strong_signal_low_vol_reversal,100,1500,-6.211300000000004,90,31,31,-0.06901444444444449,-0.2003645161290324,-0.2003645161290324,0.06451612903225806,6.443300000000004
strong_signal_low_vol_reversal,100,2000,-5.134850000000002,90,31,31,-0.05705388888888891,-0.16564032258064523,-0.16564032258064523,0.0,5.134850000000002
strong_signal_low_vol_reversal,100,3000,-4.729450000000004,90,30,30,-0.052549444444444496,-0.15764833333333347,-0.15764833333333347,0.06666666666666667,4.729450000000004
strong_signal_low_vol_reversal,100,4000,-4.223450000000006,90,30,30,-0.04692722222222229,-0.14078166666666686,-0.14078166666666686,0.13333333333333333,4.223450000000006
strong_signal_low_vol_reversal,100,5000,-5.356250000000005,90,28,28,-0.05951388888888894,-0.191294642857143,-0.191294642857143,0.07142857142857142,5.356250000000005
strong_signal_low_vol_reversal,100,7500,-5.400750000000005,90,25,25,-0.060008333333333386,-0.2160300000000002,-0.2160300000000002,0.12,5.400750000000005
strong_signal_low_vol_reversal,100,10000,-7.716600000000004,90,25,25,-0.08574000000000005,-0.30866400000000016,-0.30866400000000016,0.16,7.716600000000004
strong_signal_low_vol_reversal,250,500,-5.887400000000003,90,33,33,-0.06541555555555559,-0.1784060606060607,-0.1784060606060607,0.0,5.887400000000003
strong_signal_low_vol_reversal,250,750,-6.842700000000003,90,33,33,-0.07603000000000004,-0.20735454545454557,-0.20735454545454557,0.0,6.842700000000003
strong_signal_low_vol_reversal,250,1000,-6.137000000000005,90,33,33,-0.06818888888888894,-0.18596969696969712,-0.18596969696969712,0.0,6.137000000000005
strong_signal_low_vol_reversal,250,1500,-4.811200000000003,90,31,31,-0.05345777777777781,-0.1552000000000001,-0.1552000000000001,0.06451612903225806,5.043200000000003
strong_signal_low_vol_reversal,250,2000,-3.7347500000000036,90,31,31,-0.04149722222222226,-0.12047580645161302,-0.12047580645161302,0.12903225806451613,3.7347500000000036
strong_signal_low_vol_reversal,250,3000,-3.531350000000004,90,30,30,-0.03923722222222227,-0.11771166666666681,-0.11771166666666681,0.13333333333333333,3.531350000000004
strong_signal_low_vol_reversal,250,4000,-3.025350000000006,90,30,30,-0.03361500000000007,-0.10084500000000021,-0.10084500000000021,0.13333333333333333,3.025350000000006
strong_signal_low_vol_reversal,250,5000,-4.158150000000005,90,28,28,-0.046201666666666724,-0.14850535714285734,-0.14850535714285734,0.07142857142857142,4.158150000000005
strong_signal_low_vol_reversal,250,7500,-4.296950000000006,90,25,25,-0.047743888888888954,-0.17187800000000025,-0.17187800000000025,0.12,4.296950000000006
strong_signal_low_vol_reversal,250,10000,-6.6128000000000045,90,25,25,-0.0734755555555556,-0.2645120000000002,-0.2645120000000002,0.16,6.6128000000000045
acceleration_momentum,5,500,-20.686020399999997,718,166,157,-0.028810613370473533,-0.12461458072289154,-0.1317580917197452,0.17197452229299362,20.712170399999998
acceleration_momentum,5,750,-19.358983499999994,718,166,157,-0.026962372562674086,-0.11662038253012044,-0.123305627388535,0.1910828025477707,19.385133499999995
acceleration_momentum,5,1000,-18.6903335,718,166,157,-0.026031105153203345,-0.11259237048192772,-0.11904671019108282,0.1910828025477707,18.6903335
acceleration_momentum,5,1500,-20.14189999999999,718,164,155,-0.028052785515320318,-0.12281646341463408,-0.1299477419354838,0.1870967741935484,20.14189999999999
acceleration_momentum,5,2000,-20.28875,718,159,150,-0.028257311977715877,-0.12760220125786165,-0.13525833333333334,0.16,20.28875
acceleration_momentum,5,3000,-25.49538999999999,718,153,144,-0.03550889972144845,-0.16663653594771236,-0.17705131944444438,0.2013888888888889,25.73298999999999
acceleration_momentum,5,4000,-20.31229999999999,718,149,140,-0.028290111420612798,-0.13632416107382545,-0.14508785714285707,0.24285714285714285,20.49694999999999
acceleration_momentum,5,5000,-17.004599999999993,718,144,135,-0.023683286908077986,-0.11808749999999996,-0.12595999999999993,0.2518518518518518,17.242199999999993
acceleration_momentum,5,7500,-8.034099999999999,718,136,127,-0.011189554317548745,-0.05907426470588234,-0.06326062992125983,0.3700787401574803,9.186549999999997
acceleration_momentum,5,10000,-12.784749999999995,718,132,123,-0.01780605849582172,-0.09685416666666663,-0.10394105691056907,0.35772357723577236,13.288299999999996
acceleration_momentum,10,500,-18.40155,718,166,151,-0.025628899721448467,-0.11085271084337349,-0.12186456953642384,0.17218543046357615,18.4277
acceleration_momentum,10,750,-18.312583499999995,718,166,151,-0.0255049909470752,-0.11031676807228913,-0.12127538741721851,0.18543046357615894,18.338733499999996
acceleration_momentum,10,1000,-17.445033499999997,718,166,151,-0.02429670403899721,-0.10509056325301203,-0.11553002317880794,0.18543046357615894,17.445033499999997
acceleration_momentum,10,1500,-18.44094999999999,718,164,149,-0.025683774373259038,-0.11244481707317067,-0.12376476510067108,0.174496644295302,18.44094999999999
acceleration_momentum,10,2000,-18.1847,718,160,145,-0.025326880222841224,-0.113654375,-0.12541172413793103,0.16551724137931034,18.1847
acceleration_momentum,10,3000,-24.91068999999999,718,155,140,-0.03469455431754873,-0.16071412903225799,-0.1779334999999999,0.2,25.14828999999999
acceleration_momentum,10,4000,-19.33569999999999,718,151,136,-0.02692994428969358,-0.12805099337748338,-0.14217426470588226,0.2426470588235294,19.52034999999999
acceleration_momentum,10,5000,-16.081049999999994,718,146,131,-0.022397005571030634,-0.11014417808219173,-0.12275610687022896,0.24427480916030533,16.318649999999995
acceleration_momentum,10,7500,-7.292399999999998,718,139,124,-0.010156545961002782,-0.05246330935251797,-0.05880967741935482,0.3709677419354839,9.186549999999997
acceleration_momentum,10,10000,-12.795699999999993,718,135,120,-0.017821309192200548,-0.09478296296296292,-0.10663083333333327,0.35,13.299249999999994
acceleration_momentum,25,500,-20.509879500000004,718,166,143,-0.02856529178272981,-0.12355349096385544,-0.1434257307692308,0.11888111888111888,20.536029500000005
acceleration_momentum,25,750,-20.212791499999994,718,166,143,-0.028151520194986065,-0.12176380421686743,-0.14134819230769227,0.14685314685314685,20.238941499999996
acceleration_momentum,25,1000,-19.977750999999998,718,166,143,-0.027824165738161558,-0.12034789759036144,-0.13970455244755242,0.14685314685314685,19.977750999999998
acceleration_momentum,25,1500,-20.721517499999994,718,166,143,-0.028860052228412248,-0.12482841867469875,-0.14490571678321673,0.15384615384615385,20.721517499999994
acceleration_momentum,25,2000,-19.811784,718,165,142,-0.027593013927576602,-0.12007141818181818,-0.1395196056338028,0.1619718309859155,19.811784
acceleration_momentum,25,3000,-23.84169999999999,718,160,137,-0.03320571030640667,-0.14901062499999992,-0.17402700729926998,0.20437956204379562,24.07929999999999
acceleration_momentum,25,4000,-20.43809999999999,718,158,135,-0.028465320334261825,-0.1293550632911392,-0.15139333333333327,0.2222222222222222,20.622749999999993
acceleration_momentum,25,5000,-17.263849999999987,718,153,130,-0.024044359331476306,-0.1128356209150326,-0.13279884615384605,0.23846153846153847,17.501449999999988
acceleration_momentum,25,7500,-8.585350000000002,718,146,123,-0.01195731197771588,-0.058803767123287685,-0.06979959349593498,0.36585365853658536,9.035550000000002
acceleration_momentum,25,10000,-13.93935,718,142,119,-0.019414136490250696,-0.0981644366197183,-0.11713739495798318,0.33613445378151263,14.4429
acceleration_momentum,50,500,-21.46235,718,168,131,-0.029891852367688022,-0.12775208333333335,-0.16383473282442748,0.07633587786259542,21.46235
acceleration_momentum,50,750,-21.32873349999999,718,168,131,-0.02970575696378829,-0.12695674702380946,-0.16281475954198465,0.0916030534351145,21.32873349999999
acceleration_momentum,50,1000,-20.918483499999994,718,168,131,-0.029134378133704727,-0.1245147827380952,-0.1596830801526717,0.09923664122137404,20.918483499999994
acceleration_momentum,50,1500,-21.40494999999999,718,168,131,-0.029811908077994415,-0.1274104166666666,-0.1633965648854961,0.1297709923664122,21.40494999999999
acceleration_momentum,50,2000,-20.120949999999997,718,167,130,-0.028023607242339828,-0.12048473053892214,-0.15477653846153844,0.13846153846153847,20.120949999999997
acceleration_momentum,50,3000,-22.958149999999993,718,163,126,-0.03197513927576601,-0.1408475460122699,-0.18220753968253964,0.1746031746031746,22.958149999999993
acceleration_momentum,50,4000,-19.69579999999999,718,161,124,-0.027431476323119763,-0.12233416149068317,-0.15883709677419347,0.20967741935483872,19.69579999999999
acceleration_momentum,50,5000,-17.16069999999999,718,156,119,-0.02390069637883007,-0.11000448717948712,-0.14420756302521,0.2184873949579832,17.16069999999999
acceleration_momentum,50,7500,-11.992199999999997,718,149,112,-0.016702228412256263,-0.08048456375838924,-0.10707321428571426,0.32142857142857145,11.992199999999997
acceleration_momentum,50,10000,-13.784049999999999,718,147,110,-0.01919784122562674,-0.09376904761904761,-0.12530954545454545,0.3181818181818182,13.784049999999999
acceleration_momentum,100,500,-18.596500000000002,718,173,120,-0.025900417827298055,-0.10749421965317921,-0.15497083333333336,0.075,18.596500000000002
acceleration_momentum,100,750,-18.941783499999996,718,173,120,-0.026381314066852363,-0.10949007803468205,-0.1578481958333333,0.075,18.941783499999996
acceleration_momentum,100,1000,-18.788783499999994,718,173,120,-0.02616822214484679,-0.10860568497109822,-0.1565731958333333,0.08333333333333333,18.788783499999994
acceleration_momentum,100,1500,-19.169449999999987,718,173,120,-0.026698398328690788,-0.11080606936416178,-0.15974541666666656,0.11666666666666667,19.169449999999987
acceleration_momentum,100,2000,-17.275999999999993,718,172,119,-0.024061281337047345,-0.10044186046511623,-0.14517647058823524,0.15966386554621848,17.275999999999993
acceleration_momentum,100,3000,-19.1532,718,168,115,-0.02667576601671309,-0.11400714285714285,-0.16654956521739128,0.20869565217391303,19.1532
acceleration_momentum,100,4000,-16.0609,718,166,113,-0.022368941504178272,-0.09675240963855422,-0.14213185840707965,0.20353982300884957,16.0609
acceleration_momentum,100,5000,-14.925099999999995,718,161,108,-0.02078704735376044,-0.09270248447204966,-0.13819537037037033,0.21296296296296297,14.925099999999995
acceleration_momentum,100,7500,-11.410949999999998,718,156,103,-0.01589268802228412,-0.07314711538461537,-0.11078592233009707,0.3300970873786408,11.410949999999998
acceleration_momentum,100,10000,-11.278299999999996,718,155,102,-0.015707938718662946,-0.07276322580645159,-0.11057156862745095,0.30392156862745096,11.278299999999996
acceleration_momentum,250,500,-18.4143,718,169,110,-0.0256466573816156,-0.1089603550295858,-0.1674027272727273,0.01818181818181818,18.4143
acceleration_momentum,250,750,-19.387483500000002,718,169,110,-0.02700206615598886,-0.11471883727810651,-0.17624985,0.01818181818181818,19.387483500000002
acceleration_momentum,250,1000,-18.9854335,718,169,110,-0.02644210793871866,-0.11233984319526627,-0.17259485,0.02727272727272727,18.9854335
acceleration_momentum,250,1500,-19.40934999999999,718,169,110,-0.02703252089136489,-0.11484822485207094,-0.17644863636363625,0.06363636363636363,19.40934999999999
acceleration_momentum,250,2000,-17.5816,718,168,109,-0.024486908077994432,-0.10465238095238097,-0.16129908256880734,0.10091743119266056,17.5816
acceleration_momentum,250,3000,-20.1099,718,164,105,-0.028008217270194986,-0.12262134146341463,-0.19152285714285713,0.13333333333333333,20.1099
acceleration_momentum,250,4000,-17.82045,718,162,103,-0.02481956824512535,-0.11000277777777778,-0.17301407766990293,0.14563106796116504,17.82045
acceleration_momentum,250,5000,-16.737949999999994,718,157,98,-0.023311908077994423,-0.10661114649681525,-0.17079540816326524,0.14285714285714285,16.737949999999994
acceleration_momentum,250,7500,-12.881300000000007,718,153,94,-0.017940529247910873,-0.0841915032679739,-0.1370351063829788,0.26595744680851063,12.881300000000007
acceleration_momentum,250,10000,-12.989100000000008,718,152,93,-0.01809066852367689,-0.08545460526315794,-0.13966774193548395,0.25806451612903225,12.989100000000008
acceleration_reversal,5,500,-43.77863999999998,718,156,156,-0.06097303621169914,-0.28063230769230757,-0.28063230769230757,0.038461538461538464,44.25213999999998
acceleration_reversal,5,750,-45.332135999999984,718,156,156,-0.06313667966573815,-0.2905906153846153,-0.2905906153846153,0.05128205128205128,45.99863599999998
acceleration_reversal,5,1000,-45.83791949999999,718,156,156,-0.06384111350974929,-0.29383281730769223,-0.29383281730769223,0.05128205128205128,46.31141949999999
acceleration_reversal,5,1500,-41.2181,718,154,154,-0.057406824512534815,-0.26765,-0.26765,0.1038961038961039,41.5953
acceleration_reversal,5,2000,-38.71994999999998,718,148,148,-0.05392750696378828,-0.2616212837837837,-0.2616212837837837,0.0945945945945946,39.193449999999984
acceleration_reversal,5,3000,-33.85145000000001,718,141,141,-0.047146866295264635,-0.2400812056737589,-0.2400812056737589,0.09219858156028368,34.13255
acceleration_reversal,5,4000,-32.52349999999999,718,137,137,-0.04529735376044567,-0.23739781021897804,-0.23739781021897804,0.12408759124087591,32.90069999999999
acceleration_reversal,5,5000,-36.4613248,718,132,132,-0.05078178941504178,-0.2762221575757576,-0.2762221575757576,0.09090909090909091,36.8385248
acceleration_reversal,5,7500,-40.86665000000002,718,123,123,-0.05691733983286911,-0.3322491869918701,-0.3322491869918701,0.14634146341463414,41.25870000000002
acceleration_reversal,5,10000,-33.99144999999999,718,118,118,-0.047341852367688016,-0.2880631355932203,-0.2880631355932203,0.15254237288135594,34.34749999999999
acceleration_reversal,10,500,-42.99189,718,156,155,-0.05987728412256267,-0.2755890384615384,-0.2773670322580645,0.03870967741935484,43.46539
acceleration_reversal,10,750,-44.545385999999986,718,156,155,-0.06204092757660165,-0.2855473461538461,-0.2873895870967741,0.05161290322580645,45.211885999999986
acceleration_reversal,10,1000,-45.05116949999999,718,156,155,-0.06274536142061281,-0.28878954807692303,-0.29065270645161284,0.05161290322580645,45.524669499999995
acceleration_reversal,10,1500,-40.479699999999994,718,154,153,-0.0563784122562674,-0.26285519480519476,-0.26457320261437905,0.1111111111111111,40.856899999999996
acceleration_reversal,10,2000,-37.88799999999999,718,148,147,-0.052768802228412244,-0.25599999999999995,-0.2577414965986394,0.10204081632653061,38.36149999999999
acceleration_reversal,10,3000,-33.02270000000001,718,141,140,-0.04599261838440113,-0.23420354609929084,-0.23587642857142863,0.09285714285714286,33.3038
acceleration_reversal,10,4000,-31.648149999999994,718,137,136,-0.044078203342618374,-0.23100839416058389,-0.2327069852941176,0.125,32.025349999999996
acceleration_reversal,10,5000,-35.68647479999999,718,132,131,-0.04970261114206127,-0.27035208181818177,-0.27241583816793885,0.0916030534351145,36.063674799999994
acceleration_reversal,10,7500,-40.14140000000002,718,123,122,-0.055907242339832894,-0.32635284552845545,-0.32902786885245916,0.14754098360655737,40.533450000000016
acceleration_reversal,10,10000,-33.2662,718,118,117,-0.046331754874651805,-0.28191694915254234,-0.2843264957264957,0.15384615384615385,33.622249999999994
acceleration_reversal,25,500,-40.26802999999999,718,156,154,-0.056083607242339815,-0.2581283974358974,-0.26148071428571423,0.03896103896103896,40.74152999999999
acceleration_reversal,25,750,-42.605486,718,156,154,-0.05933911699164345,-0.27311208974358975,-0.276659,0.05194805194805195,43.271986
acceleration_reversal,25,1000,-43.15926949999999,718,156,154,-0.060110403203342606,-0.2766619839743589,-0.2802549967532467,0.05194805194805195,43.632769499999995
acceleration_reversal,25,1500,-38.5878,718,154,152,-0.05374345403899722,-0.2505701298701299,-0.2538671052631579,0.1118421052631579,38.965
acceleration_reversal,25,2000,-36.0977,718,148,146,-0.050275348189415044,-0.2439033783783784,-0.24724452054794524,0.10273972602739725,36.571200000000005
acceleration_reversal,25,3000,-31.3827,718,141,139,-0.04370849582172702,-0.22257234042553192,-0.2257748201438849,0.09352517985611511,31.663800000000002
acceleration_reversal,25,4000,-30.106449999999988,718,137,135,-0.0419309888579387,-0.219755109489051,-0.22301074074074065,0.1259259259259259,30.48364999999999
acceleration_reversal,25,5000,-34.19277479999999,718,132,130,-0.04762224902506962,-0.25903617272727264,-0.2630213446153845,0.09230769230769231,34.56997479999999
acceleration_reversal,25,7500,-38.26775000000002,718,123,121,-0.053297701949860755,-0.31111991869918715,-0.3162623966942151,0.1487603305785124,38.65980000000002
acceleration_reversal,25,10000,-31.487199999999987,718,118,116,-0.04385403899721447,-0.2668406779661016,-0.27144137931034473,0.15517241379310345,31.84324999999999
acceleration_reversal,50,500,-39.161480000000005,718,156,151,-0.0545424512534819,-0.25103512820512824,-0.2593475496688742,0.026490066225165563,39.161480000000005
acceleration_reversal,50,750,-41.691936000000005,718,156,151,-0.05806676323119778,-0.26725600000000005,-0.2761055364238411,0.039735099337748346,41.691936000000005
acceleration_reversal,50,1000,-42.0527195,718,156,151,-0.058569247214484685,-0.26956871474358973,-0.27849483112582785,0.046357615894039736,42.0527195
acceleration_reversal,50,1500,-37.384949999999996,718,154,149,-0.052068175487465174,-0.24275941558441555,-0.25090570469798656,0.11409395973154363,37.384949999999996
acceleration_reversal,50,2000,-35.451499999999996,718,148,143,-0.04937534818941504,-0.23953716216216214,-0.24791258741258737,0.09090909090909091,35.451499999999996
acceleration_reversal,50,3000,-30.8923,718,141,136,-0.043025487465181055,-0.21909432624113473,-0.22714926470588234,0.08823529411764706,30.8923
acceleration_reversal,50,4000,-29.76239999999998,718,137,132,-0.04145181058495819,-0.21724379562043783,-0.22547272727272713,0.11363636363636363,29.76239999999998
acceleration_reversal,50,5000,-33.848724799999985,718,132,127,-0.047143070752089115,-0.25642973333333324,-0.26652539212598414,0.07874015748031496,33.848724799999985
acceleration_reversal,50,7500,-37.87710000000001,718,123,118,-0.05275362116991645,-0.3079439024390245,-0.320992372881356,0.13559322033898305,37.87710000000001
acceleration_reversal,50,10000,-31.095849999999984,718,118,113,-0.043308983286908055,-0.26352415254237277,-0.27518451327433613,0.1415929203539823,31.123549999999984
acceleration_reversal,100,500,-35.17277999999999,718,156,147,-0.04898715877437324,-0.22546653846153838,-0.23927061224489787,0.02040816326530612,35.17277999999999
acceleration_reversal,100,750,-37.908135999999985,718,156,147,-0.05279684679665736,-0.2430008717948717,-0.2578784761904761,0.047619047619047616,37.908135999999985
acceleration_reversal,100,1000,-37.77521949999999,718,156,147,-0.052611726323119765,-0.24214884294871789,-0.25697428231292513,0.04081632653061224,37.77521949999999
acceleration_reversal,100,1500,-34.804249999999996,718,154,145,-0.04847388579387186,-0.22600162337662336,-0.24002931034482755,0.09655172413793103,34.8231
acceleration_reversal,100,2000,-33.420249999999996,718,148,139,-0.04654630919220055,-0.22581249999999997,-0.24043345323741006,0.07194244604316546,33.420249999999996
acceleration_reversal,100,3000,-28.658749999999994,718,141,132,-0.03991469359331475,-0.20325354609929075,-0.2171117424242424,0.07575757575757576,28.658749999999994
acceleration_reversal,100,4000,-27.531899999999986,718,137,128,-0.03834526462395541,-0.20096277372262764,-0.2150929687499999,0.1015625,27.531899999999986
acceleration_reversal,100,5000,-31.13107479999999,718,134,125,-0.04335804289693592,-0.23232145373134322,-0.2490485983999999,0.088,31.13107479999999
acceleration_reversal,100,7500,-36.17915000000001,718,125,116,-0.050388788300835666,-0.28943320000000006,-0.3118892241379311,0.12931034482758622,36.208450000000006
acceleration_reversal,100,10000,-29.635899999999992,718,120,111,-0.04127562674094706,-0.24696583333333327,-0.26699009009009,0.15315315315315314,29.77839999999999
acceleration_reversal,250,500,-28.026343200000003,718,156,144,-0.03903390417827299,-0.17965604615384617,-0.19462738333333335,0.013888888888888888,28.026343200000003
acceleration_reversal,250,750,-30.178353200000004,718,156,144,-0.042031132590529256,-0.19345098205128208,-0.20957189722222225,0.04861111111111111,30.178353200000004
acceleration_reversal,250,1000,-29.055247900000012,718,156,144,-0.04046691908077996,-0.18625158910256417,-0.2017725548611112,0.041666666666666664,29.055247900000012
acceleration_reversal,250,1500,-28.051330800000002,718,154,142,-0.03906870584958218,-0.1821514987012987,-0.19754458309859158,0.09154929577464789,28.051330800000002
acceleration_reversal,250,2000,-27.549790000000005,718,148,136,-0.03837018105849583,-0.18614722972972977,-0.20257198529411768,0.10294117647058823,27.549790000000005
acceleration_reversal,250,3000,-22.082595600000005,718,142,130,-0.03075570417827299,-0.15551123661971836,-0.16986612000000004,0.13076923076923078,22.082595600000005
acceleration_reversal,250,4000,-21.699095599999996,718,138,126,-0.03022158161559888,-0.15723982318840576,-0.1722150444444444,0.14285714285714285,21.699095599999996
acceleration_reversal,250,5000,-25.724358400000003,718,134,122,-0.03582779721448468,-0.19197282388059703,-0.2108553967213115,0.11475409836065574,25.724358400000003
acceleration_reversal,250,7500,-31.4679016,718,125,113,-0.04382716100278552,-0.2517432128,-0.2784770053097345,0.1504424778761062,31.488051600000002
acceleration_reversal,250,10000,-25.069028400000004,718,120,108,-0.03491508133704736,-0.20890857000000004,-0.23212063333333338,0.1574074074074074,25.149278400000004
deceleration_reversal,5,500,-45.68264,688,162,162,-0.06639918604651163,-0.2819916049382716,-0.2819916049382716,0.06172839506172839,46.15614
deceleration_reversal,5,750,-46.94422750000001,688,162,162,-0.06823288880813955,-0.2897791820987655,-0.2897791820987655,0.05555555555555555,47.61072750000001
deceleration_reversal,5,1000,-46.826316999999996,688,162,162,-0.06806150726744185,-0.2890513395061728,-0.2890513395061728,0.05555555555555555,47.299817
deceleration_reversal,5,1500,-45.6109,688,159,159,-0.06629491279069767,-0.28686100628930816,-0.28686100628930816,0.08176100628930817,45.9881
deceleration_reversal,5,2000,-43.863499999999966,688,153,153,-0.06375508720930227,-0.2866895424836599,-0.2866895424836599,0.0784313725490196,44.33699999999997
deceleration_reversal,5,3000,-35.5402,688,146,146,-0.051657267441860465,-0.24342602739726027,-0.24342602739726027,0.0958904109589041,35.821299999999994
deceleration_reversal,5,4000,-33.86769999999999,688,142,142,-0.04922630813953487,-0.23850492957746475,-0.23850492957746475,0.1267605633802817,34.244899999999994
deceleration_reversal,5,5000,-37.352324800000005,688,137,137,-0.05429116976744187,-0.2726447065693431,-0.2726447065693431,0.11678832116788321,37.72952480000001
deceleration_reversal,5,7500,-42.37525000000004,688,128,128,-0.061591933139534934,-0.3310566406250003,-0.3310566406250003,0.1953125,42.75245000000004
deceleration_reversal,5,10000,-37.65310000000001,688,123,123,-0.05472834302325583,-0.30612276422764234,-0.30612276422764234,0.14634146341463414,37.934200000000004
deceleration_reversal,10,500,-44.93623999999999,688,162,160,-0.06531430232558139,-0.27738419753086413,-0.2808514999999999,0.05625,45.40973999999999
deceleration_reversal,10,750,-46.0920775,688,162,160,-0.06699429869186047,-0.28451899691358024,-0.288075484375,0.05625,46.7585775
deceleration_reversal,10,1000,-45.974167,688,162,160,-0.06682291715116279,-0.28379115432098767,-0.28733854375,0.05625,46.447667
deceleration_reversal,10,1500,-44.8645,688,159,157,-0.06521002906976744,-0.2821666666666667,-0.2857611464968153,0.08280254777070063,45.2417
deceleration_reversal,10,2000,-42.91779999999998,688,153,151,-0.06238052325581392,-0.280508496732026,-0.2842238410596025,0.08609271523178808,43.39129999999998
deceleration_reversal,10,3000,-34.701299999999996,688,146,144,-0.050437936046511624,-0.23768013698630133,-0.24098124999999998,0.09722222222222222,34.98239999999999
deceleration_reversal,10,4000,-32.982199999999985,688,142,140,-0.04793924418604649,-0.23226901408450693,-0.23558714285714275,0.12857142857142856,33.35939999999999
deceleration_reversal,10,5000,-36.7262248,688,137,135,-0.05338114069767441,-0.2680746335766423,-0.2720461096296296,0.1111111111111111,37.1034248
deceleration_reversal,10,7500,-41.95830000000004,688,128,126,-0.06098590116279075,-0.3277992187500003,-0.33300238095238127,0.19047619047619047,42.33550000000004
deceleration_reversal,10,10000,-37.23615000000001,688,123,121,-0.05412231104651164,-0.3027329268292684,-0.30773677685950424,0.14049586776859505,37.517250000000004
deceleration_reversal,25,500,-42.81065949999999,688,162,155,-0.06222479578488371,-0.2642633302469135,-0.2761978032258064,0.03225806451612903,43.284159499999994
deceleration_reversal,25,750,-44.504135500000004,688,162,155,-0.06468624345930234,-0.27471688580246917,-0.2871234548387097,0.03225806451612903,45.1706355
deceleration_reversal,25,1000,-44.514334500000004,688,162,155,-0.06470106758720931,-0.27477984259259264,-0.2871892548387097,0.03225806451612903,44.987834500000005
deceleration_reversal,25,1500,-42.7783675,688,161,154,-0.062177859738372095,-0.26570414596273295,-0.27778160714285716,0.07142857142857142,43.155567500000004
deceleration_reversal,25,2000,-40.555483999999986,688,155,148,-0.05894692441860463,-0.26164828387096767,-0.27402354054054046,0.08108108108108109,41.02898399999999
deceleration_reversal,25,3000,-33.0941,688,148,141,-0.048101889534883716,-0.22360878378378377,-0.23470992907801416,0.09219858156028368,33.37519999999999
deceleration_reversal,25,4000,-31.747599999999984,688,145,138,-0.04614476744186044,-0.21894896551724127,-0.230055072463768,0.12318840579710146,32.124799999999986
deceleration_reversal,25,5000,-35.8041248,688,140,133,-0.05204087906976744,-0.25574374857142856,-0.2692039458646616,0.10526315789473684,36.1813248
deceleration_reversal,25,7500,-40.70935000000002,688,131,124,-0.05917056686046515,-0.31075839694656504,-0.32830120967741955,0.18548387096774194,41.086550000000024
deceleration_reversal,25,10000,-36.081849999999996,688,126,119,-0.052444549418604644,-0.28636388888888886,-0.30320882352941175,0.13445378151260504,36.36294999999999
deceleration_reversal,50,500,-42.02803000000001,688,162,150,-0.06108725290697676,-0.25943228395061735,-0.2801868666666667,0.013333333333333334,42.02803000000001
deceleration_reversal,50,750,-44.1082775,688,162,150,-0.06411086845930232,-0.27227331790123455,-0.29405518333333336,0.013333333333333334,44.1082775
deceleration_reversal,50,1000,-43.89791700000001,688,162,150,-0.06380511191860466,-0.27097479629629634,-0.29265278000000006,0.02,43.89791700000001
deceleration_reversal,50,1500,-41.959649999999996,688,161,149,-0.06098786337209302,-0.26061894409937886,-0.2816083892617449,0.06711409395973154,41.98285
deceleration_reversal,50,2000,-40.318849999999976,688,155,143,-0.058602979651162755,-0.26012161290322566,-0.2819499999999998,0.06993006993006994,40.318849999999976
deceleration_reversal,50,3000,-32.88159999999999,688,148,136,-0.04779302325581394,-0.22217297297297292,-0.24177647058823523,0.07352941176470588,32.88159999999999
deceleration_reversal,50,4000,-31.68454999999998,688,145,133,-0.04605312499999997,-0.21851413793103436,-0.23822969924812015,0.09774436090225563,31.68454999999998
deceleration_reversal,50,5000,-35.74107479999999,688,140,128,-0.051949236627906965,-0.2552933914285714,-0.27922714687499994,0.078125,35.74107479999999
deceleration_reversal,50,7500,-40.652900000000024,688,131,119,-0.0590885174418605,-0.31032748091603074,-0.34162100840336157,0.15966386554621848,40.652900000000024
deceleration_reversal,50,10000,-36.02459999999999,688,126,114,-0.05236133720930231,-0.2859095238095237,-0.3160052631578947,0.10526315789473684,36.02459999999999
deceleration_reversal,100,500,-38.64487999999999,688,162,145,-0.05616988372093022,-0.2385486419753086,-0.2665164137931034,0.0,38.64487999999999
deceleration_reversal,100,750,-40.930027499999994,688,162,145,-0.05949131904069767,-0.2526544907407407,-0.2822760517241379,0.013793103448275862,40.930027499999994
deceleration_reversal,100,1000,-40.33186699999999,688,162,145,-0.05862189970930231,-0.24896214197530858,-0.27815080689655164,0.020689655172413793,40.33186699999999
deceleration_reversal,100,1500,-39.357699999999994,688,161,144,-0.057205959302325575,-0.24445776397515526,-0.27331736111111105,0.05555555555555555,39.681749999999994
deceleration_reversal,100,2000,-38.266349999999996,688,155,138,-0.05561969476744186,-0.24687967741935482,-0.2772923913043478,0.057971014492753624,38.266349999999996
deceleration_reversal,100,3000,-30.626799999999996,688,148,131,-0.0445156976744186,-0.2069378378378378,-0.2337923664122137,0.06870229007633588,30.626799999999996
deceleration_reversal,100,4000,-29.807699999999983,688,145,128,-0.043325145348837184,-0.2055703448275861,-0.23287265624999987,0.078125,29.807699999999983
deceleration_reversal,100,5000,-33.32797479999999,688,142,125,-0.04844182383720929,-0.23470404788732388,-0.26662379839999995,0.08,33.32797479999999
deceleration_reversal,100,7500,-38.524250000000016,688,133,116,-0.055994549418604676,-0.2896560150375941,-0.332105603448276,0.14655172413793102,38.524250000000016
deceleration_reversal,100,10000,-34.1869,688,128,111,-0.049690261627906976,-0.26708515625,-0.3079900900900901,0.10810810810810811,34.1869
deceleration_reversal,250,500,-32.1398432,688,162,144,-0.046714888372093026,-0.1983940938271605,-0.22319335555555556,0.0,32.1398432
deceleration_reversal,250,750,-33.638044699999995,688,162,144,-0.048892506831395344,-0.20764225123456787,-0.23359753263888886,0.020833333333333332,33.638044699999995
deceleration_reversal,250,1000,-33.63008140000001,688,162,144,-0.048880932267441876,-0.20759309506172846,-0.2335422319444445,0.020833333333333332,33.63008140000001
deceleration_reversal,250,1500,-32.239480799999995,688,161,143,-0.04685971046511627,-0.20024522236024841,-0.22545091468531464,0.055944055944055944,32.28294999999999
deceleration_reversal,250,2000,-32.08209,688,155,137,-0.04663094476744186,-0.20698122580645162,-0.2341758394160584,0.08759124087591241,32.08209
deceleration_reversal,250,3000,-24.278995600000002,688,148,130,-0.035289237790697675,-0.16404726756756757,-0.18676150461538463,0.11538461538461539,24.278995600000002
deceleration_reversal,250,4000,-23.950595599999993,688,145,127,-0.03481191220930231,-0.1651765213793103,-0.1885873669291338,0.11811023622047244,23.950595599999993
deceleration_reversal,250,5000,-27.896958400000006,688,141,123,-0.0405479046511628,-0.19785076879432628,-0.22680453983739843,0.10569105691056911,27.896958400000006
deceleration_reversal,250,7500,-33.895151600000005,688,132,114,-0.04926620872093024,-0.2567814515151516,-0.29732589122807024,0.16666666666666666,33.895151600000005
deceleration_reversal,250,10000,-29.702178400000015,688,127,109,-0.043171770930232584,-0.23387542047244106,-0.27249704954128456,0.11009174311926606,29.702178400000015
pm_yes_imbalance,5,500,-23.669830400000002,201,160,154,-0.11776035024875622,-0.14793644,-0.1537001974025974,0.14285714285714285,23.669830400000002
pm_yes_imbalance,5,750,-24.356935999999997,201,160,154,-0.12117878606965173,-0.15223084999999997,-0.15816192207792207,0.15584415584415584,24.356935999999997
pm_yes_imbalance,5,1000,-23.117186,201,160,154,-0.11501087562189055,-0.1444824125,-0.1501115974025974,0.16233766233766234,23.117186
pm_yes_imbalance,5,1500,-24.54104999999999,201,157,151,-0.12209477611940295,-0.15631242038216556,-0.1625235099337748,0.17218543046357615,24.54104999999999
pm_yes_imbalance,5,2000,-28.06680000000001,201,152,146,-0.13963582089552246,-0.18465000000000006,-0.19223835616438364,0.11643835616438356,28.06680000000001
pm_yes_imbalance,5,3000,-26.061700000000013,201,145,139,-0.1296601990049752,-0.1797358620689656,-0.18749424460431663,0.11510791366906475,26.061700000000013
pm_yes_imbalance,5,4000,-23.254600000000018,201,141,135,-0.11569452736318417,-0.1649262411347519,-0.17225629629629644,0.14074074074074075,23.254600000000018
pm_yes_imbalance,5,5000,-24.52705000000001,201,136,130,-0.1220251243781095,-0.18034595588235303,-0.18866961538461546,0.12307692307692308,24.52705000000001
pm_yes_imbalance,5,7500,-16.116550000000004,201,125,119,-0.08018184079601992,-0.12893240000000003,-0.13543319327731096,0.226890756302521,16.125050000000005
pm_yes_imbalance,5,10000,-22.38764999999999,201,121,115,-0.11138134328358204,-0.1850219008264462,-0.19467521739130425,0.2608695652173913,22.38764999999999
pm_yes_imbalance,10,500,-21.746610000000004,201,160,150,-0.10819208955223883,-0.13591631250000002,-0.14497740000000003,0.14666666666666667,21.746610000000004
pm_yes_imbalance,10,750,-23.46993599999999,201,160,150,-0.1167658507462686,-0.14668709999999993,-0.15646623999999992,0.15333333333333332,23.46993599999999
pm_yes_imbalance,10,1000,-22.031285999999994,201,160,150,-0.10960838805970147,-0.13769553749999996,-0.14687523999999996,0.16,22.031285999999994
pm_yes_imbalance,10,1500,-23.35454999999999,201,157,147,-0.11619179104477606,-0.1487550955414012,-0.15887448979591828,0.17006802721088435,23.35454999999999
pm_yes_imbalance,10,2000,-26.39105,201,153,143,-0.13129875621890547,-0.17249052287581698,-0.18455279720279721,0.1258741258741259,26.39105
pm_yes_imbalance,10,3000,-24.887500000000003,201,146,136,-0.12381840796019902,-0.1704623287671233,-0.18299632352941178,0.11029411764705882,24.887500000000003
pm_yes_imbalance,10,4000,-22.238550000000007,201,142,132,-0.110639552238806,-0.15660950704225357,-0.16847386363636369,0.13636363636363635,22.238550000000007
pm_yes_imbalance,10,5000,-23.256950000000007,201,137,127,-0.11570621890547267,-0.16975875912408764,-0.18312559055118116,0.11811023622047244,23.256950000000007
pm_yes_imbalance,10,7500,-14.769600000000004,201,127,117,-0.07348059701492539,-0.11629606299212601,-0.12623589743589747,0.23076923076923078,14.826200000000002
pm_yes_imbalance,10,10000,-21.64404999999999,201,123,113,-0.10768184079601985,-0.1759678861788617,-0.19154026548672556,0.25663716814159293,21.64404999999999
pm_yes_imbalance,25,500,-21.543750000000003,201,160,142,-0.10718283582089554,-0.13464843750000002,-0.15171654929577466,0.09859154929577464,21.543750000000003
pm_yes_imbalance,25,750,-23.982535999999996,201,160,142,-0.11931609950248755,-0.14989084999999996,-0.16889109859154927,0.11267605633802817,23.982535999999996
pm_yes_imbalance,25,1000,-22.79023599999999,201,160,142,-0.11338425870646761,-0.14243897499999994,-0.16049461971830978,0.11971830985915492,22.79023599999999
pm_yes_imbalance,25,1500,-23.39654999999999,201,159,141,-0.11640074626865667,-0.14714811320754712,-0.16593297872340418,0.14893617021276595,23.39654999999999
pm_yes_imbalance,25,2000,-25.447249999999997,201,157,139,-0.12660323383084576,-0.16208439490445858,-0.18307374100719423,0.1223021582733813,25.447249999999997
pm_yes_imbalance,25,3000,-24.094050000000006,201,150,132,-0.1198708955223881,-0.16062700000000005,-0.18253068181818186,0.10606060606060606,24.094050000000006
pm_yes_imbalance,25,4000,-22.266700000000018,201,147,129,-0.11077960199004984,-0.15147414965986405,-0.17261007751937998,0.12403100775193798,22.266700000000018
pm_yes_imbalance,25,5000,-23.297600000000013,201,142,124,-0.11590845771144286,-0.1640676056338029,-0.18788387096774203,0.11290322580645161,23.297600000000013
pm_yes_imbalance,25,7500,-14.535200000000003,201,132,114,-0.07231442786069653,-0.11011515151515154,-0.12750175438596495,0.21929824561403508,15.634400000000003
pm_yes_imbalance,25,10000,-21.409649999999992,201,128,110,-0.106515671641791,-0.16726289062499994,-0.19463318181818173,0.2545454545454545,21.409649999999992
pm_yes_imbalance,50,500,-20.802600000000005,201,161,134,-0.10349552238805973,-0.12920869565217394,-0.15524328358208958,0.07462686567164178,20.802600000000005
pm_yes_imbalance,50,750,-23.273786,201,161,134,-0.11578998009950249,-0.14455767701863353,-0.17368497014925374,0.08208955223880597,23.273786
pm_yes_imbalance,50,1000,-22.089735999999995,201,161,134,-0.10989918407960196,-0.13720332919254655,-0.16484877611940293,0.09701492537313433,22.089735999999995
pm_yes_imbalance,50,1500,-21.826749999999993,201,160,133,-0.10859079601990046,-0.13641718749999995,-0.16411090225563904,0.14285714285714285,21.826749999999993
pm_yes_imbalance,50,2000,-23.87555,201,158,131,-0.11878383084577114,-0.1511110759493671,-0.182256106870229,0.10687022900763359,23.87555
pm_yes_imbalance,50,3000,-22.986949999999993,201,151,124,-0.11436293532338306,-0.15223145695364235,-0.18537862903225802,0.08870967741935484,22.986949999999993
pm_yes_imbalance,50,4000,-21.05225,201,148,121,-0.10473756218905474,-0.14224493243243244,-0.17398553719008264,0.10743801652892562,21.05225
pm_yes_imbalance,50,5000,-22.325100000000013,201,143,116,-0.1110701492537314,-0.15611958041958052,-0.19245775862068976,0.09482758620689655,22.325100000000013
pm_yes_imbalance,50,7500,-16.9603,201,133,106,-0.08437960199004975,-0.12752105263157895,-0.16000283018867925,0.18867924528301888,16.9603
pm_yes_imbalance,50,10000,-20.12374999999999,201,131,104,-0.10011815920398005,-0.1536164122137404,-0.19349759615384607,0.2403846153846154,20.12374999999999
pm_yes_imbalance,100,500,-18.954400000000007,201,166,123,-0.09430049751243784,-0.11418313253012052,-0.15410081300813014,0.056910569105691054,18.954400000000007
pm_yes_imbalance,100,750,-21.29488600000001,201,166,123,-0.10594470646766174,-0.12828244578313258,-0.17312915447154478,0.07317073170731707,21.29488600000001
pm_yes_imbalance,100,1000,-20.15898599999999,201,166,123,-0.10029346268656712,-0.12143967469879513,-0.16389419512195116,0.07317073170731707,20.15898599999999
pm_yes_imbalance,100,1500,-19.95604999999999,201,165,122,-0.0992838308457711,-0.12094575757575751,-0.16357418032786877,0.12295081967213115,19.95604999999999
pm_yes_imbalance,100,2000,-21.988099999999996,201,163,120,-0.10939353233830844,-0.13489631901840488,-0.18323416666666664,0.1,21.988099999999996
pm_yes_imbalance,100,3000,-20.49124999999999,201,156,113,-0.10194651741293527,-0.1313541666666666,-0.18133849557522116,0.07964601769911504,20.49124999999999
pm_yes_imbalance,100,4000,-18.163049999999995,201,153,110,-0.09036343283582086,-0.11871274509803918,-0.16511863636363633,0.1,18.163049999999995
pm_yes_imbalance,100,5000,-20.077699999999993,201,148,105,-0.09988905472636812,-0.13566013513513508,-0.1912161904761904,0.08571428571428572,20.077699999999993
pm_yes_imbalance,100,7500,-17.346149999999998,201,140,97,-0.08629925373134327,-0.12390107142857142,-0.1788262886597938,0.18556701030927836,17.346149999999998
pm_yes_imbalance,100,10000,-18.457799999999988,201,139,96,-0.0918298507462686,-0.13278992805755388,-0.19226874999999988,0.21875,18.457799999999988
pm_yes_imbalance,250,500,-18.248610000000014,201,164,117,-0.090789104477612,-0.11127201219512203,-0.15597102564102575,0.042735042735042736,18.248610000000014
pm_yes_imbalance,250,750,-20.071886000000006,201,164,117,-0.09986012935323386,-0.12238954878048784,-0.17155458119658126,0.06837606837606838,20.071886000000006
pm_yes_imbalance,250,1000,-17.052849999999996,201,164,117,-0.08484004975124376,-0.1039807926829268,-0.14575085470085467,0.06837606837606838,17.052849999999996
pm_yes_imbalance,250,1500,-18.458049999999997,201,163,116,-0.09183109452736317,-0.11323957055214721,-0.15912112068965514,0.10344827586206896,18.458049999999997
pm_yes_imbalance,250,2000,-20.090550000000004,201,161,114,-0.09995298507462688,-0.12478602484472053,-0.17623289473684214,0.09649122807017543,20.090550000000004
pm_yes_imbalance,250,3000,-18.89129999999999,201,155,108,-0.09398656716417905,-0.12187935483870961,-0.17491944444444435,0.09259259259259259,18.89129999999999
pm_yes_imbalance,250,4000,-17.303399999999996,201,152,105,-0.08608656716417909,-0.11383815789473682,-0.16479428571428567,0.09523809523809523,17.303399999999996
pm_yes_imbalance,250,5000,-19.378449999999997,201,147,100,-0.0964101990049751,-0.13182619047619046,-0.19378449999999997,0.08,19.378449999999997
pm_yes_imbalance,250,7500,-16.937049999999996,201,139,92,-0.08426393034825869,-0.12184928057553954,-0.18409836956521736,0.18478260869565216,16.937049999999996
pm_yes_imbalance,250,10000,-17.790249999999993,201,138,91,-0.08850870646766165,-0.12891485507246372,-0.1954972527472527,0.21978021978021978,17.790249999999993
pm_yes_imbalance_reversal,5,500,-33.902979999999985,201,168,164,-0.16867154228855713,-0.2018034523809523,-0.20672548780487796,0.06707317073170732,34.40262999999999
pm_yes_imbalance_reversal,5,750,-34.20292749999998,201,168,164,-0.1701638184079601,-0.20358885416666656,-0.20855443597560963,0.07926829268292683,34.89557749999998
pm_yes_imbalance_reversal,5,1000,-35.32231699999999,201,168,164,-0.17573292039800992,-0.21025188690476185,-0.215379981707317,0.07317073170731707,35.79581699999999
pm_yes_imbalance_reversal,5,1500,-29.645299999999985,201,166,162,-0.14748905472636809,-0.17858614457831315,-0.1829956790123456,0.1111111111111111,30.022499999999987
pm_yes_imbalance_reversal,5,2000,-22.532499999999995,201,160,156,-0.11210199004975122,-0.14082812499999997,-0.14443910256410253,0.1346153846153846,23.006399999999996
pm_yes_imbalance_reversal,5,3000,-22.068789999999996,201,154,150,-0.1097949751243781,-0.14330383116883114,-0.14712526666666664,0.18,22.85654
pm_yes_imbalance_reversal,5,4000,-20.37985,201,150,146,-0.10139228855721394,-0.13586566666666666,-0.13958801369863014,0.2191780821917808,21.598600000000005
pm_yes_imbalance_reversal,5,5000,-19.343774800000006,201,145,141,-0.09623768557213933,-0.1334053434482759,-0.1371898921985816,0.20567375886524822,21.517024800000012
pm_yes_imbalance_reversal,5,7500,-25.384099999999997,201,133,129,-0.12628905472636814,-0.1908578947368421,-0.19677596899224803,0.2868217054263566,29.1646
pm_yes_imbalance_reversal,5,10000,-15.911699999999998,201,128,124,-0.07916268656716417,-0.12431015624999998,-0.12832016129032256,0.2661290322580645,20.188950000000002
pm_yes_imbalance_reversal,10,500,-32.716379999999994,201,168,162,-0.1627680597014925,-0.19474035714285712,-0.20195296296296292,0.06790123456790123,33.216029999999996
pm_yes_imbalance_reversal,10,750,-33.32392749999998,201,168,162,-0.1657906840796019,-0.1983567113095237,-0.20570325617283938,0.07407407407407407,34.01657749999998
pm_yes_imbalance_reversal,10,1000,-34.443316999999986,201,168,162,-0.17135978606965166,-0.20501974404761897,-0.2126130679012345,0.06790123456790123,34.91681699999999
pm_yes_imbalance_reversal,10,1500,-28.35385,201,166,160,-0.1410639303482587,-0.17080632530120482,-0.1772115625,0.1125,28.731050000000003
pm_yes_imbalance_reversal,10,2000,-21.339399999999998,201,160,154,-0.10616616915422884,-0.13337125,-0.13856753246753245,0.13636363636363635,21.813299999999998
pm_yes_imbalance_reversal,10,3000,-21.84384,201,155,149,-0.10867582089552238,-0.140928,-0.14660295302013424,0.18120805369127516,22.631590000000003
pm_yes_imbalance_reversal,10,4000,-19.558249999999994,201,151,145,-0.09730472636815918,-0.12952483443708604,-0.13488448275862064,0.2206896551724138,20.776999999999997
pm_yes_imbalance_reversal,10,5000,-18.770874800000005,201,146,140,-0.09338743681592042,-0.12856763561643839,-0.13407767714285718,0.20714285714285716,20.94412480000001
pm_yes_imbalance_reversal,10,7500,-24.959949999999996,201,134,128,-0.12417885572139302,-0.18626828358208952,-0.19499960937499997,0.2890625,28.74045
pm_yes_imbalance_reversal,10,10000,-15.63685,201,129,123,-0.0777952736318408,-0.12121589147286822,-0.1271288617886179,0.2682926829268293,19.914100000000005
pm_yes_imbalance_reversal,25,500,-32.588059499999986,201,168,160,-0.16212964925373127,-0.19397654464285705,-0.2036753718749999,0.05625,33.08770949999999
pm_yes_imbalance_reversal,25,750,-32.64028549999998,201,168,160,-0.1623894800995024,-0.19428741369047609,-0.20400178437499988,0.075,33.332935499999984
pm_yes_imbalance_reversal,25,1000,-34.090634499999986,201,168,160,-0.16960514676616908,-0.20292044345238086,-0.21306646562499992,0.06875,34.56413449999999
pm_yes_imbalance_reversal,25,1500,-28.620867499999996,201,166,158,-0.14239237562189053,-0.1724148644578313,-0.1811447310126582,0.11392405063291139,28.998067499999998
pm_yes_imbalance_reversal,25,2000,-22.092133999999998,201,161,153,-0.10991111442786068,-0.13721822360248445,-0.14439303267973855,0.13725490196078433,22.576184
pm_yes_imbalance_reversal,25,3000,-19.848650000000003,201,156,148,-0.0987495024875622,-0.12723493589743592,-0.13411250000000002,0.1891891891891892,20.606000000000005
pm_yes_imbalance_reversal,25,4000,-19.06295,201,153,145,-0.0948405472636816,-0.12459444444444445,-0.13146862068965517,0.21379310344827587,20.28675
pm_yes_imbalance_reversal,25,5000,-18.3396748,201,148,140,-0.0912421631840796,-0.12391672162162162,-0.13099767714285715,0.20714285714285716,20.305674800000006
pm_yes_imbalance_reversal,25,7500,-24.585800000000006,201,136,128,-0.12231741293532342,-0.18077794117647064,-0.19207656250000005,0.296875,28.052450000000007
pm_yes_imbalance_reversal,25,10000,-15.208050000000002,201,131,123,-0.07566194029850747,-0.11609198473282444,-0.12364268292682928,0.2601626016260163,19.171450000000004
pm_yes_imbalance_reversal,50,500,-32.98467999999999,201,169,154,-0.16410288557213926,-0.1951756213017751,-0.2141862337662337,0.032467532467532464,32.98467999999999
pm_yes_imbalance_reversal,50,750,-33.776677499999984,201,169,154,-0.16804317164179097,-0.19986199704142002,-0.21932907467532456,0.03896103896103896,33.776677499999984
pm_yes_imbalance_reversal,50,1000,-34.953766999999985,201,169,154,-0.17389933830845763,-0.20682702366863898,-0.22697251298701288,0.03896103896103896,34.953766999999985
pm_yes_imbalance_reversal,50,1500,-29.844799999999992,201,167,152,-0.14848159203980096,-0.17871137724550892,-0.19634736842105258,0.09210526315789473,29.844799999999992
pm_yes_imbalance_reversal,50,2000,-23.448549999999997,201,162,147,-0.11665945273631839,-0.14474413580246911,-0.1595139455782313,0.11564625850340136,23.594399999999997
pm_yes_imbalance_reversal,50,3000,-19.75535,201,158,143,-0.09828532338308457,-0.12503386075949366,-0.1381493006993007,0.16783216783216784,20.1656
pm_yes_imbalance_reversal,50,4000,-19.3128,201,155,140,-0.09608358208955224,-0.12459870967741934,-0.13794857142857142,0.2,19.9904
pm_yes_imbalance_reversal,50,5000,-19.0385248,201,150,135,-0.0947190288557214,-0.12692349866666666,-0.14102610962962964,0.18518518518518517,20.405374800000004
pm_yes_imbalance_reversal,50,7500,-25.29865,201,138,123,-0.1258639303482587,-0.18332355072463766,-0.205680081300813,0.2601626016260163,27.95355
pm_yes_imbalance_reversal,50,10000,-16.069049999999994,201,133,118,-0.07994552238805967,-0.12081992481203002,-0.13617838983050842,0.23728813559322035,19.316799999999997
pm_yes_imbalance_reversal,100,500,-28.485929999999993,201,169,147,-0.14172104477611935,-0.16855579881656801,-0.19378183673469382,0.034013605442176874,28.485929999999993
pm_yes_imbalance_reversal,100,750,-29.6767275,201,169,147,-0.1476454104477612,-0.17560193786982248,-0.2018825,0.04081632653061224,29.6767275
pm_yes_imbalance_reversal,100,1000,-30.466016999999987,201,169,147,-0.15157222388059693,-0.18027228994082833,-0.20725181632653053,0.04081632653061224,30.466016999999987
pm_yes_imbalance_reversal,100,1500,-27.042899999999996,201,167,145,-0.1345417910447761,-0.1619335329341317,-0.18650275862068963,0.08275862068965517,27.042899999999996
pm_yes_imbalance_reversal,100,2000,-20.6552,201,162,140,-0.10276218905472637,-0.12750123456790124,-0.14753714285714287,0.12142857142857143,20.849
pm_yes_imbalance_reversal,100,3000,-16.356150000000014,201,158,136,-0.08137388059701499,-0.10351993670886085,-0.12026580882352951,0.18382352941176472,17.316750000000013
pm_yes_imbalance_reversal,100,4000,-16.532000000000007,201,155,133,-0.08224875621890551,-0.10665806451612908,-0.1243007518796993,0.18796992481203006,17.705700000000007
pm_yes_imbalance_reversal,100,5000,-16.4762748,201,152,130,-0.08197151641791044,-0.1083965447368421,-0.12674057538461536,0.19230769230769232,17.966974800000003
pm_yes_imbalance_reversal,100,7500,-22.829,201,140,118,-0.1135771144278607,-0.16306428571428572,-0.19346610169491527,0.2627118644067797,25.5544
pm_yes_imbalance_reversal,100,10000,-14.039200000000003,201,135,113,-0.06984676616915424,-0.1039940740740741,-0.1242407079646018,0.23893805309734514,17.357450000000004
pm_yes_imbalance_reversal,250,500,-23.975783200000002,201,167,143,-0.11928250348258708,-0.1435675640718563,-0.1676628195804196,0.0,23.975783200000002
pm_yes_imbalance_reversal,250,750,-25.6750947,201,167,143,-0.1277367895522388,-0.15374308203592812,-0.17954611678321677,0.006993006993006993,25.6750947
pm_yes_imbalance_reversal,250,1000,-27.108281400000006,201,167,143,-0.13486707164179107,-0.16232503832335332,-0.18956840139860145,0.006993006993006993,27.108281400000006
pm_yes_imbalance_reversal,250,1500,-24.024280800000003,201,165,141,-0.11952378507462688,-0.14560170181818183,-0.17038497021276597,0.05673758865248227,24.024280800000003
pm_yes_imbalance_reversal,250,2000,-18.930940000000007,201,160,136,-0.0941837810945274,-0.11831837500000005,-0.13919808823529417,0.11029411764705882,18.930940000000007
pm_yes_imbalance_reversal,250,3000,-14.38389560000001,201,156,132,-0.07156166965174134,-0.09220445897435904,-0.10896890606060614,0.1590909090909091,15.133950000000004
pm_yes_imbalance_reversal,250,4000,-15.313595600000006,201,153,129,-0.07618704278606968,-0.10008886013071899,-0.11871004341085277,0.18604651162790697,16.2234
pm_yes_imbalance_reversal,250,5000,-15.732858400000005,201,149,125,-0.0782729273631841,-0.1055896536912752,-0.12586286720000003,0.168,16.812574800000004
pm_yes_imbalance_reversal,250,7500,-21.6451016,201,138,114,-0.10768707263681593,-0.1568485623188406,-0.18986931228070175,0.22807017543859648,23.86115
pm_yes_imbalance_reversal,250,10000,-13.6550284,201,133,109,-0.06793546467661692,-0.10266938646616541,-0.12527548990825688,0.2018348623853211,16.41465
tight_selected_spread,5,500,-1.8896999999999957,150,42,41,-0.012597999999999972,-0.04499285714285704,-0.04609024390243892,0.07317073170731707,1.8896999999999957
tight_selected_spread,5,750,-1.2518499999999952,150,42,41,-0.008345666666666635,-0.029805952380952266,-0.030532926829268177,0.17073170731707318,1.2518499999999952
tight_selected_spread,5,1000,-1.0574499999999942,150,42,41,-0.007049666666666629,-0.025177380952380816,-0.025791463414634005,0.17073170731707318,1.097199999999997
tight_selected_spread,5,1500,-1.2106999999999954,150,42,41,-0.008071333333333304,-0.028826190476190366,-0.029529268292682816,0.12195121951219512,1.2106999999999954
tight_selected_spread,5,2000,-1.888849999999996,150,42,41,-0.012592333333333306,-0.04497261904761895,-0.04606951219512185,0.04878048780487805,1.888849999999996
tight_selected_spread,5,3000,-1.7536999999999936,150,42,41,-0.011691333333333291,-0.04175476190476175,-0.04277317073170716,0.04878048780487805,1.7536999999999936
tight_selected_spread,5,4000,-0.8426499999999939,150,42,41,-0.005617666666666626,-0.020063095238095092,-0.020552439024390096,0.14634146341463414,1.1355499999999958
tight_selected_spread,5,5000,-0.7707999999999924,150,40,39,-0.005138666666666616,-0.019269999999999808,-0.019764102564102368,0.10256410256410256,1.2933999999999952
tight_selected_spread,5,7500,1.121200000000006,150,37,36,0.007474666666666707,0.030302702702702865,0.03114444444444461,0.2222222222222222,1.4446999999999972
tight_selected_spread,5,10000,-0.5353999999999914,150,36,35,-0.0035693333333332764,-0.014872222222221985,-0.015297142857142612,0.2857142857142857,1.5616499999999949
tight_selected_spread,10,500,-1.8896999999999957,150,42,41,-0.012597999999999972,-0.04499285714285704,-0.04609024390243892,0.07317073170731707,1.8896999999999957
tight_selected_spread,10,750,-1.2518499999999952,150,42,41,-0.008345666666666635,-0.029805952380952266,-0.030532926829268177,0.17073170731707318,1.2518499999999952
tight_selected_spread,10,1000,-1.0574499999999942,150,42,41,-0.007049666666666629,-0.025177380952380816,-0.025791463414634005,0.17073170731707318,1.097199999999997
tight_selected_spread,10,1500,-1.2106999999999954,150,42,41,-0.008071333333333304,-0.028826190476190366,-0.029529268292682816,0.12195121951219512,1.2106999999999954
tight_selected_spread,10,2000,-1.888849999999996,150,42,41,-0.012592333333333306,-0.04497261904761895,-0.04606951219512185,0.04878048780487805,1.888849999999996
tight_selected_spread,10,3000,-1.7536999999999936,150,42,41,-0.011691333333333291,-0.04175476190476175,-0.04277317073170716,0.04878048780487805,1.7536999999999936
tight_selected_spread,10,4000,-0.8426499999999939,150,42,41,-0.005617666666666626,-0.020063095238095092,-0.020552439024390096,0.14634146341463414,1.1355499999999958
tight_selected_spread,10,5000,-0.7707999999999924,150,40,39,-0.005138666666666616,-0.019269999999999808,-0.019764102564102368,0.10256410256410256,1.2933999999999952
tight_selected_spread,10,7500,1.121200000000006,150,37,36,0.007474666666666707,0.030302702702702865,0.03114444444444461,0.2222222222222222,1.4446999999999972
tight_selected_spread,10,10000,-0.5353999999999914,150,36,35,-0.0035693333333332764,-0.014872222222221985,-0.015297142857142612,0.2857142857142857,1.5616499999999949
tight_selected_spread,25,500,-1.8896999999999957,150,42,41,-0.012597999999999972,-0.04499285714285704,-0.04609024390243892,0.07317073170731707,1.8896999999999957
tight_selected_spread,25,750,-1.2518499999999952,150,42,41,-0.008345666666666635,-0.029805952380952266,-0.030532926829268177,0.17073170731707318,1.2518499999999952
tight_selected_spread,25,1000,-1.0574499999999942,150,42,41,-0.007049666666666629,-0.025177380952380816,-0.025791463414634005,0.17073170731707318,1.097199999999997
tight_selected_spread,25,1500,-1.2106999999999954,150,42,41,-0.008071333333333304,-0.028826190476190366,-0.029529268292682816,0.12195121951219512,1.2106999999999954
tight_selected_spread,25,2000,-1.888849999999996,150,42,41,-0.012592333333333306,-0.04497261904761895,-0.04606951219512185,0.04878048780487805,1.888849999999996
tight_selected_spread,25,3000,-1.7536999999999936,150,42,41,-0.011691333333333291,-0.04175476190476175,-0.04277317073170716,0.04878048780487805,1.7536999999999936
tight_selected_spread,25,4000,-0.8426499999999939,150,42,41,-0.005617666666666626,-0.020063095238095092,-0.020552439024390096,0.14634146341463414,1.1355499999999958
tight_selected_spread,25,5000,-0.7707999999999924,150,40,39,-0.005138666666666616,-0.019269999999999808,-0.019764102564102368,0.10256410256410256,1.2933999999999952
tight_selected_spread,25,7500,1.121200000000006,150,37,36,0.007474666666666707,0.030302702702702865,0.03114444444444461,0.2222222222222222,1.4446999999999972
tight_selected_spread,25,10000,-0.5353999999999914,150,36,35,-0.0035693333333332764,-0.014872222222221985,-0.015297142857142612,0.2857142857142857,1.5616499999999949
tight_selected_spread,50,500,-1.9168999999999972,150,42,39,-0.012779333333333314,-0.04564047619047612,-0.049151282051281976,0.02564102564102564,1.9168999999999972
tight_selected_spread,50,750,-1.2790499999999967,150,42,39,-0.008526999999999977,-0.03045357142857135,-0.03279615384615376,0.1282051282051282,1.2790499999999967
tight_selected_spread,50,1000,-1.0846499999999957,150,42,39,-0.007230999999999971,-0.025824999999999897,-0.02781153846153835,0.1282051282051282,1.097199999999997
tight_selected_spread,50,1500,-1.1316999999999955,150,42,39,-0.007544666666666636,-0.026945238095237987,-0.0290179487179486,0.1282051282051282,1.1316999999999955
tight_selected_spread,50,2000,-1.5978499999999982,150,42,39,-0.010652333333333321,-0.038044047619047575,-0.040970512820512776,0.05128205128205128,1.5978499999999982
tight_selected_spread,50,3000,-1.5685999999999956,150,42,39,-0.010457333333333303,-0.03734761904761894,-0.040220512820512706,0.05128205128205128,1.5685999999999956
tight_selected_spread,50,4000,-0.6575499999999961,150,42,39,-0.004383666666666641,-0.015655952380952288,-0.01686025641025631,0.15384615384615385,0.9504499999999979
tight_selected_spread,50,5000,-0.47979999999999473,150,40,37,-0.0031986666666666314,-0.011994999999999869,-0.012967567567567425,0.10810810810810811,1.0023999999999975
tight_selected_spread,50,7500,1.518000000000005,150,37,34,0.010120000000000033,0.04102702702702716,0.04464705882352955,0.23529411764705882,1.0478999999999983
tight_selected_spread,50,10000,-0.244399999999994,150,36,33,-0.0016293333333332934,-0.006788888888888723,-0.007406060606060425,0.30303030303030304,1.2706499999999974
tight_selected_spread,100,500,-1.814199999999999,150,42,32,-0.01209466666666666,-0.04319523809523807,-0.056693749999999966,0.0,1.814199999999999
tight_selected_spread,100,750,-1.6549499999999984,150,42,32,-0.011032999999999989,-0.03940357142857139,-0.05171718749999995,0.0625,1.6549499999999984
tight_selected_spread,100,1000,-1.6147999999999971,150,42,32,-0.010765333333333314,-0.03844761904761898,-0.05046249999999991,0.0625,1.6147999999999971
tight_selected_spread,100,1500,-1.7079999999999973,150,42,32,-0.011386666666666649,-0.0406666666666666,-0.053374999999999916,0.0625,1.7079999999999973
tight_selected_spread,100,2000,-1.6548499999999995,150,42,32,-0.01103233333333333,-0.039401190476190465,-0.051714062499999984,0.03125,1.6548499999999995
tight_selected_spread,100,3000,-1.813599999999997,150,42,32,-0.012090666666666647,-0.043180952380952306,-0.056674999999999906,0.03125,1.813599999999997
tight_selected_spread,100,4000,-1.3277499999999967,150,42,32,-0.008851666666666645,-0.031613095238095155,-0.041492187499999895,0.09375,1.3805499999999977
tight_selected_spread,100,5000,-1.5930499999999965,150,40,30,-0.01062033333333331,-0.03982624999999991,-0.053101666666666554,0.03333333333333333,1.7664499999999976
tight_selected_spread,100,7500,-0.891299999999998,150,39,29,-0.005941999999999986,-0.022853846153846103,-0.03073448275862062,0.1724137931034483,1.376449999999999
tight_selected_spread,100,10000,-0.5986999999999965,150,39,29,-0.003991333333333309,-0.01535128205128196,-0.020644827586206775,0.20689655172413793,1.2706499999999976
tight_selected_spread,250,500,-1.68285,150,42,30,-0.011219,-0.04006785714285714,-0.056095,0.0,1.68285
tight_selected_spread,250,750,-1.5766499999999983,150,42,30,-0.010510999999999989,-0.03753928571428568,-0.05255499999999994,0.06666666666666667,1.5766499999999983
tight_selected_spread,250,1000,-1.4834499999999984,150,42,30,-0.009889666666666656,-0.03532023809523806,-0.04944833333333328,0.06666666666666667,1.4834499999999984
tight_selected_spread,250,1500,-1.5766499999999983,150,42,30,-0.010510999999999989,-0.03753928571428568,-0.05255499999999994,0.06666666666666667,1.5766499999999983
tight_selected_spread,250,2000,-1.68285,150,42,30,-0.011219,-0.04006785714285714,-0.056095,0.0,1.68285
tight_selected_spread,250,3000,-1.8948499999999975,150,42,30,-0.012632333333333317,-0.04511547619047613,-0.06316166666666659,0.0,1.8948499999999975
tight_selected_spread,250,4000,-1.462349999999998,150,42,30,-0.009748999999999987,-0.034817857142857095,-0.048744999999999934,0.06666666666666667,1.462349999999998
tight_selected_spread,250,5000,-1.7276499999999975,150,40,28,-0.01151766666666665,-0.04319124999999994,-0.061701785714285626,0.0,1.7276499999999975
tight_selected_spread,250,7500,-1.025899999999999,150,39,27,-0.006839333333333326,-0.02630512820512818,-0.03799629629629626,0.14814814814814814,1.337649999999999
tight_selected_spread,250,10000,-0.7332999999999976,150,39,27,-0.0048886666666666505,-0.01880256410256404,-0.02715925925925917,0.18518518518518517,1.2318499999999977
wide_selected_spread,5,500,-17.542870400000005,614,134,125,-0.028571450162866458,-0.13091694328358214,-0.14034296320000003,0.224,17.569020400000007
wide_selected_spread,5,750,-17.093736,614,134,125,-0.027839960912052118,-0.12756519402985075,-0.13674988799999999,0.224,17.119886
wide_selected_spread,5,1000,-15.671386000000002,614,134,125,-0.025523429967426712,-0.1169506417910448,-0.12537108800000002,0.224,15.671386000000002
wide_selected_spread,5,1500,-12.260600000000004,614,132,123,-0.019968403908794796,-0.09288333333333336,-0.099679674796748,0.2764227642276423,12.260600000000004
wide_selected_spread,5,2000,-10.608350000000002,614,127,118,-0.017277442996742675,-0.08353031496062993,-0.08990127118644069,0.2711864406779661,10.608750000000002
wide_selected_spread,5,3000,-19.85334,614,121,112,-0.032334429967426706,-0.16407719008264463,-0.17726196428571428,0.32142857142857145,20.32959
wide_selected_spread,5,4000,-16.169950000000004,614,117,108,-0.026335423452768736,-0.13820470085470088,-0.1497217592592593,0.3425925925925926,16.540300000000006
wide_selected_spread,5,5000,-14.202800000000003,614,114,105,-0.023131596091205218,-0.12458596491228073,-0.13526476190476194,0.3523809523809524,14.679050000000005
wide_selected_spread,5,7500,-5.396950000000006,614,106,97,-0.008789820846905546,-0.05091462264150949,-0.05563865979381449,0.44329896907216493,9.846149999999998
wide_selected_spread,5,10000,-7.665950000000008,614,103,94,-0.01248526058631923,-0.07442669902912628,-0.08155265957446817,0.4574468085106383,10.95695
wide_selected_spread,10,500,-15.20865000000001,614,134,119,-0.024769788273615652,-0.11349738805970157,-0.12780378151260513,0.226890756302521,15.23480000000001
wide_selected_spread,10,750,-15.997586000000007,614,134,119,-0.02605470032573291,-0.11938497014925378,-0.1344334957983194,0.2184873949579832,16.023736000000007
wide_selected_spread,10,1000,-14.376336000000006,614,134,119,-0.023414228013029326,-0.10728608955223885,-0.12080954621848744,0.2184873949579832,14.376336000000006
wide_selected_spread,10,1500,-10.509900000000009,614,132,117,-0.01711710097719871,-0.07962045454545462,-0.0898282051282052,0.26495726495726496,10.509900000000009
wide_selected_spread,10,2000,-8.45455000000001,614,128,113,-0.01376962540716614,-0.06605117187500008,-0.07481902654867266,0.2831858407079646,8.63065
wide_selected_spread,10,3000,-19.16814,614,123,108,-0.031218469055374596,-0.15583853658536587,-0.1774827777777778,0.32407407407407407,19.64439
wide_selected_spread,10,4000,-15.092850000000006,614,119,104,-0.024581188925081442,-0.12683067226890762,-0.14512355769230775,0.34615384615384615,15.463200000000008
wide_selected_spread,10,5000,-13.279250000000001,614,116,101,-0.02162744299674267,-0.11447629310344828,-0.13147772277227723,0.3465346534653465,13.755500000000003
wide_selected_spread,10,7500,-4.655250000000005,614,109,94,-0.007581840390879487,-0.04270871559633032,-0.04952393617021282,0.44680851063829785,9.846149999999998
wide_selected_spread,10,10000,-7.676900000000007,614,106,91,-0.012503094462540727,-0.07242358490566045,-0.08436153846153854,0.45054945054945056,10.95695
wide_selected_spread,25,500,-18.01585,614,134,110,-0.029341775244299675,-0.1344466417910448,-0.16378045454545456,0.15454545454545454,18.042
wide_selected_spread,25,750,-18.374736,614,134,110,-0.029926280130293158,-0.13712489552238805,-0.16704305454545454,0.17272727272727273,18.400886
wide_selected_spread,25,1000,-17.255236000000004,614,134,110,-0.028102990228013037,-0.1287704179104478,-0.15686578181818184,0.17272727272727273,17.255236000000004
wide_selected_spread,25,1500,-13.291550000000008,614,134,110,-0.021647475570032586,-0.0991906716417911,-0.1208322727272728,0.24545454545454545,13.291550000000008
wide_selected_spread,25,2000,-10.606900000000007,614,133,109,-0.017275081433224766,-0.07975112781954892,-0.09731100917431199,0.28440366972477066,10.617450000000007
wide_selected_spread,25,3000,-18.020500000000002,614,128,104,-0.029349348534201958,-0.14078515625000002,-0.1732740384615385,0.33653846153846156,18.496750000000002
wide_selected_spread,25,4000,-16.16840000000001,614,126,102,-0.026332899022801316,-0.128320634920635,-0.15851372549019616,0.3235294117647059,16.53875000000001
wide_selected_spread,25,5000,-14.383400000000002,614,123,99,-0.023425732899022805,-0.11693821138211384,-0.14528686868686871,0.3434343434343434,14.859650000000004
wide_selected_spread,25,7500,-5.921350000000004,614,116,92,-0.009643892508143329,-0.05104612068965521,-0.06436250000000004,0.44565217391304346,9.719749999999998
wide_selected_spread,25,10000,-8.793700000000005,614,113,89,-0.014321986970684047,-0.07782035398230093,-0.09880561797752814,0.43820224719101125,10.830549999999999
wide_selected_spread,50,500,-18.4966,614,136,101,-0.030124755700325734,-0.1360044117647059,-0.18313465346534655,0.12871287128712872,18.4966
wide_selected_spread,50,750,-19.240885999999996,614,136,101,-0.03133694788273615,-0.14147710294117644,-0.19050382178217817,0.1188118811881188,19.240885999999996
wide_selected_spread,50,1000,-18.076936000000003,614,136,101,-0.029441263843648213,-0.13291864705882356,-0.17897956435643567,0.12871287128712872,18.076936000000003
wide_selected_spread,50,1500,-13.807250000000007,614,136,101,-0.022487377850162877,-0.10152389705882359,-0.13670544554455452,0.21782178217821782,13.807250000000007
wide_selected_spread,50,2000,-10.936150000000008,614,135,100,-0.017811319218241056,-0.08100851851851858,-0.10936150000000008,0.25,10.936150000000008
wide_selected_spread,50,3000,-17.553250000000002,614,131,96,-0.02858835504885994,-0.13399427480916032,-0.1828463541666667,0.3020833333333333,17.744650000000004
wide_selected_spread,50,4000,-15.790600000000005,614,129,94,-0.02571758957654724,-0.12240775193798453,-0.16798510638297878,0.30851063829787234,15.929050000000005
wide_selected_spread,50,5000,-14.802449999999997,614,126,91,-0.02410822475570032,-0.11747976190476188,-0.16266428571428568,0.31868131868131866,14.993849999999998
wide_selected_spread,50,7500,-9.904400000000003,614,119,84,-0.01613094462540717,-0.08323025210084035,-0.11790952380952384,0.38095238095238093,11.017000000000001
wide_selected_spread,50,10000,-9.108800000000002,614,118,83,-0.014835179153094466,-0.07719322033898307,-0.10974457831325304,0.40963855421686746,11.235349999999997
wide_selected_spread,100,500,-14.163900000000002,614,141,90,-0.02306824104234528,-0.10045319148936172,-0.1573766666666667,0.12222222222222222,14.163900000000002
wide_selected_spread,100,750,-15.036686,614,141,90,-0.024489716612377848,-0.10664316312056737,-0.1670742888888889,0.12222222222222222,15.036686
wide_selected_spread,100,1000,-14.120586,614,141,90,-0.02299769706840391,-0.100146,-0.1568954,0.13333333333333333,14.120586
wide_selected_spread,100,1500,-11.012550000000008,614,141,90,-0.017935749185667767,-0.07810319148936176,-0.12236166666666676,0.2111111111111111,11.012550000000008
wide_selected_spread,100,2000,-8.403100000000006,614,140,89,-0.013685830618892517,-0.0600221428571429,-0.09441685393258434,0.2696629213483146,8.403100000000006
wide_selected_spread,100,3000,-13.114000000000004,614,136,85,-0.021358306188925088,-0.09642647058823532,-0.1542823529411765,0.3411764705882353,13.305400000000006
wide_selected_spread,100,4000,-10.499650000000004,614,134,83,-0.017100407166123786,-0.07835559701492541,-0.1265018072289157,0.3132530120481928,10.638100000000005
wide_selected_spread,100,5000,-10.32035,614,133,82,-0.016808387622149836,-0.07759661654135339,-0.12585792682926827,0.34146341463414637,10.511750000000001
wide_selected_spread,100,7500,-6.8157,614,126,75,-0.011100488599348533,-0.05409285714285714,-0.090876,0.4266666666666667,8.101299999999997
wide_selected_spread,100,10000,-5.924100000000004,614,125,74,-0.009648371335504892,-0.04739280000000003,-0.08005540540540546,0.4189189189189189,9.171049999999997
wide_selected_spread,250,500,-14.5719,614,137,82,-0.02373273615635179,-0.10636423357664233,-0.1777060975609756,0.036585365853658534,14.5719
wide_selected_spread,250,750,-16.123386,614,137,82,-0.02625958631921824,-0.11768894890510949,-0.19662665853658537,0.036585365853658534,16.123386
wide_selected_spread,250,1000,-13.430900000000001,614,137,82,-0.021874429967426712,-0.09803576642335768,-0.16379146341463416,0.06097560975609756,13.430900000000001
wide_selected_spread,250,1500,-11.752150000000007,614,137,82,-0.019140309446254083,-0.08578211678832122,-0.14331890243902448,0.14634146341463414,11.752150000000007
wide_selected_spread,250,2000,-8.997550000000007,614,136,81,-0.014653990228013041,-0.066158455882353,-0.11108086419753095,0.20987654320987653,8.997550000000007
wide_selected_spread,250,3000,-14.117350000000005,614,133,78,-0.022992426710097727,-0.10614548872180456,-0.18099166666666675,0.2692307692307692,14.308750000000007
wide_selected_spread,250,4000,-12.302650000000007,614,131,76,-0.020036889250814344,-0.09391335877862601,-0.1618769736842106,0.2631578947368421,12.441100000000008
wide_selected_spread,250,5000,-12.1527,614,129,74,-0.019792671009771987,-0.09420697674418604,-0.16422567567567567,0.2702702702702703,12.344100000000001
wide_selected_spread,250,7500,-8.305550000000004,614,123,68,-0.013526954397394143,-0.0675247967479675,-0.12214044117647065,0.35294117647058826,9.418150000000002
wide_selected_spread,250,10000,-7.654400000000008,614,122,67,-0.012466449511400664,-0.06274098360655744,-0.1142447761194031,0.373134328358209,8.873700000000008
deep_selected_book,5,500,-9.876970399999998,342,94,90,-0.02888003040935672,-0.10507415319148934,-0.10974411555555554,0.12222222222222222,9.903120399999999
deep_selected_book,5,750,-8.361299999999995,342,94,90,-0.024448245614035073,-0.08894999999999995,-0.09290333333333327,0.14444444444444443,8.387449999999996
deep_selected_book,5,1000,-7.641799999999996,342,94,90,-0.022344444444444434,-0.08129574468085103,-0.08490888888888885,0.14444444444444443,7.641799999999996
deep_selected_book,5,1500,-7.838050000000006,342,94,90,-0.02291827485380119,-0.08338351063829794,-0.08708944444444451,0.15555555555555556,7.838050000000006
deep_selected_book,5,2000,-6.358800000000002,342,89,85,-0.01859298245614036,-0.07144719101123598,-0.0748094117647059,0.15294117647058825,6.359200000000002
deep_selected_book,5,3000,-6.418400000000002,342,85,81,-0.01876725146198831,-0.07551058823529413,-0.07923950617283954,0.19753086419753085,6.894650000000003
deep_selected_book,5,4000,-4.408600000000002,342,83,79,-0.012890643274853807,-0.05311566265060243,-0.05580506329113926,0.26582278481012656,5.1109500000000025
deep_selected_book,5,5000,-2.7443499999999985,342,80,76,-0.008024415204678358,-0.034304374999999984,-0.03610986842105261,0.25,4.105600000000001
deep_selected_book,5,7500,0.1514499999999961,342,74,70,0.0004428362573099301,0.0020466216216215687,0.002163571428571373,0.3142857142857143,3.6397500000000056
deep_selected_book,5,10000,1.1901999999999942,342,72,68,0.0034801169590643103,0.016530555555555475,0.017502941176470502,0.35294117647058826,3.0226500000000076
deep_selected_book,10,500,-9.018099999999997,342,94,88,-0.02636871345029239,-0.09593723404255315,-0.10247840909090905,0.125,9.044249999999998
deep_selected_book,10,750,-8.995649999999994,342,94,88,-0.026303070175438578,-0.09569840425531909,-0.1022232954545454,0.125,9.021799999999995
deep_selected_book,10,1000,-8.276149999999996,342,94,88,-0.024199269005847943,-0.08804414893617017,-0.09404715909090905,0.125,8.276149999999996
deep_selected_book,10,1500,-7.862050000000007,342,94,88,-0.022988450292397683,-0.08363882978723412,-0.08934147727272736,0.14772727272727273,7.862050000000007
deep_selected_book,10,2000,-6.087300000000001,342,90,84,-0.017799122807017547,-0.06763666666666668,-0.07246785714285715,0.15476190476190477,6.087700000000001
deep_selected_book,10,3000,-6.418400000000002,342,87,81,-0.01876725146198831,-0.07377471264367819,-0.07923950617283954,0.19753086419753085,6.894650000000003
deep_selected_book,10,4000,-4.408600000000002,342,85,79,-0.012890643274853807,-0.05186588235294119,-0.05580506329113926,0.26582278481012656,5.1109500000000025
deep_selected_book,10,5000,-2.7443499999999985,342,82,76,-0.008024415204678358,-0.03346768292682925,-0.03610986842105261,0.25,4.105600000000001
deep_selected_book,10,7500,0.1514499999999961,342,76,70,0.0004428362573099301,0.0019927631578946854,0.002163571428571373,0.3142857142857143,3.6397500000000056
deep_selected_book,10,10000,1.1901999999999942,342,74,68,0.0034801169590643103,0.016083783783783705,0.017502941176470502,0.35294117647058826,3.0226500000000076
deep_selected_book,25,500,-8.957849999999999,342,94,83,-0.026192543859649118,-0.09529627659574466,-0.10792590361445782,0.08433734939759036,8.984
deep_selected_book,25,750,-8.423349999999997,342,94,83,-0.02462967836257309,-0.0896101063829787,-0.10148614457831322,0.10843373493975904,8.449499999999999
deep_selected_book,25,1000,-7.804349999999997,342,94,83,-0.022819736842105254,-0.08302499999999996,-0.09402831325301202,0.10843373493975904,7.804349999999997
deep_selected_book,25,1500,-7.149200000000004,342,94,83,-0.020904093567251474,-0.0760553191489362,-0.08613493975903619,0.14457831325301204,7.149200000000004
deep_selected_book,25,2000,-5.347650000000002,342,93,82,-0.015636403508771934,-0.05750161290322582,-0.06521524390243905,0.17073170731707318,5.358200000000002
deep_selected_book,25,3000,-5.879900000000001,342,90,79,-0.017192690058479534,-0.06533222222222224,-0.07442911392405065,0.21518987341772153,6.356150000000002
deep_selected_book,25,4000,-4.015750000000002,342,88,77,-0.011741959064327493,-0.04563352272727275,-0.052152597402597436,0.24675324675324675,4.675350000000003
deep_selected_book,25,5000,-2.4147499999999984,342,85,74,-0.0070606725146198784,-0.028408823529411747,-0.03263175675675674,0.25675675675675674,3.5209500000000005
deep_selected_book,25,7500,0.17554999999999632,342,79,68,0.0005133040935672407,0.0022221518987341304,0.0025816176470587694,0.3235294117647059,3.7166000000000055
deep_selected_book,25,10000,0.610949999999995,342,77,66,0.0017864035087719152,0.00793441558441552,0.009256818181818106,0.3333333333333333,3.5523000000000082
deep_selected_book,50,500,-9.534149999999995,342,95,79,-0.027877631578947355,-0.10035947368421047,-0.12068544303797463,0.05063291139240506,9.534149999999995
deep_selected_book,50,750,-9.304299999999994,342,95,79,-0.02720555555555554,-0.09793999999999994,-0.11777594936708853,0.05063291139240506,9.304299999999994
deep_selected_book,50,1000,-8.632599999999995,342,95,79,-0.025241520467836242,-0.09086947368421047,-0.10927341772151893,0.06329113924050633,8.632599999999995
deep_selected_book,50,1500,-8.439200000000001,342,95,79,-0.02467602339181287,-0.08883368421052633,-0.10682531645569622,0.11392405063291139,8.439200000000001
deep_selected_book,50,2000,-6.291950000000002,342,94,78,-0.018397514619883044,-0.06693563829787236,-0.08066602564102567,0.1282051282051282,6.291950000000002
deep_selected_book,50,3000,-5.702500000000002,342,92,76,-0.016673976608187143,-0.06198369565217394,-0.07503289473684213,0.18421052631578946,5.893900000000003
deep_selected_book,50,4000,-3.9818000000000016,342,90,74,-0.011642690058479536,-0.04424222222222224,-0.05380810810810813,0.24324324324324326,4.5980000000000025
deep_selected_book,50,5000,-3.0719499999999975,342,87,71,-0.008982309941520461,-0.0353097701149425,-0.04326690140845067,0.23943661971830985,4.081799999999999
deep_selected_book,50,7500,-2.035900000000001,342,81,65,-0.005952923976608191,-0.025134567901234584,-0.03132153846153848,0.27692307692307694,4.274600000000003
deep_selected_book,50,10000,0.16019999999999612,342,80,64,0.0004684210526315676,0.0020024999999999514,0.0025031249999999394,0.328125,3.2780000000000076
deep_selected_book,100,500,-8.825550000000002,342,97,76,-0.02580570175438597,-0.09098505154639176,-0.11612565789473686,0.05263157894736842,8.825550000000002
deep_selected_book,100,750,-8.695699999999997,342,97,76,-0.025426023391812855,-0.08964639175257728,-0.11441710526315785,0.05263157894736842,8.695699999999997
deep_selected_book,100,1000,-8.129899999999997,342,97,76,-0.02377163742690058,-0.08381340206185564,-0.1069723684210526,0.06578947368421052,8.129899999999997
deep_selected_book,100,1500,-7.936500000000005,342,97,76,-0.023206140350877206,-0.08181958762886603,-0.10442763157894744,0.11842105263157894,7.936500000000005
deep_selected_book,100,2000,-5.390900000000005,342,96,75,-0.015762865497076037,-0.05615520833333338,-0.07187866666666673,0.16,5.390900000000005
deep_selected_book,100,3000,-4.407600000000005,342,94,73,-0.012887719298245628,-0.046889361702127715,-0.06037808219178089,0.2191780821917808,4.730450000000003
deep_selected_book,100,4000,-3.3085000000000058,342,92,71,-0.00967397660818715,-0.03596195652173919,-0.046598591549295854,0.22535211267605634,3.684600000000006
deep_selected_book,100,5000,-2.9014,342,89,68,-0.008483625730994152,-0.032600000000000004,-0.04266764705882353,0.23529411764705882,3.5644500000000003
deep_selected_book,100,7500,-1.6667500000000042,342,83,62,-0.004873538011695919,-0.02008132530120487,-0.0268830645161291,0.2903225806451613,3.558650000000004
deep_selected_book,100,10000,0.38049999999999207,342,82,61,0.0011125730994151815,0.004640243902438928,0.006237704918032657,0.3114754098360656,3.0037000000000083
deep_selected_book,250,500,-8.4811,342,93,69,-0.024798538011695907,-0.09119462365591398,-0.12291449275362318,0.0,8.4811
deep_selected_book,250,750,-8.662049999999999,342,93,69,-0.025327631578947365,-0.09314032258064515,-0.1255369565217391,0.0,8.662049999999999
deep_selected_book,250,1000,-8.202150000000001,342,93,69,-0.02398289473684211,-0.0881951612903226,-0.1188717391304348,0.014492753623188406,8.202150000000001
deep_selected_book,250,1500,-8.000200000000005,342,93,69,-0.02339239766081873,-0.08602365591397855,-0.11594492753623195,0.07246376811594203,8.000200000000005
deep_selected_book,250,2000,-5.557450000000006,342,92,68,-0.016249853801169608,-0.06040706521739137,-0.08172720588235304,0.08823529411764706,5.557450000000006
deep_selected_book,250,3000,-4.366400000000005,342,90,66,-0.012767251461988318,-0.04851555555555561,-0.06615757575757583,0.15151515151515152,4.7576500000000035
deep_selected_book,250,4000,-3.816800000000004,342,88,64,-0.011160233918128667,-0.04337272727272732,-0.059637500000000065,0.1875,4.261300000000004
deep_selected_book,250,5000,-3.2078000000000007,342,85,61,-0.009379532163742692,-0.03773882352941177,-0.05258688524590165,0.18032786885245902,3.939250000000001
deep_selected_book,250,7500,-1.3964000000000052,342,80,56,-0.0040830409356725295,-0.017455000000000064,-0.024935714285714377,0.23214285714285715,3.3033500000000044
deep_selected_book,250,10000,0.5453499999999916,342,79,55,0.0015945906432748291,0.006903164556961918,0.009915454545454392,0.2909090909090909,2.6892000000000067
shallow_selected_book,5,500,-9.555600000000002,422,82,76,-0.0226436018957346,-0.1165317073170732,-0.12573157894736844,0.2631578947368421,9.555600000000002
shallow_selected_book,5,750,-9.984286000000003,422,82,76,-0.023659445497630337,-0.12175958536585368,-0.13137218421052635,0.2894736842105263,9.984286000000003
shallow_selected_book,5,1000,-9.087036,422,82,76,-0.02153326066350711,-0.11081751219512194,-0.11956626315789473,0.2894736842105263,9.087036
shallow_selected_book,5,1500,-5.633249999999996,422,80,74,-0.01334893364928909,-0.07041562499999995,-0.07612499999999994,0.33783783783783783,6.217749999999999
shallow_selected_book,5,2000,-6.138399999999999,422,80,74,-0.01454597156398104,-0.07672999999999999,-0.08295135135135134,0.28378378378378377,6.138399999999999
shallow_selected_book,5,3000,-15.188639999999996,422,78,72,-0.03599203791469193,-0.1947261538461538,-0.21095333333333327,0.3055555555555556,15.188639999999996
shallow_selected_book,5,4000,-12.603999999999996,422,76,70,-0.02986729857819904,-0.16584210526315785,-0.1800571428571428,0.3142857142857143,12.603999999999996
shallow_selected_book,5,5000,-12.229249999999993,422,74,68,-0.028979265402843585,-0.16526013513513504,-0.1798419117647058,0.3235294117647059,12.229249999999993
shallow_selected_book,5,7500,-4.427199999999996,422,69,63,-0.010490995260663497,-0.06416231884057964,-0.0702730158730158,0.4603174603174603,8.756099999999996
shallow_selected_book,5,10000,-9.391549999999992,422,67,61,-0.022254857819905192,-0.14017238805970136,-0.15395983606557365,0.47540983606557374,9.391549999999992
shallow_selected_book,10,500,-8.080250000000003,422,82,72,-0.01914751184834124,-0.0985396341463415,-0.11222569444444448,0.2638888888888889,8.080250000000003
shallow_selected_book,10,750,-8.253786000000002,422,82,72,-0.019558734597156402,-0.10065592682926831,-0.11463591666666668,0.3055555555555556,8.253786000000002
shallow_selected_book,10,1000,-7.157636,422,82,72,-0.016961222748815168,-0.08728824390243903,-0.09941161111111112,0.3055555555555556,7.157636
shallow_selected_book,10,1500,-3.858549999999999,422,80,70,-0.009143483412322273,-0.04823187499999999,-0.05512214285714284,0.32857142857142857,6.2177500000000006
shallow_selected_book,10,2000,-4.256100000000001,422,80,70,-0.010085545023696685,-0.05320125000000001,-0.06080142857142858,0.3,5.9686499999999985
shallow_selected_book,10,3000,-14.503439999999998,422,78,68,-0.034368341232227484,-0.18594153846153844,-0.21328588235294113,0.3088235294117647,14.503439999999998
shallow_selected_book,10,4000,-11.526899999999998,422,76,66,-0.0273149289099526,-0.15166973684210525,-0.17464999999999997,0.3181818181818182,11.526899999999998
shallow_selected_book,10,5000,-11.305699999999995,422,74,64,-0.02679075829383885,-0.15277972972972967,-0.17665156249999991,0.3125,11.305699999999995
shallow_selected_book,10,7500,-3.685499999999996,422,70,60,-0.008733412322274871,-0.05264999999999994,-0.06142499999999993,0.4666666666666667,8.756099999999998
shallow_selected_book,10,10000,-9.402499999999991,422,68,58,-0.02228080568720377,-0.13827205882352928,-0.16211206896551708,0.46551724137931033,9.402499999999991
shallow_selected_book,25,500,-10.947700000000006,422,82,68,-0.02594241706161139,-0.13350853658536593,-0.16099558823529422,0.19117647058823528,10.947700000000006
shallow_selected_book,25,750,-11.203236000000008,422,82,68,-0.02654795260663509,-0.13662482926829278,-0.16475347058823542,0.25,11.203236000000008
shallow_selected_book,25,1000,-10.508336000000003,422,82,68,-0.024901270142180104,-0.12815043902439027,-0.1545343529411765,0.25,10.508336000000003
shallow_selected_book,25,1500,-7.353049999999999,422,82,68,-0.017424289099526064,-0.08967134146341461,-0.1081330882352941,0.29411764705882354,7.353049999999999
shallow_selected_book,25,2000,-7.1481,422,82,68,-0.016938625592417062,-0.0871719512195122,-0.10511911764705884,0.27941176470588236,7.1481
shallow_selected_book,25,3000,-13.894299999999998,422,80,66,-0.03292488151658767,-0.17367874999999997,-0.21051969696969694,0.30303030303030304,13.894299999999998
shallow_selected_book,25,4000,-12.995299999999997,422,80,66,-0.03079454976303317,-0.16244124999999995,-0.1968984848484848,0.30303030303030304,12.995299999999997
shallow_selected_book,25,5000,-12.739449999999994,422,78,64,-0.03018827014218008,-0.16332628205128197,-0.1990539062499999,0.296875,12.739449999999994
shallow_selected_book,25,7500,-4.975699999999995,422,74,60,-0.011790758293838851,-0.06723918918918913,-0.08292833333333326,0.45,8.676599999999997
shallow_selected_book,25,10000,-9.940049999999992,422,72,58,-0.02355462085308055,-0.13805624999999988,-0.17138017241379297,0.46551724137931033,9.940049999999992
shallow_selected_book,50,500,-10.879350000000006,422,83,61,-0.02578045023696684,-0.13107650602409646,-0.1783500000000001,0.16393442622950818,10.879350000000006
shallow_selected_book,50,750,-11.215636000000005,422,83,61,-0.02657733649289101,-0.13512814457831332,-0.18386288524590172,0.21311475409836064,11.215636000000005
shallow_selected_book,50,1000,-10.528986000000002,422,83,61,-0.024950203791469196,-0.12685525301204822,-0.1726063278688525,0.21311475409836064,10.528986000000002
shallow_selected_book,50,1500,-6.4997500000000015,422,83,61,-0.015402251184834126,-0.07831024096385544,-0.10655327868852461,0.29508196721311475,6.4997500000000015
shallow_selected_book,50,2000,-6.2420500000000025,422,83,61,-0.014791587677725124,-0.07520542168674701,-0.1023286885245902,0.2786885245901639,6.2420500000000025
shallow_selected_book,50,3000,-13.419349999999998,422,81,59,-0.03179940758293839,-0.16567098765432095,-0.2274466101694915,0.288135593220339,13.419349999999998
shallow_selected_book,50,4000,-12.466349999999998,422,81,59,-0.029541113744075826,-0.15390555555555555,-0.21129406779661014,0.288135593220339,12.466349999999998
shallow_selected_book,50,5000,-12.210299999999993,422,79,57,-0.028934360189573443,-0.1545607594936708,-0.21421578947368408,0.2807017543859649,12.210299999999993
shallow_selected_book,50,7500,-6.350499999999997,422,75,53,-0.015048578199052125,-0.0846733333333333,-0.11982075471698107,0.41509433962264153,8.477599999999999
shallow_selected_book,50,10000,-9.513399999999992,422,74,52,-0.022543601895734577,-0.12855945945945935,-0.18294999999999983,0.4423076923076923,9.513399999999992
shallow_selected_book,100,500,-7.152549999999998,422,86,46,-0.01694917061611374,-0.0831691860465116,-0.1554902173913043,0.15217391304347827,7.152549999999998
shallow_selected_book,100,750,-7.995936000000001,422,86,46,-0.01894771563981043,-0.09297600000000002,-0.17382469565217393,0.1956521739130435,7.995936000000001
shallow_selected_book,100,1000,-7.605485999999997,422,86,46,-0.018022478672985776,-0.0884358837209302,-0.165336652173913,0.1956521739130435,7.605485999999997
shallow_selected_book,100,1500,-4.784049999999998,422,86,46,-0.011336611374407578,-0.055628488372093,-0.10400108695652169,0.2608695652173913,4.784049999999998
shallow_selected_book,100,2000,-4.667049999999998,422,86,46,-0.011059360189573455,-0.05426802325581393,-0.10145760869565212,0.2826086956521739,4.667049999999998
shallow_selected_book,100,3000,-10.519999999999998,422,84,44,-0.02492890995260663,-0.1252380952380952,-0.23909090909090905,0.3181818181818182,10.519999999999998
shallow_selected_book,100,4000,-8.518899999999997,422,84,44,-0.02018696682464454,-0.10141547619047615,-0.19361136363636355,0.29545454545454547,8.518899999999997
shallow_selected_book,100,5000,-9.011999999999993,422,84,44,-0.02135545023696681,-0.1072857142857142,-0.20481818181818168,0.29545454545454547,9.011999999999993
shallow_selected_book,100,7500,-6.040249999999994,422,82,42,-0.014313388625592402,-0.07366158536585359,-0.14381547619047605,0.4523809523809524,6.7354499999999975
shallow_selected_book,100,10000,-6.903299999999993,422,82,42,-0.016358530805687187,-0.08418658536585356,-0.16436428571428555,0.42857142857142855,7.437749999999996
shallow_selected_book,250,500,-7.7736500000000035,422,86,43,-0.01842097156398105,-0.09039127906976749,-0.18078255813953498,0.06976744186046512,7.7736500000000035
shallow_selected_book,250,750,-9.037986,422,86,43,-0.021417028436018958,-0.10509286046511628,-0.21018572093023255,0.11627906976744186,9.037986
shallow_selected_book,250,1000,-6.712199999999999,422,86,43,-0.015905687203791468,-0.07804883720930232,-0.15609767441860464,0.13953488372093023,6.712199999999999
shallow_selected_book,250,1500,-5.3286,422,86,43,-0.012627014218009477,-0.06196046511627907,-0.12392093023255814,0.20930232558139536,5.3286
shallow_selected_book,250,2000,-5.122950000000003,422,86,43,-0.01213969194312797,-0.059569186046511666,-0.11913837209302333,0.2558139534883721,5.122950000000003
shallow_selected_book,250,3000,-11.645799999999998,422,85,42,-0.027596682464454972,-0.13700941176470585,-0.27728095238095235,0.2619047619047619,11.645799999999998
shallow_selected_book,250,4000,-9.948199999999998,422,85,42,-0.023573933649289096,-0.11703764705882351,-0.23686190476190472,0.23809523809523808,9.948199999999998
shallow_selected_book,250,5000,-10.672549999999996,422,84,41,-0.025290402843601886,-0.1270541666666666,-0.2603060975609755,0.21951219512195122,10.672549999999996
shallow_selected_book,250,7500,-7.935049999999998,422,82,39,-0.01880343601895734,-0.09676890243902436,-0.20346282051282044,0.38461538461538464,7.935049999999998
shallow_selected_book,250,10000,-8.933049999999998,422,82,39,-0.021168364928909948,-0.10893963414634143,-0.22905256410256405,0.358974358974359,8.933049999999998
short_tte_continuation,5,500,,411,0,0,0.0,,,,0.0
short_tte_continuation,5,750,,411,0,0,0.0,,,,0.0
short_tte_continuation,5,1000,,411,0,0,0.0,,,,0.0
short_tte_continuation,5,1500,,411,0,0,0.0,,,,0.0
short_tte_continuation,5,2000,,411,0,0,0.0,,,,0.0
short_tte_continuation,5,3000,,411,0,0,0.0,,,,0.0
short_tte_continuation,5,4000,,411,0,0,0.0,,,,0.0
short_tte_continuation,5,5000,,411,0,0,0.0,,,,0.0
short_tte_continuation,5,7500,,411,0,0,0.0,,,,0.0
short_tte_continuation,5,10000,,411,0,0,0.0,,,,0.0
short_tte_continuation,10,500,,411,0,0,0.0,,,,0.0
short_tte_continuation,10,750,,411,0,0,0.0,,,,0.0
short_tte_continuation,10,1000,,411,0,0,0.0,,,,0.0
short_tte_continuation,10,1500,,411,0,0,0.0,,,,0.0
short_tte_continuation,10,2000,,411,0,0,0.0,,,,0.0
short_tte_continuation,10,3000,,411,0,0,0.0,,,,0.0
short_tte_continuation,10,4000,,411,0,0,0.0,,,,0.0
short_tte_continuation,10,5000,,411,0,0,0.0,,,,0.0
short_tte_continuation,10,7500,,411,0,0,0.0,,,,0.0
short_tte_continuation,10,10000,,411,0,0,0.0,,,,0.0
short_tte_continuation,25,500,,411,0,0,0.0,,,,0.0
short_tte_continuation,25,750,,411,0,0,0.0,,,,0.0
short_tte_continuation,25,1000,,411,0,0,0.0,,,,0.0
short_tte_continuation,25,1500,,411,0,0,0.0,,,,0.0
short_tte_continuation,25,2000,,411,0,0,0.0,,,,0.0
short_tte_continuation,25,3000,,411,0,0,0.0,,,,0.0
short_tte_continuation,25,4000,,411,0,0,0.0,,,,0.0
short_tte_continuation,25,5000,,411,0,0,0.0,,,,0.0
short_tte_continuation,25,7500,,411,0,0,0.0,,,,0.0
short_tte_continuation,25,10000,,411,0,0,0.0,,,,0.0
short_tte_continuation,50,500,,411,0,0,0.0,,,,0.0
short_tte_continuation,50,750,,411,0,0,0.0,,,,0.0
short_tte_continuation,50,1000,,411,0,0,0.0,,,,0.0
short_tte_continuation,50,1500,,411,0,0,0.0,,,,0.0
short_tte_continuation,50,2000,,411,0,0,0.0,,,,0.0
short_tte_continuation,50,3000,,411,0,0,0.0,,,,0.0
short_tte_continuation,50,4000,,411,0,0,0.0,,,,0.0
short_tte_continuation,50,5000,,411,0,0,0.0,,,,0.0
short_tte_continuation,50,7500,,411,0,0,0.0,,,,0.0
short_tte_continuation,50,10000,,411,0,0,0.0,,,,0.0
short_tte_continuation,100,500,,411,0,0,0.0,,,,0.0
short_tte_continuation,100,750,,411,0,0,0.0,,,,0.0
short_tte_continuation,100,1000,,411,0,0,0.0,,,,0.0
short_tte_continuation,100,1500,,411,0,0,0.0,,,,0.0
short_tte_continuation,100,2000,,411,0,0,0.0,,,,0.0
short_tte_continuation,100,3000,,411,0,0,0.0,,,,0.0
short_tte_continuation,100,4000,,411,0,0,0.0,,,,0.0
short_tte_continuation,100,5000,,411,0,0,0.0,,,,0.0
short_tte_continuation,100,7500,,411,0,0,0.0,,,,0.0
short_tte_continuation,100,10000,,411,0,0,0.0,,,,0.0
short_tte_continuation,250,500,,411,0,0,0.0,,,,0.0
short_tte_continuation,250,750,,411,0,0,0.0,,,,0.0
short_tte_continuation,250,1000,,411,0,0,0.0,,,,0.0
short_tte_continuation,250,1500,,411,0,0,0.0,,,,0.0
short_tte_continuation,250,2000,,411,0,0,0.0,,,,0.0
short_tte_continuation,250,3000,,411,0,0,0.0,,,,0.0
short_tte_continuation,250,4000,,411,0,0,0.0,,,,0.0
short_tte_continuation,250,5000,,411,0,0,0.0,,,,0.0
short_tte_continuation,250,7500,,411,0,0,0.0,,,,0.0
short_tte_continuation,250,10000,,411,0,0,0.0,,,,0.0
long_tte_continuation,5,500,-19.432570399999996,353,176,166,-0.05504977450424928,-0.11041233181818179,-0.11706367710843371,0.18674698795180722,19.458720399999997
long_tte_continuation,5,750,-18.345585999999997,353,176,166,-0.0519704985835694,-0.10423628409090907,-0.110515578313253,0.21084337349397592,18.371736
long_tte_continuation,5,1000,-16.728835999999998,353,176,166,-0.047390470254957504,-0.09505020454545453,-0.1007761204819277,0.21084337349397592,16.728835999999998
long_tte_continuation,5,1500,-13.4713,353,174,164,-0.038162322946175636,-0.07742126436781609,-0.0821420731707317,0.23780487804878048,13.4713
long_tte_continuation,5,2000,-12.4972,353,169,159,-0.0354028328611898,-0.07394792899408284,-0.07859874213836478,0.2138364779874214,12.4976
long_tte_continuation,5,3000,-21.607039999999994,353,163,153,-0.0612097450424929,-0.13255852760736192,-0.14122248366013068,0.24836601307189543,22.083289999999995
long_tte_continuation,5,4000,-17.0126,353,159,149,-0.0481943342776204,-0.10699748427672956,-0.11417852348993288,0.28859060402684567,17.38295
long_tte_continuation,5,5000,-14.973599999999994,353,154,144,-0.04241813031161471,-0.0972311688311688,-0.10398333333333329,0.2847222222222222,15.621099999999995
long_tte_continuation,5,7500,-4.275749999999999,353,143,133,-0.012112606232294614,-0.029900349650349642,-0.032148496240601496,0.38345864661654133,11.028899999999998
long_tte_continuation,5,10000,-8.20135,353,139,129,-0.02323328611898017,-0.059002517985611506,-0.06357635658914729,0.4108527131782946,11.10865
long_tte_continuation,10,500,-17.098350000000003,353,176,160,-0.048437252124645905,-0.09714971590909093,-0.10686468750000003,0.1875,17.124500000000005
long_tte_continuation,10,750,-17.249436000000003,353,176,160,-0.04886525779036828,-0.09800815909090911,-0.10780897500000002,0.20625,17.275586000000004
long_tte_continuation,10,1000,-15.433786000000001,353,176,160,-0.04372177337110482,-0.08769196590909091,-0.0964611625,0.20625,15.433786000000001
long_tte_continuation,10,1500,-11.720600000000005,353,174,158,-0.033202832861189815,-0.06735977011494255,-0.07418101265822788,0.22784810126582278,11.720600000000005
long_tte_continuation,10,2000,-10.343399999999999,353,170,154,-0.029301416430594897,-0.0608435294117647,-0.06716493506493505,0.22077922077922077,10.3438
long_tte_continuation,10,3000,-20.921839999999992,353,165,149,-0.059268668555240774,-0.12679903030303025,-0.14041503355704693,0.2483221476510067,21.398089999999993
long_tte_continuation,10,4000,-15.935499999999998,353,161,145,-0.04514305949008498,-0.0989782608695652,-0.10989999999999998,0.2896551724137931,16.30585
long_tte_continuation,10,5000,-14.050049999999992,353,156,140,-0.03980184135977335,-0.09006442307692303,-0.10035749999999995,0.2785714285714286,14.601049999999994
long_tte_continuation,10,7500,-3.5340500000000006,353,146,130,-0.010011473087818698,-0.024205821917808224,-0.027185000000000004,0.38461538461538464,11.0289
long_tte_continuation,10,10000,-8.212299999999999,353,142,126,-0.023264305949008496,-0.05783309859154929,-0.06517698412698412,0.40476190476190477,11.10865
long_tte_continuation,25,500,-19.905549999999998,353,176,151,-0.05638966005665722,-0.1130997159090909,-0.1318248344370861,0.13245033112582782,19.9317
long_tte_continuation,25,750,-19.626585999999996,353,176,151,-0.05559939376770537,-0.11151469318181816,-0.1299773907284768,0.17218543046357615,19.652735999999997
long_tte_continuation,25,1000,-18.312686,353,176,151,-0.05187729745042493,-0.10404935227272727,-0.12127606622516555,0.17218543046357615,18.312686
long_tte_continuation,25,1500,-14.50225,353,176,151,-0.0410828611898017,-0.08239914772727273,-0.09604139072847682,0.2119205298013245,14.50225
long_tte_continuation,25,2000,-12.495750000000001,353,175,150,-0.035398725212464593,-0.07140428571428573,-0.083305,0.22,12.506300000000001
long_tte_continuation,25,3000,-19.774199999999993,353,170,145,-0.056017563739376754,-0.11631882352941172,-0.13637379310344824,0.25517241379310346,20.250449999999994
long_tte_continuation,25,4000,-17.01105,353,168,143,-0.04818994334277621,-0.10125625,-0.11895839160839161,0.2727272727272727,17.381400000000003
long_tte_continuation,25,5000,-15.154199999999992,353,163,138,-0.042929745042492896,-0.09297055214723922,-0.10981304347826082,0.2753623188405797,15.630449999999994
long_tte_continuation,25,7500,-4.8001499999999995,353,153,128,-0.013598158640226628,-0.0313735294117647,-0.037501171874999996,0.3828125,10.486799999999997
long_tte_continuation,25,10000,-9.329099999999997,353,149,124,-0.02642804532577903,-0.06261140939597314,-0.07523467741935481,0.3951612903225806,10.982249999999997
long_tte_continuation,50,500,-20.4135,353,178,140,-0.057828611898016996,-0.11468258426966292,-0.14581071428571427,0.1,20.4135
long_tte_continuation,50,750,-20.519935999999994,353,178,140,-0.058130130311614715,-0.11528053932584266,-0.1465709714285714,0.12142857142857143,20.519935999999994
long_tte_continuation,50,1000,-19.161585999999996,353,178,140,-0.05428211331444758,-0.10764935955056178,-0.1368684714285714,0.12857142857142856,19.161585999999996
long_tte_continuation,50,1500,-14.938949999999998,353,178,140,-0.042319971671388096,-0.08392668539325841,-0.1067067857142857,0.19285714285714287,14.938949999999998
long_tte_continuation,50,2000,-12.534000000000002,353,177,139,-0.03550708215297451,-0.07081355932203391,-0.09017266187050361,0.19424460431654678,12.534000000000002
long_tte_continuation,50,3000,-19.12184999999999,353,173,135,-0.054169546742209605,-0.11053092485549128,-0.14164333333333326,0.22962962962962963,19.313249999999993
long_tte_continuation,50,4000,-16.448150000000002,353,171,133,-0.046595325779036835,-0.09618801169590645,-0.12367030075187971,0.2631578947368421,16.586600000000004
long_tte_continuation,50,5000,-15.28224999999999,353,166,128,-0.043292492917847,-0.09206174698795175,-0.11939257812499993,0.2578125,15.473649999999992
long_tte_continuation,50,7500,-8.3864,353,156,118,-0.023757507082152976,-0.05375897435897436,-0.07107118644067796,0.3389830508474576,10.703499999999998
long_tte_continuation,50,10000,-9.353199999999996,353,154,116,-0.026496317280453246,-0.060735064935064906,-0.08063103448275859,0.3793103448275862,11.387049999999997
long_tte_continuation,100,500,-15.978099999999998,353,183,122,-0.04526373937677053,-0.08731202185792349,-0.13096803278688524,0.09016393442622951,15.978099999999998
long_tte_continuation,100,750,-16.691636,353,183,122,-0.047285087818696885,-0.0912111256830601,-0.13681668852459017,0.10655737704918032,16.691636
long_tte_continuation,100,1000,-15.735385999999995,353,183,122,-0.044576164305949,-0.0859857158469945,-0.12897857377049177,0.11475409836065574,15.735385999999995
long_tte_continuation,100,1500,-12.720550000000003,353,183,122,-0.03603555240793202,-0.06951120218579236,-0.10426680327868855,0.1721311475409836,12.720550000000003
long_tte_continuation,100,2000,-10.057950000000002,353,182,121,-0.02849277620396601,-0.055263461538461546,-0.08312355371900827,0.2066115702479339,10.057950000000002
long_tte_continuation,100,3000,-14.927600000000002,353,178,117,-0.04228781869688386,-0.08386292134831462,-0.1275863247863248,0.2564102564102564,15.119000000000003
long_tte_continuation,100,4000,-11.827399999999999,353,176,115,-0.03350538243626062,-0.06720113636363635,-0.10284695652173913,0.25217391304347825,11.96585
long_tte_continuation,100,5000,-11.913399999999994,353,173,112,-0.03374900849858355,-0.06886358381502887,-0.1063696428571428,0.25892857142857145,12.104799999999996
long_tte_continuation,100,7500,-7.706999999999998,353,165,104,-0.021832861189801694,-0.046709090909090895,-0.07410576923076921,0.3557692307692308,8.819599999999998
long_tte_continuation,100,10000,-6.522800000000001,353,164,103,-0.01847818696883853,-0.03977317073170732,-0.06332815533980583,0.3592233009708738,9.33025
long_tte_continuation,250,500,-16.25475,353,179,112,-0.046047450424929186,-0.0908086592178771,-0.14513169642857143,0.026785714285714284,16.25475
long_tte_continuation,250,750,-17.700036000000004,353,179,112,-0.05014174504249293,-0.09888288268156427,-0.15803603571428576,0.044642857142857144,17.700036000000004
long_tte_continuation,250,1000,-14.914349999999999,353,179,112,-0.042250283286118975,-0.0833203910614525,-0.13316383928571426,0.0625,14.914349999999999
long_tte_continuation,250,1500,-13.328800000000006,353,179,112,-0.03775864022662891,-0.07446256983240226,-0.11900714285714291,0.125,13.328800000000006
long_tte_continuation,250,2000,-10.68040000000001,353,178,111,-0.030256090651558102,-0.06000224719101129,-0.0962198198198199,0.15315315315315314,10.68040000000001
long_tte_continuation,250,3000,-16.0122,353,175,108,-0.04536033994334278,-0.09149828571428571,-0.14826111111111112,0.19444444444444445,16.2036
long_tte_continuation,250,4000,-13.765000000000006,353,173,106,-0.03899433427762041,-0.07956647398843934,-0.1298584905660378,0.20754716981132076,13.903450000000007
long_tte_continuation,250,5000,-13.880349999999995,353,169,102,-0.03932110481586401,-0.08213224852071002,-0.13608186274509798,0.19607843137254902,14.071749999999996
long_tte_continuation,250,7500,-9.331450000000004,353,162,95,-0.02643470254957508,-0.057601543209876566,-0.09822578947368425,0.29473684210526313,10.444050000000002
long_tte_continuation,250,10000,-8.387700000000004,353,161,94,-0.02376118980169973,-0.05209751552795033,-0.08923085106382983,0.3191489361702128,9.607000000000005
short_tte_reversal,5,500,,411,0,0,0.0,,,,0.0
short_tte_reversal,5,750,,411,0,0,0.0,,,,0.0
short_tte_reversal,5,1000,,411,0,0,0.0,,,,0.0
short_tte_reversal,5,1500,,411,0,0,0.0,,,,0.0
short_tte_reversal,5,2000,,411,0,0,0.0,,,,0.0
short_tte_reversal,5,3000,,411,0,0,0.0,,,,0.0
short_tte_reversal,5,4000,,411,0,0,0.0,,,,0.0
short_tte_reversal,5,5000,,411,0,0,0.0,,,,0.0
short_tte_reversal,5,7500,,411,0,0,0.0,,,,0.0
short_tte_reversal,5,10000,,411,0,0,0.0,,,,0.0
short_tte_reversal,10,500,,411,0,0,0.0,,,,0.0
short_tte_reversal,10,750,,411,0,0,0.0,,,,0.0
short_tte_reversal,10,1000,,411,0,0,0.0,,,,0.0
short_tte_reversal,10,1500,,411,0,0,0.0,,,,0.0
short_tte_reversal,10,2000,,411,0,0,0.0,,,,0.0
short_tte_reversal,10,3000,,411,0,0,0.0,,,,0.0
short_tte_reversal,10,4000,,411,0,0,0.0,,,,0.0
short_tte_reversal,10,5000,,411,0,0,0.0,,,,0.0
short_tte_reversal,10,7500,,411,0,0,0.0,,,,0.0
short_tte_reversal,10,10000,,411,0,0,0.0,,,,0.0
short_tte_reversal,25,500,,411,0,0,0.0,,,,0.0
short_tte_reversal,25,750,,411,0,0,0.0,,,,0.0
short_tte_reversal,25,1000,,411,0,0,0.0,,,,0.0
short_tte_reversal,25,1500,,411,0,0,0.0,,,,0.0
short_tte_reversal,25,2000,,411,0,0,0.0,,,,0.0
short_tte_reversal,25,3000,,411,0,0,0.0,,,,0.0
short_tte_reversal,25,4000,,411,0,0,0.0,,,,0.0
short_tte_reversal,25,5000,,411,0,0,0.0,,,,0.0
short_tte_reversal,25,7500,,411,0,0,0.0,,,,0.0
short_tte_reversal,25,10000,,411,0,0,0.0,,,,0.0
short_tte_reversal,50,500,,411,0,0,0.0,,,,0.0
short_tte_reversal,50,750,,411,0,0,0.0,,,,0.0
short_tte_reversal,50,1000,,411,0,0,0.0,,,,0.0
short_tte_reversal,50,1500,,411,0,0,0.0,,,,0.0
short_tte_reversal,50,2000,,411,0,0,0.0,,,,0.0
short_tte_reversal,50,3000,,411,0,0,0.0,,,,0.0
short_tte_reversal,50,4000,,411,0,0,0.0,,,,0.0
short_tte_reversal,50,5000,,411,0,0,0.0,,,,0.0
short_tte_reversal,50,7500,,411,0,0,0.0,,,,0.0
short_tte_reversal,50,10000,,411,0,0,0.0,,,,0.0
short_tte_reversal,100,500,,411,0,0,0.0,,,,0.0
short_tte_reversal,100,750,,411,0,0,0.0,,,,0.0
short_tte_reversal,100,1000,,411,0,0,0.0,,,,0.0
short_tte_reversal,100,1500,,411,0,0,0.0,,,,0.0
short_tte_reversal,100,2000,,411,0,0,0.0,,,,0.0
short_tte_reversal,100,3000,,411,0,0,0.0,,,,0.0
short_tte_reversal,100,4000,,411,0,0,0.0,,,,0.0
short_tte_reversal,100,5000,,411,0,0,0.0,,,,0.0
short_tte_reversal,100,7500,,411,0,0,0.0,,,,0.0
short_tte_reversal,100,10000,,411,0,0,0.0,,,,0.0
short_tte_reversal,250,500,,411,0,0,0.0,,,,0.0
short_tte_reversal,250,750,,411,0,0,0.0,,,,0.0
short_tte_reversal,250,1000,,411,0,0,0.0,,,,0.0
short_tte_reversal,250,1500,,411,0,0,0.0,,,,0.0
short_tte_reversal,250,2000,,411,0,0,0.0,,,,0.0
short_tte_reversal,250,3000,,411,0,0,0.0,,,,0.0
short_tte_reversal,250,4000,,411,0,0,0.0,,,,0.0
short_tte_reversal,250,5000,,411,0,0,0.0,,,,0.0
short_tte_reversal,250,7500,,411,0,0,0.0,,,,0.0
short_tte_reversal,250,10000,,411,0,0,0.0,,,,0.0
long_tte_reversal,5,500,-51.686039999999984,353,168,168,-0.1464193767705382,-0.3076549999999999,-0.3076549999999999,0.023809523809523808,52.159539999999986
long_tte_reversal,5,750,-53.24167750000001,353,168,168,-0.1508262818696884,-0.31691474702380956,-0.31691474702380956,0.023809523809523808,53.90817750000001
long_tte_reversal,5,1000,-53.61601700000001,353,168,168,-0.1518867337110482,-0.3191429583333334,-0.3191429583333334,0.023809523809523808,54.08951700000001
long_tte_reversal,5,1500,-52.506550000000004,353,165,165,-0.14874376770538245,-0.3182215151515152,-0.3182215151515152,0.04242424242424243,52.883750000000006
long_tte_reversal,5,2000,-50.785549999999965,353,159,159,-0.1438684135977336,-0.31940597484276706,-0.31940597484276706,0.03773584905660377,51.25904999999997
long_tte_reversal,5,3000,-42.01750000000002,353,152,152,-0.11902974504249297,-0.27643092105263173,-0.27643092105263173,0.039473684210526314,42.298600000000015
long_tte_reversal,5,4000,-40.4033,353,148,148,-0.11445694050991502,-0.27299527027027026,-0.27299527027027026,0.06756756756756757,40.7805
long_tte_reversal,5,5000,-43.484274800000016,353,143,143,-0.12318491444759211,-0.30408583776223785,-0.30408583776223785,0.04895104895104895,43.86147480000002
long_tte_reversal,5,7500,-48.91145000000004,353,131,131,-0.13855934844192644,-0.3733698473282446,-0.3733698473282446,0.12213740458015267,49.28865000000004
long_tte_reversal,5,10000,-43.03070000000002,353,126,126,-0.12190000000000005,-0.3415134920634922,-0.3415134920634922,0.10317460317460317,43.31180000000001
long_tte_reversal,10,500,-50.90093999999999,353,168,167,-0.1441952974504249,-0.3029817857142857,-0.30479604790419157,0.023952095808383235,51.37443999999999
long_tte_reversal,10,750,-52.45657750000003,353,168,167,-0.14860220254957515,-0.3122415327380954,-0.31411124251497025,0.023952095808383235,53.12307750000003
long_tte_reversal,10,1000,-52.830917000000014,353,168,167,-0.14966265439093487,-0.3144697440476191,-0.3163527964071857,0.023952095808383235,53.304417000000015
long_tte_reversal,10,1500,-51.769800000000004,353,165,164,-0.14665665722379603,-0.31375636363636367,-0.31566951219512196,0.04878048780487805,52.147000000000006
long_tte_reversal,10,2000,-49.95524999999997,353,159,158,-0.1415162889518413,-0.31418396226415074,-0.3161724683544302,0.04430379746835443,50.42874999999997
long_tte_reversal,10,3000,-41.24115000000001,353,152,151,-0.1168304532577904,-0.271323355263158,-0.27312019867549675,0.039735099337748346,41.52225000000001
long_tte_reversal,10,4000,-39.580349999999996,353,148,147,-0.1121256373937677,-0.26743479729729724,-0.269254081632653,0.06802721088435375,39.95755
long_tte_reversal,10,5000,-42.66132480000001,353,143,142,-0.12085361133144479,-0.2983309426573427,-0.30043186478873246,0.04929577464788732,43.03852480000001
long_tte_reversal,10,7500,-48.13810000000004,353,131,130,-0.1363685552407933,-0.36746641221374077,-0.3702930769230772,0.12307692307692308,48.51530000000004
long_tte_reversal,10,10000,-42.25735000000001,353,126,125,-0.11970920679886689,-0.33537579365079373,-0.3380588000000001,0.104,42.538450000000005
long_tte_reversal,25,500,-47.710909499999985,353,168,166,-0.1351583838526912,-0.28399350892857134,-0.2874151174698794,0.024096385542168676,48.18440949999999
long_tte_reversal,25,750,-49.85673550000001,353,168,166,-0.14123721104815867,-0.2967662827380953,-0.300341780120482,0.024096385542168676,50.52323550000001
long_tte_reversal,25,1000,-50.30663450000002,353,168,166,-0.1425117124645893,-0.2994442529761906,-0.3030520150602411,0.024096385542168676,50.780134500000024
long_tte_reversal,25,1500,-49.245517500000005,353,165,163,-0.13950571529745043,-0.29845768181818183,-0.3021197392638037,0.049079754601226995,49.62271750000001
long_tte_reversal,25,2000,-47.56018399999998,353,159,157,-0.1347313994334277,-0.29912065408805016,-0.30293110828025466,0.044585987261146494,48.03368399999998
long_tte_reversal,25,3000,-39.548500000000004,353,152,150,-0.11203541076487253,-0.2601875,-0.2636566666666667,0.04,39.8296
long_tte_reversal,25,4000,-37.986,353,148,146,-0.10760906515580736,-0.25666216216216214,-0.2601780821917808,0.0684931506849315,38.3632
long_tte_reversal,25,5000,-41.114974800000006,353,143,141,-0.11647301643059492,-0.2875173062937063,-0.29159556595744685,0.04964539007092199,41.49217480000001
long_tte_reversal,25,7500,-46.21180000000003,353,131,129,-0.13091161473087828,-0.3527618320610689,-0.3582310077519382,0.12403100775193798,46.589000000000034
long_tte_reversal,25,10000,-40.425700000000006,353,126,124,-0.11452039660056659,-0.32083888888888895,-0.3260137096774194,0.10483870967741936,40.7068
long_tte_reversal,50,500,-46.76377999999998,353,168,163,-0.13247529745042488,-0.27835583333333325,-0.28689435582822076,0.012269938650306749,46.76377999999998
long_tte_reversal,50,750,-49.296377500000006,353,168,163,-0.13964979461756374,-0.293430818452381,-0.30243176380368103,0.012269938650306749,49.296377500000006
long_tte_reversal,50,1000,-49.52571700000003,353,168,163,-0.14029948158640235,-0.2947959345238097,-0.30383875460122717,0.018404907975460124,49.52571700000003
long_tte_reversal,50,1500,-48.36830000000002,353,165,160,-0.13702067988668562,-0.29314121212121225,-0.3023018750000001,0.05,48.39150000000002
long_tte_reversal,50,2000,-47.211999999999975,353,159,154,-0.13374504249291777,-0.29693081761006274,-0.3065714285714284,0.03896103896103896,47.211999999999975
long_tte_reversal,50,3000,-38.90579999999999,353,152,147,-0.11021473087818695,-0.25595921052631576,-0.26466530612244893,0.034013605442176874,38.90579999999999
long_tte_reversal,50,4000,-37.48965,353,148,143,-0.10620297450424929,-0.2533084459459459,-0.2621653846153846,0.055944055944055944,37.48965
long_tte_reversal,50,5000,-40.6186248,353,143,138,-0.11506692577903682,-0.2840463272727273,-0.2943378608695652,0.036231884057971016,40.6186248
long_tte_reversal,50,7500,-45.668850000000035,353,131,126,-0.12937351274787545,-0.34861717557251937,-0.36245119047619073,0.1111111111111111,45.668850000000035
long_tte_reversal,50,10000,-39.88205000000001,353,126,121,-0.11298031161473089,-0.3165242063492064,-0.3296037190082645,0.09090909090909091,39.88205000000001
long_tte_reversal,100,500,-42.453579999999995,353,168,162,-0.12026509915014164,-0.25269988095238094,-0.2620591358024691,0.012345679012345678,42.453579999999995
long_tte_reversal,100,750,-44.99157750000002,353,168,162,-0.12745489376770544,-0.26780700892857157,-0.27772578703703715,0.024691358024691357,44.99157750000002
long_tte_reversal,100,1000,-44.72721700000003,353,168,162,-0.1267059971671389,-0.2662334345238097,-0.27609393209876565,0.018518518518518517,44.72721700000003
long_tte_reversal,100,1500,-44.107899999999994,353,165,159,-0.12495155807365438,-0.26732060606060604,-0.2774081761006289,0.050314465408805034,44.43194999999999
long_tte_reversal,100,2000,-43.50104999999998,353,159,153,-0.12323243626062316,-0.2735915094339621,-0.284320588235294,0.0392156862745098,43.50104999999998
long_tte_reversal,100,3000,-35.698949999999996,353,152,146,-0.10113016997167137,-0.23486151315789472,-0.24451335616438355,0.0410958904109589,35.698949999999996
long_tte_reversal,100,4000,-34.38614999999999,353,148,142,-0.09741118980169967,-0.23233885135135127,-0.24215598591549287,0.06338028169014084,34.38614999999999
long_tte_reversal,100,5000,-37.12357479999999,353,143,137,-0.10516593427762037,-0.25960541818181815,-0.27097499854014595,0.051094890510948905,37.12357479999999
long_tte_reversal,100,7500,-42.458250000000035,353,131,125,-0.12027832861189812,-0.32410877862595444,-0.3396660000000003,0.112,42.458250000000035
long_tte_reversal,100,10000,-36.96239999999999,353,126,120,-0.10470934844192631,-0.29335238095238086,-0.3080199999999999,0.10833333333333334,36.96239999999999
long_tte_reversal,250,500,-34.485243200000006,353,168,159,-0.09769190708215299,-0.2052693047619048,-0.21688832201257865,0.012578616352201259,34.485243200000006
long_tte_reversal,250,750,-36.336044700000016,353,168,159,-0.10293497082152979,-0.21628598035714294,-0.22852858301886803,0.031446540880503145,36.336044700000016
long_tte_reversal,250,1000,-36.66188140000001,353,168,159,-0.10385802096317284,-0.2182254845238096,-0.23057787044025166,0.018867924528301886,36.66188140000001
long_tte_reversal,250,1500,-36.76868079999999,353,165,156,-0.10416056883852688,-0.22284048969696965,-0.23569667179487175,0.04487179487179487,36.81214999999999
long_tte_reversal,250,2000,-37.095789999999994,353,159,150,-0.10508722379603398,-0.23330685534591192,-0.24730526666666663,0.06666666666666667,37.095789999999994
long_tte_reversal,250,3000,-28.7769456,353,152,143,-0.08152109235127479,-0.1893220105263158,-0.20123738181818182,0.08391608391608392,28.7769456
long_tte_reversal,250,4000,-28.157345599999996,353,148,139,-0.07976585155807364,-0.19025233513513512,-0.20257083165467624,0.09352517985611511,28.157345599999996
long_tte_reversal,250,5000,-31.3448084,353,143,134,-0.08879549121813031,-0.21919446433566434,-0.23391648059701495,0.07462686567164178,31.3448084
long_tte_reversal,250,7500,-37.37495159999999,353,131,122,-0.10587804985835692,-0.28530497404580146,-0.3063520622950819,0.13114754098360656,37.37495159999999
long_tte_reversal,250,10000,-32.0234784,353,126,117,-0.09071806912181303,-0.2541545904761905,-0.2737049435897436,0.1111111111111111,32.0234784
low_selected_price_continuation,5,500,-3.6074,379,69,63,-0.00951820580474934,-0.05228115942028986,-0.05726031746031746,0.19047619047619047,3.8993
low_selected_price_continuation,5,750,-1.6570499999999981,379,69,63,-0.004372163588390496,-0.02401521739130432,-0.026302380952380924,0.23809523809523808,3.2329499999999984
low_selected_price_continuation,5,1000,-2.945535999999999,379,69,63,-0.00777186279683377,-0.042688927536231866,-0.04675453968253966,0.23809523809523808,3.336649999999999
low_selected_price_continuation,5,1500,0.16375000000000095,379,67,61,0.0004320580474934062,0.002444029850746283,0.002684426229508212,0.26229508196721313,3.8191499999999983
low_selected_price_continuation,5,2000,-1.5656999999999957,379,67,61,-0.004131134564643788,-0.023368656716417847,-0.025667213114754027,0.19672131147540983,5.827949999999997
low_selected_price_continuation,5,3000,-6.9044899999999965,379,64,58,-0.018217651715039567,-0.10788265624999994,-0.1190429310344827,0.15517241379310345,6.9044899999999965
low_selected_price_continuation,5,4000,-4.359249999999998,379,62,56,-0.011501978891820573,-0.07031048387096771,-0.07784374999999996,0.25,4.882549999999998
low_selected_price_continuation,5,5000,-3.453149999999999,379,58,52,-0.00911121372031662,-0.05953706896551723,-0.06640673076923075,0.15384615384615385,4.799849999999999
low_selected_price_continuation,5,7500,0.8727999999999989,379,53,47,0.002302902374670182,0.016467924528301866,0.018570212765957425,0.23404255319148937,5.23385
low_selected_price_continuation,5,10000,-2.254199999999999,379,50,44,-0.0059477572559366735,-0.045083999999999985,-0.05123181818181816,0.3181818181818182,4.054149999999999
low_selected_price_continuation,10,500,-2.0200500000000017,379,69,59,-0.005329947229551456,-0.029276086956521764,-0.034238135593220365,0.2033898305084746,2.3119500000000017
low_selected_price_continuation,10,750,-0.2768999999999993,379,69,59,-0.0007306068601583096,-0.00401304347826086,-0.004693220338983039,0.23728813559322035,2.3042499999999992
low_selected_price_continuation,10,1000,-1.3664860000000005,379,69,59,-0.0036055039577836427,-0.019804144927536238,-0.02316077966101696,0.23728813559322035,2.25915
low_selected_price_continuation,10,1500,2.252699999999998,379,67,57,0.00594379947229551,0.03362238805970146,0.039521052631578915,0.2631578947368421,2.3526499999999997
low_selected_price_continuation,10,2000,0.5250999999999996,379,67,57,0.0013854881266490754,0.007837313432835814,0.009212280701754378,0.21052631578947367,3.7371499999999997
low_selected_price_continuation,10,3000,-6.229439999999997,379,65,55,-0.01643651715039577,-0.09583753846153842,-0.1132625454545454,0.14545454545454545,6.229439999999997
low_selected_price_continuation,10,4000,-3.292299999999999,379,63,53,-0.008686807387862795,-0.05225873015873014,-0.06211886792452829,0.24528301886792453,3.815599999999999
low_selected_price_continuation,10,5000,-2.3808499999999997,379,59,49,-0.006281926121372031,-0.04035338983050847,-0.048588775510204074,0.14285714285714285,3.72755
low_selected_price_continuation,10,7500,1.9227999999999994,379,55,45,0.005073350923482848,0.03495999999999999,0.04272888888888888,0.24444444444444444,4.18385
low_selected_price_continuation,10,10000,-1.9568499999999993,379,52,42,-0.005163192612137202,-0.03763173076923076,-0.04659166666666665,0.30952380952380953,3.727049999999999
low_selected_price_continuation,25,500,-4.0117,379,69,56,-0.01058496042216359,-0.058140579710144934,-0.0716375,0.125,4.085350000000001
low_selected_price_continuation,25,750,-3.0185499999999994,379,69,56,-0.007964511873350922,-0.04374710144927536,-0.05390267857142856,0.19642857142857142,4.07495
low_selected_price_continuation,25,1000,-4.610136,379,69,56,-0.01216394722955145,-0.0668135652173913,-0.08232385714285714,0.19642857142857142,4.610136
low_selected_price_continuation,25,1500,-0.42605000000000076,379,69,56,-0.0011241424802110839,-0.006174637681159431,-0.007608035714285728,0.26785714285714285,3.0222000000000007
low_selected_price_continuation,25,2000,-1.4038499999999998,379,69,56,-0.0037040897097625324,-0.020345652173913042,-0.025068749999999997,0.23214285714285715,4.3309
low_selected_price_continuation,25,3000,-4.804549999999998,379,67,54,-0.012676912928759889,-0.07170970149253729,-0.0889731481481481,0.18518518518518517,5.598949999999999
low_selected_price_continuation,25,4000,-4.091749999999998,379,67,54,-0.010796174142480207,-0.061070895522388036,-0.07577314814814812,0.2222222222222222,5.03075
low_selected_price_continuation,25,5000,-2.7839,379,63,50,-0.007345382585751979,-0.04418888888888889,-0.055678,0.16,4.5463000000000005
low_selected_price_continuation,25,7500,1.5692999999999977,379,59,46,0.00414063324538258,0.026598305084745723,0.0341152173913043,0.2608695652173913,4.953050000000001
low_selected_price_continuation,25,10000,-2.16105,379,56,43,-0.00570197889182058,-0.03859017857142857,-0.05025697674418605,0.3023255813953488,4.0623
low_selected_price_continuation,50,500,-4.968600000000001,379,70,51,-0.013109762532981534,-0.07098000000000002,-0.09742352941176473,0.0784313725490196,4.968600000000001
low_selected_price_continuation,50,750,-3.945149999999999,379,70,51,-0.010409366754617412,-0.0563592857142857,-0.07735588235294116,0.11764705882352941,3.945149999999999
low_selected_price_continuation,50,1000,-5.441785999999999,379,70,51,-0.014358274406332451,-0.07773979999999998,-0.10670168627450978,0.11764705882352941,5.441785999999999
low_selected_price_continuation,50,1500,-1.6764500000000009,379,70,51,-0.004423350923482852,-0.02394928571428573,-0.032871568627451,0.21568627450980393,2.452400000000001
low_selected_price_continuation,50,2000,-2.2086,379,70,51,-0.005827440633245383,-0.03155142857142857,-0.04330588235294118,0.17647058823529413,3.3154500000000007
low_selected_price_continuation,50,3000,-4.129049999999999,379,69,50,-0.010894591029023746,-0.05984130434782608,-0.08258099999999999,0.14,4.129049999999999
low_selected_price_continuation,50,4000,-3.6598000000000015,379,69,50,-0.009656464379947233,-0.05304057971014495,-0.07319600000000002,0.22,3.7706000000000017
low_selected_price_continuation,50,5000,-3.0440500000000004,379,65,46,-0.008031794195250661,-0.046831538461538466,-0.06617500000000001,0.13043478260869565,3.493950000000001
low_selected_price_continuation,50,7500,-1.525850000000001,379,61,42,-0.004025989445910293,-0.025013934426229525,-0.03632976190476193,0.19047619047619047,3.6552000000000007
low_selected_price_continuation,50,10000,-1.3280000000000005,379,60,41,-0.003503957783641162,-0.02213333333333334,-0.03239024390243904,0.3170731707317073,2.8665
low_selected_price_continuation,100,500,-4.092350000000001,379,70,41,-0.010797757255936676,-0.058462142857142865,-0.09981341463414635,0.07317073170731707,4.092350000000001
low_selected_price_continuation,100,750,-3.646999999999999,379,70,41,-0.009622691292875987,-0.05209999999999999,-0.08895121951219509,0.07317073170731707,3.646999999999999
low_selected_price_continuation,100,1000,-4.993085999999998,379,70,41,-0.013174369393139837,-0.07132979999999997,-0.12178258536585361,0.07317073170731707,4.993085999999998
low_selected_price_continuation,100,1500,-2.2817999999999996,379,70,41,-0.006020580474934036,-0.03259714285714285,-0.055653658536585354,0.14634146341463414,2.7346999999999997
low_selected_price_continuation,100,2000,-1.8483499999999995,379,70,41,-0.004876912928759893,-0.026404999999999994,-0.04508170731707316,0.1951219512195122,2.5861
low_selected_price_continuation,100,3000,-2.9079999999999986,379,69,40,-0.007672823218997358,-0.04214492753623186,-0.07269999999999996,0.175,2.9079999999999986
low_selected_price_continuation,100,4000,-2.3362499999999997,379,69,40,-0.006164248021108178,-0.033858695652173906,-0.05840624999999999,0.2,2.3362499999999997
low_selected_price_continuation,100,5000,-2.49615,379,67,38,-0.006586147757255937,-0.037255970149253734,-0.06568815789473685,0.15789473684210525,2.49615
low_selected_price_continuation,100,7500,-2.0779500000000004,379,65,36,-0.005482717678100265,-0.03196846153846154,-0.057720833333333346,0.25,2.3087999999999997
low_selected_price_continuation,100,10000,-0.43120000000000064,379,65,36,-0.0011377308707124028,-0.006633846153846164,-0.011977777777777796,0.2777777777777778,2.0658999999999996
low_selected_price_continuation,250,500,-4.18415,379,68,39,-0.011039973614775725,-0.06153161764705882,-0.10728589743589743,0.02564102564102564,4.18415
low_selected_price_continuation,250,750,-3.9419499999999985,379,68,39,-0.0104009234828496,-0.05796985294117645,-0.10107564102564098,0.02564102564102564,3.9419499999999985
low_selected_price_continuation,250,1000,-3.7076499999999983,379,68,39,-0.00978271767810026,-0.05452426470588233,-0.09506794871794867,0.05128205128205128,3.7076499999999983
low_selected_price_continuation,250,1500,-2.4819999999999984,379,68,39,-0.006548812664907647,-0.03649999999999998,-0.0636410256410256,0.1282051282051282,2.4819999999999984
low_selected_price_continuation,250,2000,-2.0469499999999985,379,68,39,-0.0054009234828496,-0.03010220588235292,-0.0524858974358974,0.1282051282051282,2.230199999999999
low_selected_price_continuation,250,3000,-2.867749999999997,379,68,39,-0.007566622691292868,-0.04217279411764702,-0.0735320512820512,0.1282051282051282,2.867749999999997
low_selected_price_continuation,250,4000,-2.949499999999998,379,68,39,-0.0077823218997361415,-0.04337499999999997,-0.07562820512820508,0.20512820512820512,2.949499999999998
low_selected_price_continuation,250,5000,-3.0330499999999985,379,65,36,-0.008002770448548809,-0.04666230769230767,-0.08425138888888885,0.1111111111111111,3.0330499999999985
low_selected_price_continuation,250,7500,-1.9346499999999993,379,64,35,-0.005104617414248019,-0.03022890624999999,-0.05527571428571427,0.2,2.1531499999999997
low_selected_price_continuation,250,10000,-0.28790000000000016,379,64,35,-0.0007596306068601588,-0.0044984375000000024,-0.00822571428571429,0.2857142857142857,1.9102499999999998
high_selected_price_continuation,5,500,-15.825170400000005,385,107,103,-0.04110433870129871,-0.14789878878504678,-0.15364243106796122,0.18446601941747573,15.851320400000006
high_selected_price_continuation,5,750,-16.688536,385,107,103,-0.04334684675324675,-0.1559676261682243,-0.1620246213592233,0.1941747572815534,16.714686
high_selected_price_continuation,5,1000,-13.7833,385,107,103,-0.03580077922077922,-0.1288158878504673,-0.13381844660194175,0.1941747572815534,13.7833
high_selected_price_continuation,5,1500,-13.635050000000007,385,107,103,-0.0354157142857143,-0.12743037383177577,-0.1323791262135923,0.22330097087378642,13.635050000000007
high_selected_price_continuation,5,2000,-10.9315,385,102,98,-0.02839350649350649,-0.10717156862745097,-0.11154591836734694,0.22448979591836735,10.9319
high_selected_price_continuation,5,3000,-14.702549999999999,385,99,95,-0.038188441558441553,-0.14851060606060604,-0.1547636842105263,0.30526315789473685,16.116999999999997
high_selected_price_continuation,5,4000,-12.65335,385,97,93,-0.032865844155844155,-0.13044690721649485,-0.13605752688172043,0.3118279569892473,14.600600000000002
high_selected_price_continuation,5,5000,-11.520449999999993,385,96,92,-0.029923246753246736,-0.12000468749999993,-0.12522228260869558,0.358695652173913,14.801649999999995
high_selected_price_continuation,5,7500,-5.148549999999999,385,90,86,-0.013372857142857141,-0.0572061111111111,-0.05986686046511627,0.46511627906976744,10.3642
high_selected_price_continuation,5,10000,-5.947149999999998,385,89,85,-0.015447142857142852,-0.06682191011235952,-0.06996647058823527,0.4588235294117647,11.5424
high_selected_price_continuation,10,500,-15.078300000000006,385,107,101,-0.0391644155844156,-0.1409186915887851,-0.14929009900990103,0.1782178217821782,15.104450000000007
high_selected_price_continuation,10,750,-16.972535999999998,385,107,101,-0.04408450909090909,-0.1586218317757009,-0.16804491089108908,0.18811881188118812,16.998686
high_selected_price_continuation,10,1000,-14.0673,385,107,101,-0.036538441558441555,-0.13147009345794392,-0.139280198019802,0.18811881188118812,14.0673
high_selected_price_continuation,10,1500,-13.973300000000005,385,107,101,-0.03629428571428573,-0.13059158878504679,-0.1383495049504951,0.2079207920792079,13.973300000000005
high_selected_price_continuation,10,2000,-10.868500000000001,385,103,97,-0.028229870129870133,-0.10551941747572817,-0.11204639175257733,0.2268041237113402,10.8893
high_selected_price_continuation,10,3000,-14.6924,385,100,94,-0.038162077922077924,-0.146924,-0.15630212765957446,0.30851063829787234,16.116999999999997
high_selected_price_continuation,10,4000,-12.6432,385,98,92,-0.03283948051948052,-0.12901224489795918,-0.13742608695652175,0.31521739130434784,14.600600000000002
high_selected_price_continuation,10,5000,-11.669199999999993,385,97,91,-0.030309610389610372,-0.12030103092783498,-0.12823296703296697,0.3516483516483517,14.801649999999995
high_selected_price_continuation,10,7500,-5.456849999999998,385,91,85,-0.014173636363636359,-0.0599653846153846,-0.06419823529411763,0.4588235294117647,10.3642
high_selected_price_continuation,10,10000,-6.255449999999997,385,90,84,-0.01624792207792207,-0.06950499999999997,-0.07446964285714282,0.4523809523809524,11.5424
high_selected_price_continuation,25,500,-15.893850000000004,385,107,95,-0.04128272727272728,-0.14854065420560753,-0.16730368421052635,0.1368421052631579,15.920000000000005
high_selected_price_continuation,25,750,-16.608036000000006,385,107,95,-0.043137755844155856,-0.15521528971962623,-0.17482143157894742,0.15789473684210525,16.634186000000007
high_selected_price_continuation,25,1000,-13.702550000000002,385,107,95,-0.03559103896103897,-0.12806121495327105,-0.14423736842105264,0.15789473684210525,13.702550000000002
high_selected_price_continuation,25,1500,-14.076200000000007,385,107,95,-0.03656155844155846,-0.13155327102803746,-0.14817052631578956,0.17894736842105263,14.076200000000007
high_selected_price_continuation,25,2000,-11.091900000000003,385,106,94,-0.028810129870129878,-0.10464056603773587,-0.11799893617021279,0.2127659574468085,11.102450000000003
high_selected_price_continuation,25,3000,-14.969649999999994,385,103,91,-0.03888220779220778,-0.14533640776699025,-0.1645016483516483,0.2967032967032967,15.938799999999993
high_selected_price_continuation,25,4000,-12.9193,385,101,89,-0.03355662337662338,-0.1279138613861386,-0.14516067415730338,0.30337078651685395,14.474200000000002
high_selected_price_continuation,25,5000,-12.370299999999993,385,100,88,-0.03213064935064933,-0.12370299999999994,-0.14057159090909083,0.3409090909090909,14.623449999999997
high_selected_price_continuation,25,7500,-6.369449999999999,385,94,82,-0.01654402597402597,-0.0677601063829787,-0.07767621951219511,0.45121951219512196,10.237800000000002
high_selected_price_continuation,25,10000,-7.16805,385,93,81,-0.018618311688311687,-0.07707580645161291,-0.08849444444444445,0.4444444444444444,11.416
high_selected_price_continuation,50,500,-15.444900000000004,385,108,89,-0.04011662337662339,-0.14300833333333338,-0.17353820224719105,0.11235955056179775,15.444900000000004
high_selected_price_continuation,50,750,-16.574786000000003,385,108,89,-0.043051392207792215,-0.15347024074074078,-0.1862335505617978,0.12359550561797752,16.574786000000003
high_selected_price_continuation,50,1000,-13.7198,385,108,89,-0.03563584415584416,-0.12703518518518517,-0.15415505617977526,0.1348314606741573,13.7198
high_selected_price_continuation,50,1500,-13.262500000000003,385,108,89,-0.03444805194805196,-0.12280092592592595,-0.1490168539325843,0.1797752808988764,13.262500000000003
high_selected_price_continuation,50,2000,-10.325400000000004,385,107,88,-0.02681922077922079,-0.09649906542056078,-0.11733409090909096,0.20454545454545456,10.325400000000004
high_selected_price_continuation,50,3000,-14.992799999999995,385,104,85,-0.03894233766233765,-0.14416153846153842,-0.17638588235294111,0.2823529411764706,15.590999999999998
high_selected_price_continuation,50,4000,-12.788350000000001,385,102,83,-0.03321649350649351,-0.1253759803921569,-0.1540765060240964,0.2891566265060241,13.971900000000003
high_selected_price_continuation,50,5000,-12.238199999999992,385,101,82,-0.031787532467532444,-0.12117029702970289,-0.14924634146341453,0.32926829268292684,14.067049999999997
high_selected_price_continuation,50,7500,-6.860549999999998,385,95,76,-0.017819610389610385,-0.07221631578947367,-0.09027039473684208,0.42105263157894735,10.038800000000002
high_selected_price_continuation,50,10000,-8.0252,385,94,75,-0.020844675324675325,-0.08537446808510638,-0.10700266666666666,0.41333333333333333,11.529800000000003
high_selected_price_continuation,100,500,-11.885750000000002,385,113,81,-0.030872077922077926,-0.10518362831858409,-0.14673765432098768,0.09876543209876543,11.885750000000002
high_selected_price_continuation,100,750,-13.044636,385,113,81,-0.03388217142857143,-0.11543925663716814,-0.1610448888888889,0.12345679012345678,13.044636
high_selected_price_continuation,100,1000,-10.7423,385,113,81,-0.027902077922077922,-0.09506460176991151,-0.13262098765432098,0.13580246913580246,10.7423
high_selected_price_continuation,100,1500,-10.438750000000006,385,113,81,-0.027113636363636378,-0.09237831858407085,-0.12887345679012352,0.18518518518518517,10.438750000000006
high_selected_price_continuation,100,2000,-8.209600000000005,385,112,80,-0.021323636363636378,-0.07330000000000005,-0.10262000000000007,0.2125,8.209600000000005
high_selected_price_continuation,100,3000,-12.0196,385,109,77,-0.03121974025974026,-0.11027155963302752,-0.1560987012987013,0.2987012987012987,12.942300000000001
high_selected_price_continuation,100,4000,-9.491150000000003,385,107,75,-0.02465233766233767,-0.08870233644859815,-0.1265486666666667,0.28,10.626950000000004
high_selected_price_continuation,100,5000,-9.417249999999994,385,106,74,-0.024460389610389596,-0.08884198113207542,-0.12726013513513507,0.3108108108108108,10.826099999999999
high_selected_price_continuation,100,7500,-5.629049999999998,385,100,68,-0.014620909090909085,-0.05629049999999998,-0.0827801470588235,0.4117647058823529,8.333950000000002
high_selected_price_continuation,100,10000,-6.0916000000000015,385,99,67,-0.015822337662337666,-0.061531313131313145,-0.09091940298507464,0.40298507462686567,9.122850000000003
high_selected_price_continuation,250,500,-12.070600000000006,385,111,73,-0.031352207792207806,-0.1087441441441442,-0.16535068493150692,0.0273972602739726,12.070600000000006
high_selected_price_continuation,250,750,-13.758086000000002,385,111,73,-0.03573528831168832,-0.12394672072072074,-0.18846693150684934,0.0547945205479452,13.758086000000002
high_selected_price_continuation,250,1000,-11.206700000000005,385,111,73,-0.0291083116883117,-0.1009612612612613,-0.15351643835616446,0.0684931506849315,11.206700000000005
high_selected_price_continuation,250,1500,-10.846800000000009,385,111,73,-0.028173506493506518,-0.097718918918919,-0.14858630136986314,0.1232876712328767,10.846800000000009
high_selected_price_continuation,250,2000,-8.63345000000001,385,110,72,-0.02242454545454548,-0.07848590909090919,-0.11990902777777793,0.16666666666666666,8.63345000000001
high_selected_price_continuation,250,3000,-13.144450000000006,385,107,69,-0.034141428571428586,-0.1228453271028038,-0.19049927536231892,0.2318840579710145,13.883800000000003
high_selected_price_continuation,250,4000,-10.815500000000005,385,105,67,-0.028092207792207807,-0.10300476190476196,-0.16142537313432845,0.208955223880597,11.714600000000004
high_selected_price_continuation,250,5000,-10.847299999999999,385,104,66,-0.028174805194805193,-0.10430096153846152,-0.16435303030303028,0.24242424242424243,12.019449999999999
high_selected_price_continuation,250,7500,-7.396800000000004,385,98,60,-0.019212467532467543,-0.0754775510204082,-0.12328000000000007,0.35,9.784250000000004
high_selected_price_continuation,250,10000,-8.099800000000005,385,97,59,-0.021038441558441572,-0.0835030927835052,-0.13728474576271196,0.3389830508474576,11.026800000000005
low_selected_price_reversal,5,500,-21.40105000000001,379,56,56,-0.05646715039577839,-0.3821616071428573,-0.3821616071428573,0.0,21.40105000000001
low_selected_price_reversal,5,750,-23.422200000000004,379,56,56,-0.06180000000000001,-0.4182535714285715,-0.4182535714285715,0.03571428571428571,23.460600000000003
low_selected_price_reversal,5,1000,-23.797600000000003,379,56,56,-0.06279050131926123,-0.4249571428571429,-0.4249571428571429,0.03571428571428571,23.993800000000004
low_selected_price_reversal,5,1500,-23.498650000000005,379,53,53,-0.06200171503957785,-0.44337075471698123,-0.44337075471698123,0.018867924528301886,23.657400000000006
low_selected_price_reversal,5,2000,-20.7709,379,53,53,-0.05480448548812665,-0.3919037735849057,-0.3919037735849057,0.03773584905660377,21.072300000000002
low_selected_price_reversal,5,3000,-16.08580000000001,379,49,49,-0.042442744063324565,-0.32828163265306143,-0.32828163265306143,0.08163265306122448,16.732900000000008
low_selected_price_reversal,5,4000,-14.21765000000001,379,47,47,-0.03751358839050135,-0.3025031914893619,-0.3025031914893619,0.1702127659574468,14.78250000000001
low_selected_price_reversal,5,5000,-14.421800000000008,379,43,43,-0.038052242744063346,-0.3353906976744188,-0.3353906976744188,0.11627906976744186,15.36255000000001
low_selected_price_reversal,5,7500,-18.168700000000012,379,37,37,-0.047938522427440663,-0.49104594594594625,-0.49104594594594625,0.16216216216216217,19.48835000000001
low_selected_price_reversal,5,10000,-12.204850000000002,379,33,33,-0.03220277044854882,-0.36984393939393945,-0.36984393939393945,0.18181818181818182,13.993100000000004
low_selected_price_reversal,10,500,-20.907450000000004,379,56,56,-0.05516477572559368,-0.3733473214285715,-0.3733473214285715,0.0,20.907450000000004
low_selected_price_reversal,10,750,-22.9286,379,56,56,-0.0604976253298153,-0.40943928571428573,-0.40943928571428573,0.03571428571428571,22.967
low_selected_price_reversal,10,1000,-23.304000000000002,379,56,56,-0.061488126649076526,-0.4161428571428572,-0.4161428571428572,0.03571428571428571,23.500200000000003
low_selected_price_reversal,10,1500,-23.053400000000003,379,53,53,-0.060826912928759906,-0.4349698113207548,-0.4349698113207548,0.03773584905660377,23.212150000000005
low_selected_price_reversal,10,2000,-20.32565,379,53,53,-0.0536296833773087,-0.38350283018867926,-0.38350283018867926,0.05660377358490566,20.62705
low_selected_price_reversal,10,3000,-15.69040000000001,379,49,49,-0.041399472295514536,-0.32021224489795935,-0.32021224489795935,0.08163265306122448,16.33750000000001
low_selected_price_reversal,10,4000,-13.822250000000011,379,47,47,-0.036470316622691325,-0.2940904255319151,-0.2940904255319151,0.1702127659574468,14.38710000000001
low_selected_price_reversal,10,5000,-14.02640000000001,379,43,43,-0.03700897097625332,-0.3261953488372095,-0.3261953488372095,0.11627906976744186,14.96715000000001
low_selected_price_reversal,10,7500,-17.822900000000008,379,37,37,-0.04702612137203168,-0.4817000000000002,-0.4817000000000002,0.16216216216216217,19.142550000000007
low_selected_price_reversal,10,10000,-11.859050000000002,379,33,33,-0.031290369393139845,-0.3593651515151516,-0.3593651515151516,0.18181818181818182,13.647300000000003
low_selected_price_reversal,25,500,-20.171400000000002,379,56,56,-0.053222691292876,-0.36020357142857146,-0.36020357142857146,0.0,20.171400000000002
low_selected_price_reversal,25,750,-22.19255,379,56,56,-0.05855554089709763,-0.3962955357142857,-0.3962955357142857,0.03571428571428571,22.27875
low_selected_price_reversal,25,1000,-22.56795,379,56,56,-0.05954604221635884,-0.40299910714285714,-0.40299910714285714,0.03571428571428571,22.81195
low_selected_price_reversal,25,1500,-22.317350000000005,379,53,53,-0.05888482849604223,-0.4210820754716982,-0.4210820754716982,0.03773584905660377,22.523900000000005
low_selected_price_reversal,25,2000,-19.5896,379,53,53,-0.05168759894459103,-0.36961509433962264,-0.36961509433962264,0.05660377358490566,19.9388
low_selected_price_reversal,25,3000,-15.255600000000005,379,49,49,-0.04025224274406334,-0.31133877551020417,-0.31133877551020417,0.08163265306122448,15.950500000000005
low_selected_price_reversal,25,4000,-13.53375000000001,379,47,47,-0.035709102902374695,-0.2879521276595747,-0.2879521276595747,0.1702127659574468,14.146400000000009
low_selected_price_reversal,25,5000,-13.737900000000007,379,43,43,-0.036247757255936694,-0.31948604651162804,-0.31948604651162804,0.11627906976744186,14.726450000000007
low_selected_price_reversal,25,7500,-17.584000000000007,379,37,37,-0.04639577836411611,-0.4752432432432434,-0.4752432432432434,0.16216216216216217,18.951450000000005
low_selected_price_reversal,25,10000,-11.714800000000002,379,33,33,-0.030909762532981534,-0.3549939393939395,-0.3549939393939395,0.18181818181818182,13.550850000000002
low_selected_price_reversal,50,500,-19.4384,379,56,56,-0.05128865435356201,-0.34711428571428576,-0.34711428571428576,0.0,19.4384
low_selected_price_reversal,50,750,-21.459550000000004,379,56,56,-0.05662150395778365,-0.3832062500000001,-0.3832062500000001,0.03571428571428571,21.688250000000004
low_selected_price_reversal,50,1000,-21.834950000000003,379,56,56,-0.05761200527704486,-0.3899098214285715,-0.3899098214285715,0.03571428571428571,22.221450000000004
low_selected_price_reversal,50,1500,-21.58435,379,53,53,-0.056950791556728234,-0.40725188679245283,-0.40725188679245283,0.05660377358490566,21.917650000000002
low_selected_price_reversal,50,2000,-18.8566,379,53,53,-0.049753562005277044,-0.35578490566037735,-0.35578490566037735,0.07547169811320754,19.348300000000002
low_selected_price_reversal,50,3000,-14.821650000000004,379,49,49,-0.039107255936675474,-0.30248265306122457,-0.30248265306122457,0.10204081632653061,15.670750000000005
low_selected_price_reversal,50,4000,-13.15005000000001,379,47,47,-0.03469670184696572,-0.2797882978723406,-0.2797882978723406,0.1702127659574468,13.952100000000009
low_selected_price_reversal,50,5000,-13.354200000000006,379,43,43,-0.03523535620052772,-0.31056279069767456,-0.31056279069767456,0.11627906976744186,14.532150000000009
low_selected_price_reversal,50,7500,-17.200300000000002,379,37,37,-0.04538337730870713,-0.46487297297297303,-0.46487297297297303,0.16216216216216217,18.757150000000003
low_selected_price_reversal,50,10000,-11.426499999999999,379,33,33,-0.030149076517150392,-0.3462575757575757,-0.3462575757575757,0.18181818181818182,13.45195
low_selected_price_reversal,100,500,-17.5087,379,56,56,-0.046197097625329815,-0.31265535714285714,-0.31265535714285714,0.0,17.5087
low_selected_price_reversal,100,750,-19.52985,379,56,56,-0.051529947229551454,-0.3487473214285714,-0.3487473214285714,0.03571428571428571,19.90145
low_selected_price_reversal,100,1000,-19.90525,379,56,56,-0.05252044854881266,-0.3554508928571428,-0.3554508928571428,0.03571428571428571,20.434649999999998
low_selected_price_reversal,100,1500,-20.335549999999998,379,53,53,-0.05365580474934036,-0.3836896226415094,-0.3836896226415094,0.05660377358490566,20.811749999999996
low_selected_price_reversal,100,2000,-17.607800000000005,379,53,53,-0.04645857519788919,-0.33222264150943404,-0.33222264150943404,0.07547169811320754,18.242400000000004
low_selected_price_reversal,100,3000,-13.723000000000004,379,49,49,-0.03620844327176782,-0.280061224489796,-0.280061224489796,0.12244897959183673,14.949900000000003
low_selected_price_reversal,100,4000,-12.101700000000008,379,47,47,-0.031930606860158334,-0.2574829787234044,-0.2574829787234044,0.1702127659574468,13.281550000000006
low_selected_price_reversal,100,5000,-12.305850000000005,379,43,43,-0.03246926121372033,-0.28618255813953497,-0.28618255813953497,0.11627906976744186,13.861600000000005
low_selected_price_reversal,100,7500,-16.340250000000005,379,37,37,-0.04311411609498682,-0.4416283783783785,-0.4416283783783785,0.16216216216216217,18.274900000000002
low_selected_price_reversal,100,10000,-10.70835,379,33,33,-0.028254221635883904,-0.32449545454545453,-0.32449545454545453,0.18181818181818182,13.1116
low_selected_price_reversal,250,500,-13.073303200000005,379,56,54,-0.03449420369393141,-0.23345184285714296,-0.2420982074074075,0.0,13.073303200000005
low_selected_price_reversal,250,750,-15.384917200000007,379,56,54,-0.04059344907651717,-0.2747306642857144,-0.2849058740740742,0.037037037037037035,15.622050000000007
low_selected_price_reversal,250,1000,-15.85766440000001,379,56,54,-0.04184080316622694,-0.28317257857142875,-0.293660451851852,0.037037037037037035,16.15525000000001
low_selected_price_reversal,250,1500,-16.96508080000001,379,53,51,-0.044762746174142505,-0.3200958641509436,-0.3326486431372551,0.0392156862745098,17.16070000000001
low_selected_price_reversal,250,2000,-14.23334,379,53,51,-0.03755498680738786,-0.2685535849056604,-0.27908509803921566,0.1568627450980392,14.5385
low_selected_price_reversal,250,3000,-10.702245600000007,379,49,47,-0.028238115039577853,-0.21841317551020423,-0.2277073531914895,0.19148936170212766,11.550800000000006
low_selected_price_reversal,250,4000,-9.82589560000001,379,47,45,-0.025925845910290263,-0.2090616085106385,-0.21835323555555577,0.2,10.627400000000009
low_selected_price_reversal,250,5000,-10.27653360000001,379,43,41,-0.027114864379947253,-0.23898915348837232,-0.25064716097560996,0.14634146341463414,11.30685000000001
low_selected_price_reversal,250,7500,-14.325901600000005,379,37,35,-0.03779921266490766,-0.3871865297297299,-0.40931147428571446,0.17142857142857143,15.636750000000005
low_selected_price_reversal,250,10000,-9.177428400000004,379,33,31,-0.024214850659630617,-0.27810389090909104,-0.29604607741935496,0.1935483870967742,10.907600000000004
high_selected_price_reversal,5,500,-30.284989999999993,385,112,112,-0.07866231168831167,-0.27040169642857137,-0.27040169642857137,0.03571428571428571,30.758489999999995
high_selected_price_reversal,5,750,-29.8194775,385,112,112,-0.07745318831168832,-0.2662453348214286,-0.2662453348214286,0.017857142857142856,30.4859775
high_selected_price_reversal,5,1000,-29.818417,385,112,112,-0.07745043376623377,-0.2662358660714286,-0.2662358660714286,0.017857142857142856,30.291917
high_selected_price_reversal,5,1500,-29.007899999999996,385,112,112,-0.07534519480519479,-0.2589991071428571,-0.2589991071428571,0.05357142857142857,29.385099999999998
high_selected_price_reversal,5,2000,-30.014649999999996,385,106,106,-0.07796012987012986,-0.28315707547169805,-0.28315707547169805,0.03773584905660377,30.488149999999997
high_selected_price_reversal,5,3000,-25.931699999999992,385,103,103,-0.06735506493506492,-0.25176407766990283,-0.25176407766990283,0.019417475728155338,26.212799999999994
high_selected_price_reversal,5,4000,-26.18564999999999,385,101,101,-0.0680146753246753,-0.2592638613861385,-0.2592638613861385,0.019801980198019802,26.56284999999999
high_selected_price_reversal,5,5000,-29.06247479999999,385,100,100,-0.0754869475324675,-0.2906247479999999,-0.2906247479999999,0.02,29.43967479999999
high_selected_price_reversal,5,7500,-30.742749999999994,385,94,94,-0.07985129870129869,-0.3270505319148935,-0.3270505319148935,0.10638297872340426,31.119949999999996
high_selected_price_reversal,5,10000,-30.825849999999974,385,93,93,-0.0800671428571428,-0.33146075268817177,-0.33146075268817177,0.07526881720430108,31.106949999999976
high_selected_price_reversal,10,500,-29.993489999999994,385,112,111,-0.07790516883116881,-0.26779901785714283,-0.27021162162162154,0.036036036036036036,30.466989999999996
high_selected_price_reversal,10,750,-29.5279775,385,112,111,-0.07669604545454545,-0.26364265625,-0.2660178153153153,0.018018018018018018,30.194477499999998
high_selected_price_reversal,10,1000,-29.526916999999997,385,112,111,-0.0766932909090909,-0.2636331875,-0.26600826126126126,0.018018018018018018,30.000417
high_selected_price_reversal,10,1500,-28.716399999999993,385,112,111,-0.07458805194805193,-0.2563964285714285,-0.25870630630630626,0.05405405405405406,29.093599999999995
high_selected_price_reversal,10,2000,-29.629599999999996,385,106,105,-0.07695999999999999,-0.27952452830188673,-0.28218666666666664,0.0380952380952381,30.103099999999998
high_selected_price_reversal,10,3000,-25.55074999999999,385,103,102,-0.06636558441558439,-0.24806553398058243,-0.25049754901960775,0.0196078431372549,25.831849999999992
high_selected_price_reversal,10,4000,-25.75809999999999,385,101,100,-0.06690415584415581,-0.2550306930693068,-0.2575809999999999,0.02,26.13529999999999
high_selected_price_reversal,10,5000,-28.63492479999999,385,100,99,-0.07437642805194802,-0.2863492479999999,-0.28924166464646456,0.020202020202020204,29.01212479999999
high_selected_price_reversal,10,7500,-30.315199999999994,385,94,93,-0.07874077922077921,-0.3225021276595744,-0.3259698924731182,0.10752688172043011,30.692399999999996
high_selected_price_reversal,10,10000,-30.398299999999974,385,93,92,-0.0789566233766233,-0.3268634408602148,-0.3304163043478258,0.07608695652173914,30.679399999999976
high_selected_price_reversal,25,500,-27.5395095,385,112,110,-0.0715311935064935,-0.24588847767857144,-0.2503591772727273,0.03636363636363636,28.013009500000003
high_selected_price_reversal,25,750,-27.664185500000002,385,112,110,-0.07185502727272727,-0.24700165625,-0.2514925954545455,0.01818181818181818,28.3306855
high_selected_price_reversal,25,1000,-27.738684500000005,385,112,110,-0.07204853116883118,-0.24766682589285718,-0.2521698590909091,0.01818181818181818,28.212184500000006
high_selected_price_reversal,25,1500,-26.928167499999994,385,112,110,-0.06994329220779219,-0.24043006696428565,-0.24480152272727268,0.05454545454545454,27.305367499999996
high_selected_price_reversal,25,2000,-27.970583999999995,385,106,104,-0.07265086753246752,-0.2638734339622641,-0.26894792307692306,0.038461538461538464,28.444083999999997
high_selected_price_reversal,25,3000,-24.29289999999999,385,103,101,-0.06309844155844153,-0.2358533980582523,-0.24052376237623752,0.019801980198019802,24.57399999999999
high_selected_price_reversal,25,4000,-24.45224999999999,385,101,99,-0.06351233766233763,-0.24210148514851473,-0.24699242424242412,0.020202020202020204,24.82944999999999
high_selected_price_reversal,25,5000,-27.377074799999992,385,100,98,-0.07110928519480518,-0.2737707479999999,-0.2793579061224489,0.02040816326530612,27.754274799999994
high_selected_price_reversal,25,7500,-28.627799999999993,385,94,92,-0.07435792207792206,-0.30455106382978714,-0.3111717391304347,0.10869565217391304,29.004999999999995
high_selected_price_reversal,25,10000,-28.710899999999974,385,93,91,-0.07457376623376617,-0.3087193548387094,-0.3155043956043953,0.07692307692307693,28.991999999999976
high_selected_price_reversal,50,500,-27.32538,385,112,107,-0.07097501298701299,-0.24397660714285713,-0.2553773831775701,0.018691588785046728,27.32538
high_selected_price_reversal,50,750,-27.8368275,385,112,107,-0.07230344805194805,-0.2485431026785714,-0.2601572663551402,0.0,27.8368275
high_selected_price_reversal,50,1000,-27.690767000000008,385,112,107,-0.07192407012987015,-0.24723899107142863,-0.2587922149532711,0.009345794392523364,27.690767000000008
high_selected_price_reversal,50,1500,-26.783949999999997,385,112,107,-0.0695687012987013,-0.23914241071428569,-0.25031728971962613,0.04672897196261682,26.783949999999997
high_selected_price_reversal,50,2000,-28.355400000000003,385,106,101,-0.07365038961038962,-0.2675037735849057,-0.2807465346534654,0.019801980198019802,28.355400000000003
high_selected_price_reversal,50,3000,-24.084149999999994,385,103,98,-0.06255623376623375,-0.23382669902912614,-0.24575663265306116,0.0,24.084149999999994
high_selected_price_reversal,50,4000,-24.339599999999987,385,101,96,-0.06321974025974023,-0.24098613861386126,-0.25353749999999986,0.0,24.339599999999987
high_selected_price_reversal,50,5000,-27.26442479999999,385,100,95,-0.07081668779220776,-0.2726442479999999,-0.2869939452631578,0.0,27.26442479999999
high_selected_price_reversal,50,7500,-28.468549999999997,385,94,89,-0.07394428571428571,-0.302856914893617,-0.31987134831460673,0.0898876404494382,28.468549999999997
high_selected_price_reversal,50,10000,-28.455549999999977,385,93,88,-0.07391051948051942,-0.30597365591397824,-0.32335852272727245,0.056818181818181816,28.455549999999977
high_selected_price_reversal,100,500,-24.944879999999998,385,112,106,-0.0647918961038961,-0.22272214285714284,-0.23532905660377357,0.018867924528301886,24.944879999999998
high_selected_price_reversal,100,750,-25.461727499999995,385,112,106,-0.06613435714285713,-0.22733685267857137,-0.24020497641509428,0.018867924528301886,25.461727499999995
high_selected_price_reversal,100,1000,-24.821967,385,112,106,-0.06447264155844155,-0.22162470535714288,-0.2341695,0.009433962264150943,24.821967
high_selected_price_reversal,100,1500,-23.772349999999996,385,112,106,-0.06174636363636363,-0.21225312499999996,-0.22426745283018865,0.04716981132075472,23.772349999999996
high_selected_price_reversal,100,2000,-25.893250000000002,385,106,100,-0.0672551948051948,-0.24427594339622644,-0.2589325,0.02,25.893250000000002
high_selected_price_reversal,100,3000,-21.97595,385,103,97,-0.057080389610389616,-0.2133587378640777,-0.22655618556701032,0.0,21.97595
high_selected_price_reversal,100,4000,-22.284449999999996,385,101,95,-0.0578816883116883,-0.22063811881188114,-0.2345731578947368,0.010526315789473684,22.284449999999996
high_selected_price_reversal,100,5000,-24.817724799999997,385,100,94,-0.06446162285714285,-0.24817724799999996,-0.26401834893617016,0.02127659574468085,24.817724799999997
high_selected_price_reversal,100,7500,-26.11799999999999,385,94,88,-0.06783896103896102,-0.27785106382978714,-0.2967954545454545,0.09090909090909091,26.11799999999999
high_selected_price_reversal,100,10000,-26.254049999999978,385,93,87,-0.06819233766233761,-0.2823016129032256,-0.3017706896551722,0.08045977011494253,26.254049999999978
high_selected_price_reversal,250,500,-21.411939999999998,385,112,105,-0.055615428571428566,-0.19117803571428568,-0.20392323809523807,0.01904761904761905,21.411939999999998
high_selected_price_reversal,250,750,-20.951127499999995,385,112,105,-0.054418512987012974,-0.18706363839285708,-0.19953454761904757,0.02857142857142857,20.951127499999995
high_selected_price_reversal,250,1000,-20.804217,385,112,105,-0.05403692727272728,-0.18575193750000002,-0.19813540000000002,0.009523809523809525,20.804217
high_selected_price_reversal,250,1500,-19.803599999999996,385,112,105,-0.05143792207792207,-0.1768178571428571,-0.18860571428571424,0.047619047619047616,19.803599999999996
high_selected_price_reversal,250,2000,-22.862450000000006,385,106,99,-0.059382987012987026,-0.2156834905660378,-0.23093383838383844,0.020202020202020204,22.862450000000006
high_selected_price_reversal,250,3000,-18.074700000000004,385,103,96,-0.04694727272727273,-0.1754825242718447,-0.18827812500000005,0.03125,18.074700000000004
high_selected_price_reversal,250,4000,-18.33145,385,101,94,-0.04761415584415585,-0.18149950495049505,-0.1950154255319149,0.0425531914893617,18.33145
high_selected_price_reversal,250,5000,-21.0682748,385,100,93,-0.05472279168831169,-0.210682748,-0.22654058924731185,0.043010752688172046,21.0682748
high_selected_price_reversal,250,7500,-23.049049999999998,385,94,87,-0.05986766233766233,-0.24520265957446805,-0.26493160919540226,0.11494252873563218,23.049049999999998
high_selected_price_reversal,250,10000,-22.84604999999999,385,93,86,-0.059340389610389586,-0.24565645161290314,-0.2656517441860464,0.08139534883720931,22.84604999999999
pm_extension_reversal,5,500,-36.14218999999997,209,181,175,-0.17292913875598073,-0.19968060773480648,-0.20652679999999984,0.08,36.61568999999997
pm_extension_reversal,5,750,-34.721377499999974,209,181,175,-0.1661309928229664,-0.19183081491712692,-0.19840787142857128,0.08,35.38787749999997
pm_extension_reversal,5,1000,-34.76806699999998,209,181,175,-0.16635438755980853,-0.192088767955801,-0.19867466857142846,0.08571428571428572,35.24156699999998
pm_extension_reversal,5,1500,-31.096749999999982,209,179,173,-0.14878827751196164,-0.17372486033519544,-0.1797499999999999,0.11560693641618497,31.473949999999984
pm_extension_reversal,5,2000,-33.13289999999996,209,173,167,-0.15853062200956916,-0.1915196531791905,-0.19840059880239494,0.08982035928143713,33.60639999999996
pm_extension_reversal,5,3000,-32.38748999999998,209,167,161,-0.15496406698564583,-0.19393706586826334,-0.20116453416149055,0.06832298136645963,32.66858999999997
pm_extension_reversal,5,4000,-29.846999999999966,209,163,157,-0.14280861244019122,-0.18311042944785255,-0.19010828025477686,0.10191082802547771,30.224199999999968
pm_extension_reversal,5,5000,-32.01727479999998,209,158,152,-0.15319270239234442,-0.20264097974683531,-0.21063996578947355,0.06578947368421052,32.39447479999998
pm_extension_reversal,5,7500,-29.671000000000003,209,147,141,-0.14196650717703352,-0.201843537414966,-0.2104326241134752,0.14893617021276595,30.048200000000005
pm_extension_reversal,5,10000,-34.225550000000005,209,143,137,-0.1637586124401914,-0.23933951048951052,-0.24982153284671538,0.145985401459854,34.5104
pm_extension_reversal,10,500,-34.706189999999985,209,181,172,-0.1660583253588516,-0.19174690607734798,-0.20178017441860457,0.08139534883720931,35.17968999999999
pm_extension_reversal,10,750,-33.335977499999984,209,181,172,-0.15950228468899513,-0.18417667127071816,-0.19381382267441852,0.08139534883720931,34.00247749999998
pm_extension_reversal,10,1000,-33.38266699999998,209,181,172,-0.1597256794258372,-0.18443462430939214,-0.19408527325581382,0.0872093023255814,33.85616699999998
pm_extension_reversal,10,1500,-29.85929999999999,209,179,170,-0.14286746411483248,-0.16681173184357537,-0.17564294117647053,0.11176470588235295,30.236499999999992
pm_extension_reversal,10,2000,-31.70104999999996,209,173,164,-0.15167966507177014,-0.18324306358381479,-0.1932990853658534,0.09146341463414634,32.17454999999996
pm_extension_reversal,10,3000,-31.95493999999997,209,167,158,-0.1528944497607654,-0.19134694610778424,-0.20224645569620234,0.06329113924050633,32.23603999999997
pm_extension_reversal,10,4000,-29.174549999999964,209,163,154,-0.13959114832535868,-0.17898496932515315,-0.18944512987012965,0.09740259740259741,29.551749999999966
pm_extension_reversal,10,5000,-31.240324799999982,209,158,149,-0.14947523827751188,-0.19772357468354418,-0.20966660939597304,0.06040268456375839,31.617524799999984
pm_extension_reversal,10,7500,-28.767049999999998,209,148,139,-0.1376413875598086,-0.19437195945945945,-0.2069571942446043,0.1510791366906475,29.14425
pm_extension_reversal,10,10000,-33.4709,209,144,135,-0.16014784688995215,-0.23243680555555557,-0.2479325925925926,0.14814814814814814,33.75574999999999
pm_extension_reversal,25,500,-33.53925949999997,209,181,168,-0.16047492583732043,-0.18529977624309377,-0.19963844940476175,0.05952380952380952,34.01275949999997
pm_extension_reversal,25,750,-33.30923549999998,209,181,168,-0.15937433253588507,-0.18402892541436452,-0.1982692589285713,0.07142857142857142,33.97573549999998
pm_extension_reversal,25,1000,-33.734584499999976,209,181,168,-0.1614094952153109,-0.18637891988950261,-0.20080109821428557,0.07738095238095238,34.20808449999998
pm_extension_reversal,25,1500,-29.59796749999999,209,181,168,-0.14161706937799037,-0.16352468232044193,-0.1761783779761904,0.11904761904761904,29.97516749999999
pm_extension_reversal,25,2000,-31.270833999999983,209,175,162,-0.1496212153110047,-0.1786904799999999,-0.19302983950617272,0.09876543209876543,31.744333999999984
pm_extension_reversal,25,3000,-29.022349999999975,209,169,156,-0.13886291866028697,-0.17172988165680458,-0.18604070512820498,0.07692307692307693,29.303449999999977
pm_extension_reversal,25,4000,-27.945399999999964,209,166,153,-0.13371004784688978,-0.1683457831325299,-0.18264967320261413,0.0915032679738562,28.322599999999966
pm_extension_reversal,25,5000,-29.761924799999985,209,161,148,-0.14240155406698557,-0.18485667577639742,-0.20109408648648638,0.06756756756756757,30.139124799999987
pm_extension_reversal,25,7500,-26.958849999999995,209,151,138,-0.12898971291866027,-0.17853543046357612,-0.19535398550724634,0.15942028985507245,27.336049999999997
pm_extension_reversal,25,10000,-32.11674999999999,209,147,134,-0.1536686602870813,-0.21848129251700674,-0.23967723880597006,0.1417910447761194,32.40159999999998
pm_extension_reversal,50,500,-34.18152999999999,209,182,160,-0.16354799043062196,-0.18781060439560432,-0.21363456249999993,0.03125,34.18152999999999
pm_extension_reversal,50,750,-34.30797749999999,209,182,160,-0.16415300239234445,-0.18850537087912084,-0.21442485937499994,0.03125,34.30797749999999
pm_extension_reversal,50,1000,-34.41781699999998,209,182,160,-0.16467855023923433,-0.1891088846153845,-0.21511135624999986,0.04375,34.41781699999998
pm_extension_reversal,50,1500,-30.603649999999995,209,182,160,-0.14642894736842102,-0.16815192307692306,-0.19127281249999997,0.09375,30.603649999999995
pm_extension_reversal,50,2000,-32.35989999999999,209,176,154,-0.15483205741626788,-0.1838630681818181,-0.21012922077922072,0.06493506493506493,32.35989999999999
pm_extension_reversal,50,3000,-28.087849999999978,209,171,149,-0.13439162679425826,-0.16425643274853788,-0.18850906040268442,0.04697986577181208,28.087849999999978
pm_extension_reversal,50,4000,-27.400799999999975,209,168,146,-0.13110430622009558,-0.16309999999999986,-0.18767671232876695,0.07534246575342465,27.400799999999975
pm_extension_reversal,50,5000,-29.909424799999986,209,163,141,-0.14310729569377983,-0.18349340368098152,-0.21212358014184388,0.0425531914893617,29.909424799999986
pm_extension_reversal,50,7500,-29.894749999999974,209,153,131,-0.1430370813397128,-0.19539052287581682,-0.22820419847328224,0.12213740458015267,29.894749999999974
pm_extension_reversal,50,10000,-31.02834999999996,209,151,129,-0.1484610047846888,-0.2054857615894037,-0.24052984496124,0.13178294573643412,31.03209999999996
pm_extension_reversal,100,500,-31.09847999999999,209,182,150,-0.14879655502392342,-0.1708707692307692,-0.20732319999999993,0.02666666666666667,31.09847999999999
pm_extension_reversal,100,750,-32.00842749999998,209,182,150,-0.15315037081339705,-0.17587048076923067,-0.21338951666666656,0.02666666666666667,32.00842749999998
pm_extension_reversal,100,1000,-31.672916999999984,209,182,150,-0.15154505741626786,-0.1740270164835164,-0.2111527799999999,0.02666666666666667,31.672916999999984
pm_extension_reversal,100,1500,-28.868999999999993,209,182,150,-0.13812918660287077,-0.15862087912087908,-0.19245999999999996,0.06666666666666667,28.868999999999993
pm_extension_reversal,100,2000,-30.11009999999999,209,176,144,-0.14406746411483248,-0.17108011363636358,-0.20909791666666658,0.0625,30.11009999999999
pm_extension_reversal,100,3000,-25.23244999999999,209,171,139,-0.12072942583732052,-0.14755818713450286,-0.181528417266187,0.050359712230215826,25.23244999999999
pm_extension_reversal,100,4000,-24.744849999999985,209,168,136,-0.11839641148325351,-0.1472907738095237,-0.18194742647058812,0.0661764705882353,24.744849999999985
pm_extension_reversal,100,5000,-27.538424799999994,209,165,133,-0.13176279808612437,-0.1668995442424242,-0.20705582556390972,0.06015037593984962,27.538424799999994
pm_extension_reversal,100,7500,-28.57059999999999,209,157,125,-0.13670143540669852,-0.18197834394904452,-0.2285647999999999,0.136,28.57059999999999
pm_extension_reversal,100,10000,-27.800999999999963,209,156,124,-0.13301913875598068,-0.17821153846153823,-0.22420161290322552,0.13709677419354838,27.800999999999963
pm_extension_reversal,250,500,-26.92189,209,180,148,-0.12881287081339712,-0.14956605555555555,-0.18190466216216217,0.02027027027027027,26.92189
pm_extension_reversal,250,750,-26.8537275,209,180,148,-0.12848673444976078,-0.149187375,-0.18144410472972974,0.02702702702702703,26.8537275
pm_extension_reversal,250,1000,-27.011067,209,180,148,-0.12923955502392345,-0.15006148333333333,-0.18250720945945947,0.02027027027027027,27.011067
pm_extension_reversal,250,1500,-23.802299999999992,209,180,148,-0.11388660287081336,-0.13223499999999996,-0.1608263513513513,0.06756756756756757,23.802299999999992
pm_extension_reversal,250,2000,-26.03125,209,174,142,-0.12455143540669857,-0.14960488505747127,-0.183318661971831,0.056338028169014086,26.03125
pm_extension_reversal,250,3000,-20.788449999999997,209,169,137,-0.09946626794258372,-0.1230085798816568,-0.1517405109489051,0.06569343065693431,20.788449999999997
pm_extension_reversal,250,4000,-21.155249999999995,209,166,134,-0.10122129186602868,-0.12744126506024092,-0.15787499999999996,0.09701492537313433,21.155249999999995
pm_extension_reversal,250,5000,-24.076024799999992,209,162,130,-0.11519629090909086,-0.14861743703703698,-0.1852001907692307,0.06923076923076923,24.076024799999992
pm_extension_reversal,250,7500,-25.10849999999999,209,155,123,-0.12013636363636358,-0.16199032258064508,-0.20413414634146332,0.13821138211382114,25.10849999999999
pm_extension_reversal,250,10000,-23.999849999999984,209,154,122,-0.1148318181818181,-0.15584318181818171,-0.196720081967213,0.13934426229508196,23.999849999999984
